431	263	74	81
439	263	72	77
452	257	71	73
460	256	73	75
475	253	67	72
484	254	67	71
493	253	68	72
503	252	68	72
511	252	66	72
519	251	67	73
527	250	68	73
537	250	68	74
545	249	70	75
554	248	70	76
565	248	70	77
576	249	71	76
590	248	71	78
606	248	70	75
622	248	69	74
638	247	70	77
654	247	71	78
673	244	69	80
688	243	73	83
699	241	78	82
709	236	76	82
716	232	75	82
720	229	73	81
720	229	71	78
723	226	71	76
725	226	69	72
726	227	67	71
725	228	67	72
718	230	69	72
715	231	70	74
709	231	69	72
703	233	68	71
696	233	68	72
690	234	67	72
681	236	68	73
667	236	69	75
655	239	70	77
646	242	70	75
635	243	71	75
629	244	69	74
622	246	69	75
617	247	68	74
611	247	68	73
607	247	67	71
605	248	66	69
606	249	65	68
606	247	66	69
607	246	68	69
611	246	68	71
616	245	68	72
620	244	68	71
623	244	68	70
626	244	69	69
627	244	67	68
628	244	67	67
627	244	68	68
623	244	71	68
618	243	71	69
615	242	70	70
610	242	72	72
605	243	67	72
603	243	69	70
601	242	67	71
600	242	67	69
597	242	67	71
595	241	66	70
591	241	66	72
589	241	66	70
586	241	65	73
580	243	67	71
575	243	66	71
571	245	66	71
566	245	67	70
561	244	67	70
554	242	68	72
548	240	68	72
542	239	68	71
533	239	68	72
525	238	67	71
515	237	68	74
507	239	67	73
497	241	66	75
489	241	65	74
479	243	65	75
469	243	66	75
463	242	65	72
455	239	66	74
450	236	67	74
445	233	67	76
440	231	69	74
437	230	66	71
433	233	66	72
430	235	68	73
428	235	67	72
426	237	67	72
426	238	67	71
426	238	67	71
423	239	68	73
423	239	67	69
423	238	66	70
420	239	66	72
417	240	67	71
415	240	67	73
414	241	67	71
412	242	65	71
411	241	65	70
409	241	65	72
409	241	65	69
408	241	65	71
408	242	66	70
408	241	65	69
408	241	65	70
408	241	66	71
407	241	65	71
407	242	66	70
407	242	66	70
405	242	67	71
405	242	66	70
406	244	69	68
404	243	68	69
404	243	68	70
406	243	68	71
406	242	70	74
408	243	70	72
412	242	71	73
417	242	71	75
423	242	71	75
428	242	71	74
436	243	71	74
443	243	71	75
453	243	70	76
460	244	72	75
466	243	72	77
475	244	72	75
482	243	74	77
491	241	72	77
496	237	72	77
501	235	72	79
507	230	73	79
508	230	75	80
512	229	73	77
516	230	73	79
520	237	73	79
525	246	72	78
531	253	70	79
537	256	69	81
544	259	69	77
548	262	71	75
552	261	70	76
552	260	71	77
545	256	76	81
539	255	79	80
531	255	76	80
522	260	81	78
555	266	77	74
567	266	70	68
569	266	68	66
568	265	68	66
565	266	67	67
563	266	66	64
558	266	66	65
555	265	67	64
549	266	66	64
544	265	68	63
541	266	67	62
534	265	67	64
527	264	68	65
519	264	70	67
513	264	69	68
506	265	69	68
498	265	68	67
490	265	69	67
484	265	68	67
479	266	66	64
473	263	66	63
467	264	66	63
461	262	65	61
455	262	68	64
451	262	66	62
447	262	67	63
444	262	67	63
443	261	65	62
443	261	64	62
445	259	63	62
447	259	63	62
449	257	63	62
450	257	64	63
452	258	63	61
451	256	63	62
451	256	64	63
450	258	62	61
446	258	63	64
445	261	63	61
441	259	63	66
438	263	64	64
433	263	66	68
430	269	66	66
425	273	67	66
421	280	69	64
417	286	69	68
413	295	70	69
411	304	70	69
410	309	71	68
408	315	71	68
408	319	70	68
408	323	70	68
408	327	71	70
409	331	71	70
409	337	70	69
408	342	70	70
408	349	71	70
407	355	71	72
406	360	70	70
405	362	70	72
403	364	70	72
402	362	71	75
401	360	70	76
399	359	70	75
399	356	71	75
397	357	71	75
397	356	72	74
397	355	71	75
399	353	71	75
401	352	70	75
405	352	69	76
408	351	69	75
411	351	69	75
412	350	71	77
412	347	72	79
412	344	71	79
412	341	70	77
410	336	71	76
409	332	72	75
407	328	71	75
405	324	71	73
404	320	71	74
404	315	70	73
403	315	71	78
404	312	70	71
405	312	68	77
406	310	67	75
408	308	66	78
409	306	67	76
410	304	67	75
411	302	67	76
412	301	67	76
411	302	67	76
409	300	67	74
407	300	68	72
407	300	67	73
407	300	67	77
407	298	68	74
406	296	68	75
406	295	68	69
407	291	67	67
409	287	69	69
414	285	68	73
426	285	69	78
433	276	70	82
443	261	91	84
551	163	79	81
551	164	76	81
547	170	75	80
544	173	74	78
537	177	74	77
530	175	74	76
523	173	75	75
514	167	79	78
503	163	80	83
489	164	81	86
476	168	82	88
464	171	82	88
451	178	80	90
439	180	81	88
430	183	80	86
421	184	79	84
413	184	77	82
408	185	75	79
406	186	76	78
405	186	73	76
405	187	73	78
406	187	74	79
409	187	75	80
411	187	76	80
413	186	77	80
416	186	77	82
418	186	77	81
420	186	78	80
422	186	77	81
424	186	77	81
424	187	77	80
424	187	76	78
425	187	77	79
427	187	76	80
428	188	77	80
431	189	77	81
437	191	75	84
443	194	75	83
450	199	75	83
458	205	75	80
468	207	73	79
478	211	72	76
486	210	71	79
492	210	73	76
496	208	74	78
499	202	74	80
502	193	76	82
504	185	77	82
507	180	77	81
509	179	79	83
514	182	79	87
520	189	78	87
524	195	79	88
530	201	79	87
535	205	80	88
547	207	77	81
555	205	77	81
562	203	78	83
571	198	77	84
577	195	76	85
582	192	76	84
585	191	76	80
586	189	77	79
586	188	76	78
585	188	76	79
584	188	74	81
577	191	77	80
571	190	78	81
564	194	78	82
556	196	77	79
547	199	76	77
537	201	76	78
531	204	75	78
525	206	75	79
522	210	73	80
518	211	72	77
515	213	72	78
513	215	72	75
514	216	70	73
515	218	71	74
515	221	70	72
516	223	70	72
518	225	70	73
518	228	71	72
519	230	71	72
519	231	71	72
519	233	71	73
519	233	71	71
519	233	71	72
519	232	72	73
522	230	73	74
524	228	72	75
528	225	72	79
533	221	75	80
541	218	74	81
551	213	77	79
561	207	77	80
574	202	78	82
590	199	77	81
603	198	78	81
620	194	76	79
630	189	78	78
637	185	84	78
642	179	84	80
649	176	83	79
654	174	83	79
658	173	83	80
664	174	85	80
668	177	85	77
672	177	85	78
677	178	84	76
681	178	84	77
684	178	83	77
685	179	84	77
687	178	84	78
688	178	85	81
689	177	87	84
691	178	88	83
692	177	89	84
694	176	90	85
694	177	90	86
695	178	90	85
694	178	90	84
694	177	91	85
689	182	91	84
684	184	93	84
679	182	93	88
673	185	92	88
669	187	92	88
665	187	93	88
663	188	93	88
660	190	90	87
658	194	89	86
655	197	88	86
654	202	88	86
651	206	88	83
650	207	87	83
649	208	86	81
650	211	83	77
654	211	80	76
660	209	81	77
669	209	81	78
682	204	82	82
694	204	82	87
708	207	82	87
719	213	81	82
733	219	80	81
745	221	82	82
756	222	79	80
762	220	78	81
768	218	77	81
770	219	77	79
771	218	76	78
767	220	76	77
757	221	79	81
750	229	80	79
739	234	81	77
726	238	78	78
712	242	79	76
696	240	79	83
680	240	80	84
663	240	78	80
644	237	79	79
630	231	79	81
615	226	78	79
599	224	76	72
586	224	73	71
573	227	70	68
563	233	66	67
550	239	67	68
529	244	75	72
521	247	73	73
508	250	79	77
494	251	91	81
480	254	78	77
470	250	75	75
463	244	74	72
455	239	71	68
449	232	72	68
446	227	72	67
443	224	71	67
440	225	71	67
437	227	70	67
435	228	69	67
435	228	70	68
435	227	70	69
435	227	71	69
437	225	71	68
439	224	72	69
443	223	72	70
448	223	72	70
453	224	71	70
458	223	72	70
461	224	72	69
462	223	71	70
460	223	71	70
455	223	70	69
448	224	72	70
440	225	71	71
431	227	71	71
422	229	71	71
413	230	70	71
402	232	71	70
393	232	72	72
386	234	70	70
380	237	70	68
373	240	70	67
371	242	69	67
370	244	69	66
373	246	69	67
381	248	69	69
390	247	69	73
402	247	69	73
412	248	70	72
423	245	71	71
429	239	73	71
435	230	73	69
445	224	73	68
452	221	73	68
462	222	73	66
470	224	73	68
482	229	72	66
497	237	69	65
509	241	72	64
520	244	70	65
530	246	69	66
536	242	68	65
576	205	76	84
574	212	77	81
573	223	78	77
574	226	77	78
575	230	77	76
573	233	78	76
569	235	79	76
566	236	78	76
563	239	76	74
562	241	76	75
561	243	76	76
557	245	77	73
554	245	76	76
550	247	76	76
544	248	76	75
537	250	74	75
529	250	74	73
522	252	73	75
512	254	75	75
501	254	75	75
488	256	75	76
475	258	75	77
464	258	77	75
454	258	77	75
444	258	78	75
436	258	74	73
428	255	73	73
423	256	72	70
420	255	73	74
415	253	75	74
414	253	74	72
413	254	74	71
412	252	75	72
414	251	76	73
415	249	77	75
418	248	76	75
419	248	76	75
419	246	75	74
418	246	75	73
417	244	74	74
414	246	71	73
406	245	73	73
402	245	71	74
393	245	71	74
384	247	72	73
371	249	75	75
359	251	75	75
346	255	76	74
334	254	75	75
324	255	75	75
317	254	74	75
310	257	72	74
303	256	72	73
297	256	72	74
292	258	73	75
288	258	74	73
287	257	75	75
289	256	76	74
295	254	75	74
300	252	76	73
306	249	76	73
315	247	74	73
320	245	75	73
324	244	74	74
329	244	75	76
332	243	75	74
337	243	73	74
337	243	74	73
339	243	75	74
340	242	75	73
341	243	75	73
342	242	75	74
345	242	75	74
349	243	76	75
355	242	77	76
363	241	75	75
372	240	76	76
383	238	75	75
394	237	75	74
406	234	75	74
419	228	76	76
432	223	78	75
445	219	77	75
455	214	77	73
468	210	77	74
478	207	80	75
492	203	81	78
505	201	78	76
516	200	76	76
522	198	77	76
529	197	75	74
530	197	76	73
532	197	76	73
535	196	75	73
538	193	76	74
542	193	76	72
547	193	76	72
552	194	75	71
558	195	76	71
564	197	76	69
574	200	75	68
582	201	78	69
597	202	77	74
610	202	78	74
621	199	79	77
635	196	82	78
649	194	82	77
660	193	82	77
671	190	81	77
679	189	81	78
687	188	82	78
694	188	82	78
701	188	80	78
705	189	79	75
708	189	77	75
709	188	78	75
710	188	78	75
708	188	79	74
710	189	77	73
709	187	78	74
709	188	78	74
710	188	77	74
708	187	79	76
709	189	78	76
708	188	78	77
708	188	78	77
706	187	79	78
706	189	78	77
706	188	78	77
706	189	78	78
706	188	79	80
707	192	81	79
709	196	82	79
713	204	81	75
717	210	80	74
723	221	78	76
724	233	82	77
728	238	82	81
732	247	82	79
733	255	83	78
734	259	84	80
736	267	83	80
739	273	82	76
741	276	82	80
741	280	83	79
740	285	81	80
742	289	82	81
742	292	82	76
742	298	81	78
742	297	81	76
742	298	82	78
743	301	81	76
742	297	80	78
743	297	80	78
743	297	80	79
743	295	81	79
743	295	81	80
743	293	82	79
743	293	81	77
743	295	80	78
743	291	80	79
741	293	81	80
737	290	81	79
733	286	82	79
729	283	85	77
623	241	65	70
623	242	64	69
623	240	65	70
624	240	64	70
623	242	65	69
623	242	65	70
624	241	63	72
624	239	63	71
624	235	63	72
624	233	64	72
624	231	64	72
624	230	63	71
623	228	64	70
620	227	65	68
616	226	68	69
610	229	69	67
601	232	68	65
593	233	69	68
587	238	69	66
581	241	68	65
575	242	67	66
569	242	69	68
565	241	68	69
563	241	68	70
562	240	68	68
564	239	66	66
564	237	68	67
567	234	67	65
570	233	66	67
572	234	65	67
573	234	65	67
572	234	66	66
570	235	66	67
567	236	66	66
561	235	66	67
555	237	66	65
548	238	65	65
540	238	65	64
536	241	64	63
529	241	64	63
524	242	65	62
519	244	63	62
512	244	65	64
507	245	66	64
503	244	66	66
501	245	67	65
499	245	67	65
499	246	67	65
498	246	68	66
499	245	69	65
504	246	70	66
510	245	71	67
515	244	73	69
523	246	74	69
532	246	74	68
539	248	75	71
550	246	71	70
559	245	70	68
566	243	69	67
570	241	70	68
574	243	70	68
578	242	70	66
581	242	70	69
584	242	70	67
585	242	70	67
587	243	70	68
590	242	69	67
593	242	69	66
595	242	69	67
596	242	70	67
598	243	69	67
598	241	69	67
599	242	67	65
599	242	67	66
599	242	67	67
598	241	69	68
599	240	69	67
600	240	68	68
601	240	68	67
601	240	68	67
601	240	68	67
598	239	69	67
598	241	66	67
597	241	67	68
596	240	67	68
595	241	68	71
594	241	69	71
592	243	68	71
589	245	68	72
585	244	69	73
581	248	69	71
575	248	71	71
569	248	70	71
564	249	69	72
560	247	69	71
555	246	69	72
552	246	68	69
550	246	69	68
549	246	69	67
548	245	69	69
546	243	71	69
545	242	70	70
544	242	70	71
543	243	71	67
543	241	71	70
543	241	71	69
542	240	71	70
541	240	71	68
541	240	70	71
542	240	69	67
541	242	68	68
541	243	68	66
542	242	67	67
542	240	67	66
541	240	67	67
542	240	68	69
541	238	69	70
541	240	70	70
540	238	71	71
541	239	71	70
543	241	71	70
544	240	71	70
547	240	72	70
552	241	71	70
557	242	72	72
565	246	72	71
574	248	70	70
584	250	70	69
592	251	73	69
603	251	72	70
614	250	73	72
624	248	71	70
633	246	73	68
644	243	72	68
653	240	70	68
661	238	70	67
667	237	70	64
674	234	68	66
679	234	69	64
685	235	68	61
691	238	67	58
696	243	67	57
703	242	62	55
709	241	62	55
711	234	65	59
731	193	83	80
730	190	86	80
728	190	86	85
730	189	85	82
728	190	84	81
729	192	80	79
725	195	84	78
725	193	86	79
665	233	68	69
653	239	69	63
646	240	68	67
639	246	68	67
632	249	69	66
629	247	69	70
627	247	67	67
625	245	68	65
623	245	66	64
621	246	65	62
620	247	64	60
617	246	66	64
616	246	66	64
615	245	67	63
615	246	66	64
613	246	66	64
613	246	67	62
613	246	67	63
614	246	67	63
614	247	68	63
614	247	68	63
614	246	69	66
614	245	70	64
616	244	69	65
617	245	69	63
617	245	69	63
619	244	68	63
618	243	69	63
615	242	70	63
613	243	70	63
612	243	68	63
609	242	69	61
604	241	70	63
603	239	74	64
596	238	74	59
595	239	68	60
591	238	69	61
588	237	69	61
586	237	68	61
584	238	68	61
582	238	68	62
581	237	68	61
580	237	69	62
579	235	72	63
578	233	72	63
577	235	68	60
576	235	67	60
576	236	66	59
576	236	67	62
574	236	67	64
574	236	68	64
572	236	69	67
571	236	70	68
570	236	70	67
569	235	71	67
565	235	72	69
564	233	74	69
562	233	73	70
560	232	78	72
561	229	89	68
555	232	74	65
553	232	76	68
554	234	74	68
549	233	77	70
547	236	75	67
544	236	75	68
542	236	75	68
541	236	75	67
537	237	75	66
537	235	74	66
538	236	73	66
537	236	74	66
538	236	74	66
537	236	75	67
537	234	75	67
539	235	75	67
540	234	75	66
541	235	76	66
544	234	75	65
544	234	75	66
544	233	76	66
547	234	75	66
547	232	76	65
547	230	79	67
548	233	75	66
549	232	74	66
547	232	74	67
544	231	75	68
545	231	74	68
543	231	76	66
546	232	74	65
548	231	74	65
551	231	73	65
554	231	71	64
557	231	69	64
599	205	70	73
596	201	69	74
592	202	69	72
587	202	69	71
588	202	68	71
584	199	70	73
581	201	71	74
579	195	71	75
578	195	72	76
576	194	72	77
576	197	71	77
578	197	68	77
577	199	68	74
574	198	68	75
574	197	68	75
573	197	68	76
573	198	67	74
573	197	67	76
572	197	67	76
571	196	69	77
570	199	69	74
569	198	68	74
571	202	67	70
568	199	68	72
567	199	69	72
568	200	69	71
569	199	70	72
569	199	70	72
569	198	71	72
571	199	71	72
568	199	71	72
570	202	68	70
569	201	68	71
570	201	68	72
569	201	68	71
569	201	68	71
568	200	69	71
570	200	68	71
569	201	68	72
570	201	67	71
570	201	67	72
570	201	66	71
571	201	66	72
571	200	67	73
572	201	67	73
573	199	67	74
574	200	67	74
575	201	67	73
576	199	68	74
577	202	68	72
577	200	68	73
576	200	69	74
577	199	68	73
578	199	69	74
576	198	70	74
578	199	68	73
577	199	69	72
576	199	69	72
572	199	71	72
566	200	69	72
560	201	71	72
553	202	71	72
547	201	72	70
539	203	72	71
527	204	76	70
518	204	75	73
508	206	76	72
497	208	77	72
485	208	77	71
474	209	77	74
463	209	76	76
451	209	76	78
441	209	76	75
434	208	74	76
427	208	73	72
421	207	74	74
416	206	74	74
412	204	76	74
409	204	77	74
408	204	76	74
405	203	77	75
404	203	78	75
405	202	77	75
405	202	77	75
406	202	78	75
408	202	77	75
407	203	78	74
407	202	78	75
408	202	78	76
408	202	77	76
408	203	77	77
408	203	78	75
406	202	79	76
403	202	79	74
402	204	76	74
399	205	74	73
397	206	73	73
397	207	72	73
393	206	74	73
393	207	73	72
391	207	73	73
388	207	73	73
388	207	73	74
386	207	74	74
385	207	74	74
385	207	74	75
384	207	75	75
383	208	75	76
383	207	76	75
383	207	76	76
382	207	77	76
381	207	77	77
381	207	77	77
380	207	77	76
379	207	77	77
380	207	77	77
379	207	78	77
379	207	78	76
379	207	79	76
379	207	79	76
379	207	79	76
380	207	79	77
380	207	79	77
380	207	80	77
381	207	80	76
381	206	79	76
382	207	79	76
383	205	80	77
383	207	79	76
383	206	80	76
384	206	79	77
383	206	80	77
383	205	80	76
384	207	78	76
384	206	80	76
385	206	79	76
384	206	80	76
385	205	80	76
385	206	79	77
386	206	79	76
386	205	80	76
386	205	79	77
387	205	79	76
387	205	78	76
388	205	79	76
388	205	79	76
388	206	79	76
388	206	79	75
389	205	78	75
389	206	79	75
390	206	79	76
390	206	79	75
392	206	79	75
392	207	79	76
393	207	79	74
392	207	78	75
393	206	78	74
393	207	78	75
392	206	78	73
392	206	78	75
393	206	78	74
393	207	77	75
392	207	77	74
392	206	77	74
392	206	75	75
391	206	77	73
392	205	76	75
391	205	76	74
392	205	76	74
392	205	76	75
392	205	75	73
393	204	75	73
392	203	76	74
392	203	76	73
391	202	76	74
391	202	76	74
393	202	76	75
394	203	78	76
397	202	80	76
401	203	79	76
406	203	79	76
412	203	79	74
419	203	79	75
427	204	78	75
436	204	78	74
445	206	79	74
459	206	78	74
472	206	77	74
486	207	77	73
499	205	77	73
511	202	77	73
522	200	76	74
527	197	80	75
535	195	79	76
539	194	81	75
544	194	80	75
550	193	79	75
552	192	81	76
555	193	79	75
557	193	78	75
558	193	77	76
559	195	78	75
559	195	77	75
560	194	77	75
560	195	76	75
561	196	76	73
565	199	73	73
569	197	72	75
574	196	70	75
576	197	71	76
581	198	69	73
584	199	68	70
588	199	70	69
594	200	66	71
598	199	65	68
598	198	68	69
601	196	67	71
603	197	67	72
604	195	67	72
601	196	69	73
597	197	69	71
591	199	68	71
585	199	68	71
577	198	69	73
568	199	68	72
559	201	69	71
550	201	70	72
542	202	71	71
533	201	71	73
523	202	72	72
515	204	70	74
508	204	71	72
501	207	70	72
496	210	70	73
491	213	70	72
487	216	71	71
483	218	71	72
483	221	70	69
483	225	69	69
485	229	68	69
488	232	69	70
493	237	70	69
500	241	71	69
511	244	71	67
519	246	71	70
528	247	69	71
534	248	69	73
538	247	70	73
541	247	70	75
542	247	71	74
544	248	71	73
545	249	70	71
543	250	71	72
543	252	70	72
542	254	71	73
540	255	71	73
537	256	72	74
536	256	71	75
532	257	72	76
531	257	71	75
528	257	71	75
529	257	70	73
527	258	71	72
529	258	70	72
531	259	70	74
534	258	71	75
537	259	70	75
540	260	70	74
541	260	71	73
543	259	70	73
543	259	71	72
545	259	69	72
543	258	71	73
542	258	71	72
541	257	73	72
539	256	75	72
538	255	77	71
538	255	76	71
539	255	77	72
539	255	78	74
539	253	80	75
539	250	81	75
541	250	81	74
545	250	81	75
548	250	82	76
553	250	83	76
564	251	81	75
572	251	81	77
581	250	82	78
590	252	81	77
601	253	80	76
614	253	85	76
627	253	85	77
638	251	86	79
651	250	84	78
662	247	83	78
669	246	87	78
677	242	85	79
685	241	85	79
690	240	85	77
697	239	82	77
701	239	83	77
706	237	84	78
709	237	84	78
713	236	84	78
715	236	85	79
718	235	84	80
720	234	86	80
722	234	86	79
723	234	86	78
724	233	86	79
724	232	86	80
727	230	86	82
726	231	87	80
727	231	88	80
727	230	88	81
728	230	87	80
728	231	87	79
727	231	86	79
727	230	88	80
725	231	89	80
722	231	88	80
719	231	87	80
716	232	87	79
713	233	87	80
709	235	84	79
702	239	83	77
694	241	83	78
683	243	86	79
674	246	84	77
661	248	86	76
648	251	86	80
633	254	87	79
619	257	86	78
604	258	87	81
594	260	84	78
582	261	80	80
570	259	82	83
558	259	84	85
552	261	81	82
546	259	80	79
541	259	79	77
534	260	81	76
529	260	80	78
526	260	79	77
524	260	77	76
522	261	77	75
520	260	77	76
519	261	76	77
518	261	77	77
518	260	76	77
518	261	76	77
518	260	75	77
519	258	75	78
519	258	75	77
520	257	74	78
521	256	74	78
523	256	76	79
524	256	77	78
527	255	77	78
529	255	77	76
531	254	76	77
533	252	76	76
535	249	76	75
535	245	75	75
536	241	75	76
537	237	76	75
542	233	77	75
546	229	76	74
551	225	76	75
556	222	76	75
563	219	76	75
569	216	76	70
546	208	96	81
541	146	124	119
570	135	134	119
598	136	137	113
645	133	130	114
677	120	133	119
705	114	141	116
728	103	149	119
759	95	151	120
790	85	148	113
819	77	136	114
831	62	126	127
843	52	116	129
851	54	108	125
863	60	94	159
883	140	72	240
895	162	64	276
874	212	83	176
856	269	103	159
821	265	138	163
615	426	114	140
564	427	149	139
549	416	164	141
510	211	94	98
501	208	86	86
496	211	80	80
488	212	79	77
481	213	79	75
477	214	79	73
475	215	78	73
475	215	78	74
475	216	79	75
477	217	79	76
481	219	79	76
486	222	78	74
488	223	78	75
488	224	78	76
489	226	78	75
486	227	78	73
484	227	76	71
482	226	74	73
479	225	72	74
475	225	71	75
471	226	70	75
467	228	70	72
463	229	68	71
459	232	68	72
454	236	67	72
448	238	66	70
442	236	67	74
435	237	66	72
428	238	68	68
422	235	69	68
415	230	72	70
413	229	71	73
411	225	71	74
411	226	71	74
411	232	68	70
410	232	68	72
411	234	67	72
413	235	68	73
419	238	68	75
429	240	67	74
438	241	66	74
445	240	66	74
452	241	66	73
459	241	65	73
460	242	67	70
464	244	65	68
464	242	66	69
464	241	66	71
462	240	66	72
461	241	66	72
452	241	70	72
448	242	72	71
441	240	75	74
440	239	75	76
433	239	76	77
426	241	78	78
419	244	77	77
410	250	76	74
401	251	78	76
388	252	79	77
377	255	81	76
365	257	81	74
352	259	81	74
337	259	83	76
325	259	80	77
318	262	75	74
312	262	74	72
309	263	72	73
307	263	74	71
307	263	76	73
311	264	74	73
318	264	76	73
326	263	75	73
334	263	76	72
342	261	76	73
351	259	77	72
363	258	74	71
369	257	77	74
379	256	76	74
387	255	77	76
397	254	78	75
409	253	78	74
423	254	77	73
436	254	79	72
451	253	80	73
468	251	81	76
491	249	82	77
511	248	83	76
532	246	83	76
553	245	82	79
569	243	83	78
583	241	83	78
593	239	81	79
597	238	80	78
598	238	79	76
598	237	79	76
592	237	80	78
584	238	79	76
575	239	80	77
565	240	80	77
552	242	81	78
534	244	84	79
517	246	84	78
501	249	83	80
485	251	83	80
471	254	83	79
457	257	82	77
444	259	84	75
440	258	80	74
438	258	82	74
438	259	83	77
445	259	84	78
369	308	66	71
374	308	62	67
378	309	62	66
383	308	63	65
386	306	65	65
390	304	66	66
394	303	68	68
397	304	68	68
399	304	68	68
401	304	67	65
402	305	66	63
404	305	66	64
408	305	66	66
414	305	65	67
420	305	64	67
422	307	64	64
422	306	65	65
423	305	66	66
422	304	66	66
422	304	66	66
422	304	66	66
420	305	67	65
413	306	68	65
406	307	68	66
396	307	68	68
383	308	70	68
371	309	71	70
360	309	72	70
352	306	71	71
344	305	72	72
335	302	73	72
328	301	74	72
321	301	75	71
314	299	76	71
309	299	78	70
304	298	76	71
301	297	78	73
298	298	78	73
295	300	79	74
293	302	77	73
290	306	77	71
286	306	78	73
281	307	77	74
274	306	80	75
266	302	81	76
258	298	80	79
251	296	82	79
246	294	82	79
241	295	81	78
238	298	79	81
237	298	78	81
235	299	78	80
234	300	77	78
232	302	78	79
232	302	78	78
232	301	78	79
231	301	81	81
234	301	81	82
238	301	80	81
241	301	80	83
243	300	82	85
246	300	82	86
250	301	82	87
254	302	84	91
257	306	87	88
257	310	88	88
260	313	86	86
261	314	84	88
262	317	82	88
262	320	81	88
260	324	81	86
256	331	82	83
253	333	82	85
249	340	82	82
243	341	80	81
242	339	78	81
241	337	75	81
242	333	76	83
245	328	77	84
249	321	79	88
254	314	79	89
261	309	81	87
267	302	81	89
274	293	81	90
283	287	82	89
297	278	81	89
311	267	83	91
325	261	81	87
341	255	83	87
360	239	82	96
374	231	88	98
395	226	95	98
413	215	89	99
429	201	86	100
449	190	81	97
466	178	86	96
472	171	94	95
490	164	84	97
505	156	83	97
515	147	86	95
526	141	84	92
533	136	85	93
539	131	82	90
545	132	80	85
548	135	79	88
549	138	80	85
551	140	79	87
550	143	79	88
550	147	80	89
549	151	79	89
550	159	80	90
553	169	83	95
556	179	85	93
561	195	85	91
564	204	87	93
570	222	84	95
576	238	82	95
582	248	83	97
593	261	81	98
600	273	82	96
606	278	81	91
609	284	80	88
610	285	79	90
609	288	79	86
609	290	79	83
613	293	79	81
616	293	82	84
622	294	82	86
626	296	84	87
632	295	83	85
636	296	81	82
640	295	81	83
643	295	82	83
647	293	82	82
653	289	85	84
659	286	84	86
666	281	86	85
671	276	88	82
675	271	88	82
681	264	88	84
686	257	89	85
688	255	88	80
691	253	87	79
693	249	86	78
694	244	86	79
695	239	86	80
693	234	86	81
692	230	86	80
688	226	85	80
684	222	86	79
678	217	84	79
673	214	85	80
667	210	84	80
661	203	84	81
655	199	83	80
650	195	80	80
648	188	78	80
646	189	77	75
645	188	76	74
644	186	75	73
642	178	76	78
644	177	73	74
645	177	71	71
646	178	69	70
645	177	72	77
644	186	72	74
644	203	70	73
644	212	70	72
644	223	70	72
645	233	70	73
646	244	70	74
647	257	70	73
648	268	69	72
647	279	70	69
645	286	70	68
640	294	71	70
634	302	72	72
629	311	72	69
570	290	91	81
581	290	95	84
586	287	96	82
596	285	96	79
606	285	95	77
623	289	93	72
634	286	95	76
655	289	95	76
674	287	99	78
694	289	98	79
716	287	100	80
740	286	100	80
757	282	103	81
778	274	104	83
797	267	102	83
813	261	104	83
828	252	108	85
844	245	107	86
864	233	94	93
877	225	82	92
891	220	68	92
899	222	60	104
898	196	56	128
882	233	74	113
893	330	65	139
891	315	64	184
872	336	85	172
845	305	111	190
811	337	148	198
578	463	126	112
578	461	107	111
585	455	110	117
424	442	112	102
426	446	101	91
446	442	97	85
460	429	93	90
473	425	87	91
485	430	82	86
501	414	85	85
506	417	85	79
511	415	81	78
516	414	77	74
514	414	80	73
516	414	78	69
516	416	76	63
516	418	74	60
514	417	76	58
510	419	78	56
503	420	81	56
495	423	82	58
476	419	84	63
467	430	86	59
449	424	85	65
436	431	91	60
415	423	92	65
416	428	86	58
408	426	82	61
387	420	90	64
365	415	96	68
361	401	95	77
335	278	67	68
331	282	63	64
325	285	59	60
319	286	60	63
314	286	61	64
312	286	62	62
313	286	60	64
314	283	59	64
316	282	59	67
319	280	60	68
323	278	59	68
327	276	59	68
335	274	60	68
343	270	59	67
354	269	58	64
366	270	59	68
376	269	58	70
386	267	58	70
396	266	58	72
406	264	58	69
417	263	55	68
426	263	56	67
433	261	57	67
438	262	58	69
444	260	59	71
449	260	59	71
454	261	58	68
459	261	57	68
461	259	58	68
462	259	57	67
462	258	57	67
460	257	57	63
456	257	57	67
454	255	57	66
451	255	58	68
449	254	58	67
446	254	59	68
445	255	58	66
444	254	59	67
444	255	59	66
447	254	59	67
451	254	59	66
457	254	59	68
464	252	60	72
470	251	60	69
476	249	62	68
483	248	63	70
489	246	65	69
493	247	63	66
494	246	64	63
494	245	63	62
493	247	60	65
491	246	60	67
486	248	60	69
480	248	61	69
470	249	61	72
459	249	62	74
444	250	63	75
431	251	63	73
415	252	63	73
399	253	65	72
385	255	65	71
367	256	67	72
352	257	66	70
340	258	63	70
329	261	65	70
319	261	67	67
312	263	67	66
307	262	68	66
390	202	80	88
380	203	79	83
371	203	78	84
362	200	80	83
356	199	80	85
350	195	84	86
347	190	81	88
343	188	78	84
340	186	76	81
343	186	75	80
338	187	77	77
337	189	77	79
336	192	75	76
333	193	76	77
331	192	74	77
326	193	80	80
327	190	84	85
331	189	87	86
338	188	88	89
346	188	88	91
356	187	88	88
363	186	88	86
372	186	88	84
387	187	86	81
395	187	89	82
407	188	86	79
419	189	84	77
428	191	81	76
441	192	76	74
449	192	76	75
460	194	75	78
466	194	78	77
479	194	75	80
487	193	76	80
495	191	77	82
501	186	77	81
504	181	75	82
504	178	76	83
499	178	77	85
494	179	75	83
489	184	73	80
482	187	72	77
474	188	72	76
461	188	74	76
450	189	75	76
438	190	76	77
427	192	75	78
419	194	75	78
410	197	76	79
402	198	77	77
396	201	74	75
391	204	74	76
385	207	75	76
380	209	75	75
373	210	73	75
366	209	75	76
360	208	74	76
353	205	75	77
347	200	75	80
339	195	77	83
334	191	79	85
327	188	79	84
325	186	78	84
320	184	79	84
322	185	77	85
320	185	76	83
321	185	75	88
323	186	77	89
325	187	77	87
328	188	80	83
331	189	75	82
331	189	80	89
333	188	81	86
335	186	81	87
334	186	81	90
331	186	84	85
327	188	86	86
321	188	90	83
317	189	88	83
312	192	89	83
307	192	88	82
304	194	90	81
303	194	90	82
301	195	91	84
300	194	93	84
303	196	91	83
307	195	91	85
309	196	93	86
313	196	92	86
316	195	94	86
321	194	93	85
324	193	93	85
326	194	92	84
326	193	91	83
325	193	92	83
325	194	92	84
323	195	90	84
320	195	90	85
317	195	91	85
316	196	90	84
313	196	89	83
313	196	89	82
313	196	89	82
314	196	90	82
316	196	91	83
318	195	95	84
323	194	96	86
329	194	95	85
334	194	93	85
339	194	91	83
343	194	89	82
344	192	88	84
346	194	87	83
346	193	87	84
344	192	88	84
340	193	87	86
336	195	88	84
332	195	88	82
324	195	86	83
318	195	87	82
308	195	89	80
304	196	92	80
302	197	90	79
300	197	88	80
297	197	89	79
297	196	89	81
298	196	90	81
300	197	92	82
302	197	94	84
308	195	93	86
314	195	94	85
318	194	95	85
325	193	95	85
332	192	94	85
337	191	95	83
344	190	95	83
352	189	93	83
360	188	91	82
365	189	91	81
372	190	90	79
381	189	84	81
390	190	83	80
396	191	86	79
413	194	79	77
428	195	76	77
439	192	79	82
449	190	80	84
456	184	83	90
461	176	86	97
469	168	84	99
475	163	83	96
480	159	83	96
485	158	83	90
489	158	83	92
489	159	82	92
491	161	81	92
489	163	81	90
487	164	82	88
485	165	81	87
484	164	81	87
483	164	80	87
482	164	79	86
483	164	79	85
483	165	80	85
487	165	79	86
489	165	80	86
492	164	79	86
495	165	79	85
498	165	79	85
498	164	80	85
499	165	79	84
498	165	79	85
492	166	82	86
485	167	82	88
476	171	82	88
465	173	82	86
453	175	83	87
439	176	86	91
424	177	87	88
410	179	87	88
396	179	88	86
383	178	88	86
371	176	86	87
361	172	86	89
347	170	87	88
337	169	87	88
326	168	87	91
315	171	86	90
308	173	86	91
301	176	84	91
296	178	84	90
292	178	85	88
291	178	81	90
291	177	80	90
293	178	83	89
298	178	84	90
302	177	85	93
308	176	87	91
316	174	87	92
324	174	88	92
332	173	88	94
341	173	89	95
350	171	89	100
360	172	91	100
372	174	90	97
384	175	91	94
394	178	89	96
411	179	87	92
424	180	87	90
439	180	88	89
455	178	85	89
469	174	84	89
475	168	87	95
482	165	86	95
487	163	84	96
487	160	86	98
487	158	86	94
484	155	86	92
483	156	84	89
482	157	83	88
481	159	82	89
475	160	87	86
473	160	88	83
474	159	88	85
474	159	89	85
474	158	90	84
477	158	91	83
482	156	90	84
486	154	91	83
492	153	91	84
496	151	92	84
502	151	92	84
506	150	92	85
508	149	93	86
510	149	94	86
513	148	96	87
518	149	92	85
520	148	96	86
523	146	99	87
523	146	101	87
526	145	100	88
526	145	101	89
526	145	101	91
527	144	100	92
527	145	100	93
527	146	99	91
527	149	95	89
525	151	94	88
519	153	94	89
512	154	93	89
503	154	93	88
493	155	92	87
485	154	91	86
479	152	92	84
475	150	92	85
474	150	91	84
472	149	91	84
471	150	90	83
472	151	90	83
474	151	91	84
480	151	90	84
490	152	91	84
502	153	90	85
511	156	90	84
521	162	91	81
532	168	91	79
546	171	90	80
558	172	89	81
569	173	89	84
579	175	91	83
589	173	89	84
597	168	87	83
598	165	88	80
601	159	88	79
603	155	87	79
604	151	87	80
606	149	85	79
609	150	82	79
611	149	84	81
611	151	86	85
613	154	86	85
616	154	87	83
617	154	89	83
619	154	89	83
622	154	90	84
624	155	88	84
625	154	89	86
626	154	91	88
628	155	91	88
630	156	91	89
631	157	92	90
634	164	90	86
636	165	89	87
637	167	90	87
639	171	89	88
641	175	89	86
644	181	88	85
645	185	89	86
644	191	88	84
644	194	88	85
644	199	87	84
644	204	84	82
644	205	83	79
644	207	82	77
645	205	80	75
646	202	80	74
649	203	79	72
654	200	80	75
659	198	80	77
667	200	80	79
675	200	81	80
684	202	82	81
691	201	83	82
696	201	81	80
699	201	80	81
699	202	81	78
700	204	80	79
696	203	83	81
692	203	83	82
687	205	84	82
681	208	85	82
674	212	85	84
667	217	85	84
659	221	87	84
652	224	87	84
650	230	84	81
646	231	83	80
642	233	83	80
637	235	85	81
631	241	84	84
625	245	82	82
623	257	81	82
619	261	80	80
614	271	80	78
606	276	80	79
602	282	81	77
595	285	81	81
588	286	79	78
579	287	76	75
571	288	74	73
566	286	73	73
558	285	73	71
553	278	73	76
550	268	72	75
547	253	74	79
544	236	73	83
547	229	68	76
552	230	63	71
556	228	64	71
559	223	64	72
563	224	64	75
570	228	64	75
577	232	64	75
580	234	63	72
582	237	61	69
583	240	60	69
579	241	61	69
578	240	61	68
575	239	60	66
574	236	60	68
573	235	60	67
573	235	61	70
575	234	63	72
580	236	65	76
588	236	63	74
599	238	64	73
611	239	65	73
619	237	69	72
630	237	68	68
638	234	66	73
643	231	65	69
647	232	62	69
650	229	63	68
650	227	65	68
652	227	66	70
655	225	67	70
659	225	67	69
661	222	68	71
662	220	70	72
664	217	70	73
667	216	71	71
670	215	71	71
672	216	73	71
676	215	73	72
681	213	76	75
686	213	77	76
690	213	80	76
693	215	82	74
696	214	83	74
698	214	82	74
698	213	82	74
696	214	83	75
689	213	82	76
686	212	81	77
679	212	83	78
670	213	84	76
662	213	82	77
655	213	79	75
647	216	78	75
638	220	78	74
551	155	91	82
567	150	98	85
589	145	103	88
612	140	103	87
634	134	105	90
660	126	103	90
683	118	105	97
705	110	107	99
730	102	109	100
745	96	117	99
764	94	123	99
789	90	123	98
815	86	126	98
838	81	117	100
855	73	101	116
860	81	94	125
874	75	83	147
882	66	77	137
895	142	63	182
885	130	69	206
705	350	112	104
567	243	73	75
528	228	68	73
526	230	65	71
520	231	64	70
514	232	64	70
504	230	67	71
490	227	72	69
480	225	72	69
471	224	71	70
461	224	72	71
453	226	70	69
439	227	71	71
426	229	72	71
414	230	71	70
403	231	70	68
392	232	69	66
378	231	70	68
368	230	70	70
359	228	70	71
350	230	70	70
342	231	70	69
336	232	69	68
331	235	69	65
326	236	69	66
322	236	68	65
319	238	69	64
316	237	69	66
314	238	69	67
313	240	69	67
313	240	69	67
312	241	69	67
312	241	69	66
312	240	69	66
313	240	69	66
313	240	69	67
315	241	69	67
317	240	69	67
321	239	69	69
326	238	70	68
334	239	69	68
342	237	70	67
355	235	69	67
368	234	70	66
383	232	73	66
401	230	73	67
421	228	73	71
441	224	77	70
462	221	76	70
482	216	77	70
502	213	76	70
520	210	75	69
539	206	74	70
553	205	74	70
566	203	73	70
576	204	70	68
581	204	70	68
583	205	68	67
583	206	68	67
577	207	69	67
571	210	69	68
562	211	70	69
551	212	71	70
539	213	72	69
527	213	72	69
515	215	71	69
502	216	71	69
487	217	73	69
473	219	72	70
459	221	73	69
444	224	72	69
430	227	72	68
416	229	73	68
402	234	73	66
389	237	73	66
375	240	73	67
360	244	72	66
343	246	74	67
328	251	74	65
311	254	74	65
295	259	76	65
280	265	79	65
268	270	81	67
255	277	85	69
252	287	103	76
252	296	106	79
254	309	116	77
266	317	108	78
268	328	115	76
269	336	116	75
276	344	115	74
277	351	115	70
281	354	111	69
281	355	117	68
280	353	119	70
270	349	121	72
277	345	114	77
262	345	118	74
268	341	111	77
257	336	112	77
262	331	109	82
270	324	107	85
281	310	104	80
292	303	105	84
313	290	99	85
336	278	90	79
358	270	94	88
368	255	85	84
378	240	79	87
385	230	81	80
399	227	76	71
405	223	75	69
413	226	71	68
417	230	69	75
422	240	68	78
425	246	67	75
428	250	66	73
430	251	67	78
431	249	67	79
433	245	67	76
434	245	67	75
436	243	67	74
436	242	66	72
437	241	66	71
438	240	65	70
438	240	64	70
439	238	64	70
438	239	65	69
437	238	65	70
435	238	66	70
435	238	67	71
434	238	68	70
437	238	67	68
438	237	70	69
438	236	75	70
442	235	75	69
448	234	77	71
453	231	82	74
465	232	83	75
475	232	84	76
486	230	82	77
493	229	85	78
503	228	85	79
516	227	86	78
527	227	87	79
535	225	89	79
543	225	87	78
549	222	87	79
556	222	87	77
562	220	85	77
565	218	85	78
570	218	86	77
576	216	87	77
582	215	85	78
587	214	86	78
592	212	86	79
596	211	85	78
600	210	84	76
602	209	84	75
603	208	84	76
603	206	84	78
602	206	86	77
600	206	85	76
598	206	85	78
596	206	87	78
595	206	87	79
595	207	86	78
593	208	86	77
591	207	86	77
590	207	84	75
586	206	81	74
582	204	81	75
575	205	80	73
561	203	82	72
548	205	83	74
535	211	82	72
521	220	81	74
507	229	81	74
489	244	91	77
473	252	98	81
462	262	118	85
455	270	120	86
451	278	120	83
443	286	123	82
440	297	124	78
440	302	124	79
439	305	118	76
444	308	124	77
445	313	116	75
451	315	119	75
454	315	121	75
459	313	122	78
463	308	121	80
469	297	114	84
475	287	113	89
484	277	114	97
494	262	100	97
510	254	95	95
523	240	85	82
535	229	83	81
545	216	77	75
550	207	78	72
557	200	79	74
564	195	77	70
569	195	76	71
574	196	75	72
576	198	74	72
578	201	74	71
578	203	73	71
574	203	74	70
569	204	74	70
564	206	73	71
558	206	74	70
550	207	73	72
542	211	75	70
535	215	76	71
530	220	77	71
527	226	76	71
527	230	75	71
528	233	75	71
531	236	76	70
539	238	76	71
549	240	78	74
561	243	85	74
574	252	83	74
587	260	84	73
600	270	86	73
604	283	96	75
621	296	90	73
624	307	97	74
635	314	94	72
642	317	92	73
653	320	87	71
656	323	91	67
657	318	94	68
660	313	94	69
664	306	95	71
671	299	92	73
678	291	90	72
677	285	92	74
684	272	89	77
678	262	92	75
676	252	89	75
673	239	85	76
666	222	85	80
659	216	81	78
651	205	81	77
644	196	81	78
635	189	81	76
630	190	79	76
623	191	78	74
619	194	77	72
614	197	76	71
611	197	77	71
610	196	77	72
609	195	76	72
610	196	74	71
611	198	75	71
613	197	75	72
615	200	73	69
617	203	73	69
618	205	72	66
619	206	73	69
620	206	74	70
621	211	73	69
623	211	72	70
624	211	73	71
625	209	74	71
626	206	72	72
627	203	72	69
627	203	72	69
627	203	71	68
625	203	73	70
620	201	77	70
616	201	78	71
611	204	80	70
606	207	76	69
599	210	73	71
590	215	73	70
581	219	73	71
571	220	72	72
557	220	72	74
543	221	72	75
530	221	72	76
516	220	73	73
505	219	74	73
497	217	72	71
491	216	73	71
486	215	79	72
481	210	78	77
474	207	77	81
468	206	73	75
467	206	71	73
462	206	75	75
460	203	78	77
462	204	78	73
464	204	79	75
470	205	77	75
473	205	78	73
478	205	79	72
485	204	77	72
491	204	78	72
498	205	77	74
504	206	75	81
512	206	80	77
512	206	72	76
517	206	72	69
521	206	72	68
526	206	71	69
529	206	73	69
534	206	74	72
542	208	73	72
548	210	73	72
557	211	73	71
568	212	73	70
577	209	73	71
587	208	72	70
595	206	73	70
602	203	73	70
609	199	75	70
614	196	75	72
619	193	75	72
622	192	76	72
627	192	77	73
632	191	76	73
635	191	77	72
637	190	78	72
641	190	78	72
643	190	78	73
646	191	78	72
648	191	78	72
649	190	78	71
650	190	77	70
650	190	77	71
651	190	77	70
652	190	77	70
652	190	78	70
653	189	78	69
649	189	81	72
651	189	82	75
650	188	84	75
650	188	84	75
649	188	85	75
648	189	86	75
648	189	86	76
647	189	87	76
646	190	87	76
644	189	88	76
643	190	87	76
643	191	87	75
643	190	86	75
643	190	86	75
643	191	86	76
642	190	87	77
642	190	87	78
643	191	87	77
643	191	88	77
642	190	88	77
643	190	89	78
643	190	88	77
643	190	88	78
643	190	89	78
642	190	88	78
641	190	89	79
641	190	88	79
641	189	88	80
640	189	89	81
641	189	89	80
641	189	89	80
641	190	89	80
640	189	88	81
639	189	90	80
640	189	89	81
640	189	89	80
640	189	89	80
640	190	89	80
641	189	89	80
641	189	89	80
640	189	89	80
640	189	89	80
640	189	89	80
639	188	88	80
639	188	89	79
639	188	89	78
638	189	90	76
637	189	91	75
636	188	92	76
634	188	90	76
631	187	88	76
626	188	88	75
625	188	87	76
623	188	87	76
623	187	87	76
623	187	86	75
622	188	85	74
622	186	86	76
624	186	87	77
626	185	86	79
623	189	89	78
610	190	101	79
619	187	99	87
626	185	97	88
634	185	90	83
637	184	87	81
637	184	84	78
638	186	86	77
637	186	84	76
638	186	86	76
636	185	85	76
637	184	86	79
634	185	85	79
632	184	86	77
630	184	84	78
625	185	82	77
618	186	83	77
612	188	84	76
605	191	85	74
598	194	80	71
590	196	77	70
579	200	77	70
569	202	79	71
561	202	77	72
550	201	79	73
542	199	77	71
534	196	79	70
529	192	83	77
525	190	84	76
517	192	74	76
514	192	73	74
511	193	75	70
510	194	73	71
509	195	72	68
508	195	72	69
508	196	71	70
507	196	71	69
508	197	70	70
507	196	71	70
508	197	71	71
510	198	71	72
516	198	72	71
522	198	71	71
530	198	72	71
537	197	73	72
547	197	73	71
557	198	74	69
568	198	74	69
579	198	75	71
591	197	75	71
600	194	77	70
608	190	79	71
615	188	78	73
620	184	79	73
623	183	80	72
625	183	80	72
626	182	81	73
627	181	82	74
631	183	84	74
634	184	85	75
637	184	86	76
639	185	85	75
639	184	86	76
642	184	86	74
640	184	88	74
641	184	87	74
643	184	87	74
642	183	87	75
644	183	87	74
644	181	87	75
646	182	85	75
646	182	85	75
648	181	84	76
649	182	84	76
650	181	86	78
651	182	88	79
653	182	89	80
654	182	90	80
656	181	91	81
657	181	91	80
660	181	90	80
662	180	90	80
664	180	91	80
666	179	90	80
670	179	91	81
674	179	90	81
678	178	91	81
683	177	91	81
687	177	92	81
689	177	92	81
693	177	92	80
695	177	91	80
698	178	91	77
701	178	90	77
701	179	89	77
700	179	88	77
699	180	88	77
696	181	88	77
693	182	90	77
688	182	89	78
683	183	90	78
674	185	89	78
665	188	90	77
657	188	88	77
649	190	89	77
640	191	88	77
633	192	87	77
623	195	86	77
613	195	88	77
605	198	86	78
597	198	89	78
587	199	90	82
579	201	89	81
573	200	91	83
566	201	97	85
559	203	96	84
552	204	94	85
543	207	93	87
535	210	99	88
527	211	99	94
520	220	107	93
516	227	112	92
608	250	123	78
651	248	127	75
697	254	135	72
717	256	162	75
754	251	142	83
814	244	145	82
850	235	109	87
876	226	83	97
776	267	96	132
656	231	169	177
691	65	163	151
749	58	161	147
803	42	154	141
845	48	114	158
879	58	80	172
829	83	116	189
859	164	97	200
766	245	165	191
518	290	146	240
370	217	114	106
384	219	89	92
388	222	89	83
393	217	89	85
397	211	91	88
402	201	93	90
413	195	94	92
421	185	97	98
430	172	100	92
441	169	102	93
452	169	104	93
473	167	98	93
485	166	97	90
495	164	96	87
504	165	92	84
506	166	92	84
508	164	91	86
509	165	90	86
509	168	89	82
509	165	88	84
508	162	88	86
502	160	93	87
500	162	95	86
498	160	97	89
502	164	97	86
502	163	101	86
506	161	99	83
509	163	95	80
509	161	93	80
507	160	93	79
503	164	89	79
495	165	90	89
482	170	88	86
468	170	84	85
458	173	80	86
449	174	78	86
441	177	78	89
431	179	78	87
422	180	78	85
414	183	77	85
405	185	77	85
399	187	74	81
392	188	73	82
386	187	75	83
385	188	76	82
383	187	75	80
383	188	74	80
383	188	76	84
384	188	77	86
386	189	76	84
388	190	76	81
390	190	76	78
388	189	80	78
388	188	79	79
388	189	79	79
389	188	77	79
390	190	77	79
393	190	78	78
394	190	78	78
396	191	80	78
400	192	80	75
403	190	80	78
411	189	81	75
419	187	82	73
431	188	82	71
446	185	84	73
464	183	87	74
481	185	91	72
504	189	89	71
525	197	92	69
540	205	97	75
554	212	107	80
589	224	101	77
610	233	100	77
628	239	99	73
646	245	93	73
658	250	90	72
668	253	90	72
675	253	94	73
684	252	93	73
693	250	92	73
701	246	90	74
704	242	89	75
701	237	91	75
695	226	95	79
688	216	92	80
672	203	94	83
658	189	94	85
645	176	91	80
625	160	94	80
602	152	93	83
577	148	92	82
550	149	97	81
528	154	97	88
510	166	97	94
493	171	98	96
475	174	103	95
462	176	105	90
453	178	107	87
446	182	107	83
440	185	102	80
437	186	94	77
434	187	92	76
433	188	91	76
432	187	90	76
432	187	90	77
434	186	90	77
437	183	96	82
441	183	95	81
445	185	91	79
449	184	93	80
454	182	93	82
458	182	91	80
461	181	91	81
464	182	89	79
465	182	89	78
465	183	89	78
466	182	87	78
465	182	87	78
461	183	88	80
456	185	89	81
448	186	88	81
437	187	88	80
425	191	87	76
416	194	86	75
403	193	86	77
390	194	89	77
375	198	92	78
359	204	93	79
347	210	87	81
336	224	82	80
252	244	69	67
249	246	65	61
244	245	68	61
235	246	71	62
228	245	72	65
223	244	72	68
216	243	73	69
211	245	73	69
205	248	74	69
199	250	74	69
195	252	73	69
192	251	72	69
193	251	73	70
193	253	72	69
195	254	73	70
199	254	73	69
203	253	75	68
204	250	78	67
235	262	89	80
253	247	93	87
266	229	93	91
280	208	97	99
289	193	98	99
294	183	98	93
306	179	93	96
318	181	92	96
328	182	87	87
332	183	86	86
334	184	84	86
333	182	86	85
330	180	87	86
328	183	84	87
324	183	83	85
321	185	83	84
318	186	83	83
317	187	82	82
316	187	81	82
318	187	82	86
323	187	83	89
332	188	84	92
345	188	84	93
360	187	84	93
374	186	87	96
396	183	88	96
417	182	90	99
438	178	93	102
464	177	93	101
493	170	94	104
515	167	95	104
541	164	92	102
560	159	89	95
578	155	88	90
594	153	87	85
604	152	84	85
612	151	83	83
615	151	83	80
617	152	83	79
616	152	83	81
612	153	84	82
607	152	84	82
604	152	83	83
598	152	84	83
596	152	82	80
594	153	82	80
593	154	81	80
592	154	81	79
591	155	79	77
592	155	78	77
589	155	79	78
586	157	79	77
579	157	82	78
571	159	83	77
560	160	86	79
550	160	88	81
539	158	88	83
527	158	89	83
514	160	89	86
502	162	92	86
489	168	92	82
476	172	90	83
465	178	91	84
452	184	89	85
443	189	87	83
432	194	85	80
419	201	87	77
405	206	91	84
397	215	89	86
390	219	88	88
384	228	85	81
372	234	85	82
355	242	87	87
339	251	87	91
324	261	85	85
305	272	83	85
287	283	83	86
274	290	80	85
260	302	80	85
249	310	79	83
240	315	77	83
235	320	75	82
233	327	76	79
234	328	77	82
240	331	77	83
248	336	77	83
256	339	79	86
270	346	83	83
287	350	81	80
305	355	82	81
327	362	82	75
350	370	82	73
366	376	85	71
398	385	80	72
409	394	90	72
421	398	95	73
432	403	100	70
453	404	95	74
457	405	100	70
477	399	89	74
485	396	90	75
492	395	91	73
504	389	87	75
512	382	85	78
515	378	81	77
518	373	80	77
516	363	81	76
515	351	79	77
511	334	79	80
507	318	79	81
500	306	80	81
494	288	80	83
488	273	79	84
483	262	79	82
479	251	79	82
477	244	80	82
478	239	76	84
478	239	75	84
477	243	73	82
477	246	72	81
474	250	74	76
461	254	83	77
408	212	102	106
443	87	144	119
472	91	156	118
504	77	165	130
552	70	159	131
587	61	159	132
616	53	167	134
642	37	176	138
678	25	176	137
695	24	181	124
750	22	170	106
787	23	166	93
821	20	137	100
834	34	125	121
858	49	101	185
876	52	83	231
749	60	170	191
522	279	111	99
459	271	87	90
472	275	83	87
486	276	84	90
502	278	87	94
513	278	86	90
526	277	86	93
537	275	88	90
544	271	84	90
552	266	83	91
555	261	83	90
558	257	82	90
561	254	79	88
562	251	81	87
562	249	81	85
561	250	80	84
559	248	81	85
556	247	81	84
556	246	81	84
556	245	79	82
558	244	80	82
561	244	82	85
564	242	84	89
570	243	85	87
575	242	85	88
578	240	85	87
580	239	84	88
582	238	83	86
583	238	83	85
581	238	84	87
576	240	86	87
570	242	85	85
565	242	85	85
560	244	86	84
554	246	85	84
546	247	87	82
536	249	89	81
527	251	90	79
515	255	88	77
505	258	95	77
494	262	97	78
484	268	104	80
428	331	72	74
427	336	70	67
425	338	68	62
421	340	68	63
416	332	75	67
416	328	88	76
411	332	89	73
406	338	74	65
397	344	67	61
392	345	65	57
386	346	69	62
379	346	69	63
371	345	69	65
362	345	70	67
356	347	70	67
347	346	71	68
341	347	71	67
337	349	71	65
333	350	70	63
331	351	70	62
329	352	70	61
328	351	70	61
328	352	69	60
328	350	69	62
328	350	69	62
328	348	69	62
328	347	69	63
329	344	68	64
332	345	68	62
333	342	68	62
334	340	69	63
335	339	68	63
337	336	69	64
339	333	70	64
341	330	69	63
343	328	70	64
345	325	70	64
348	321	70	63
352	317	70	62
355	313	70	63
360	309	68	63
365	304	69	62
369	299	69	62
375	292	69	64
380	286	69	63
384	280	70	63
390	275	69	64
397	272	68	63
404	269	67	64
410	266	67	64
415	265	67	64
418	265	69	65
423	264	68	64
425	264	68	63
428	265	68	64
429	265	68	64
430	266	68	64
430	268	67	64
428	271	67	63
426	276	67	63
424	281	64	63
421	284	63	63
420	290	62	62
416	293	61	63
411	295	60	60
408	296	59	61
403	298	59	62
396	294	62	68
392	299	61	67
388	302	61	66
382	303	61	65
380	304	60	63
378	306	59	63
376	306	60	64
375	305	61	66
377	305	60	66
382	302	60	68
387	300	61	66
395	299	61	64
404	295	61	66
416	292	62	67
429	288	61	70
442	286	62	71
454	283	62	69
467	281	62	68
479	280	60	66
490	279	61	73
505	282	58	67
509	275	61	66
517	276	60	63
523	278	61	63
527	280	59	61
530	281	61	62
531	278	68	61
531	278	74	60
593	200	77	80
583	198	81	84
573	199	86	87
565	202	88	88
556	204	87	93
547	211	84	91
536	216	82	91
524	220	81	88
510	222	82	89
496	226	85	88
480	229	89	89
465	234	88	87
452	236	87	87
438	239	85	88
429	242	84	88
418	244	84	87
408	248	84	89
399	250	85	88
392	253	86	86
388	254	84	86
385	253	83	87
386	254	83	88
388	254	83	89
395	253	83	90
405	253	83	87
420	252	82	81
435	251	85	82
452	248	90	82
471	246	90	84
492	245	91	81
511	245	91	87
532	245	88	82
551	242	89	79
568	237	88	80
585	232	88	80
597	231	85	81
606	228	84	81
613	225	84	82
618	222	84	81
622	219	82	81
623	219	82	81
620	218	82	80
618	220	82	80
618	220	82	80
620	220	81	80
621	220	81	79
622	219	83	81
622	219	84	82
622	220	84	81
624	219	85	80
628	218	84	80
630	219	84	79
633	218	85	80
636	220	86	79
640	220	86	79
643	219	86	80
645	220	85	77
646	220	84	76
647	221	83	75
647	221	82	75
648	220	83	78
648	219	84	77
649	219	84	78
649	219	83	76
647	220	83	76
645	219	84	77
642	220	85	78
639	220	85	78
637	220	84	77
638	220	84	77
639	220	83	78
639	220	83	77
638	220	84	78
637	221	84	78
636	222	83	78
636	221	84	78
635	221	84	77
636	222	83	77
635	221	85	79
632	221	86	81
630	222	86	81
628	222	85	80
626	223	85	80
625	222	86	81
626	218	86	82
628	215	87	83
632	213	87	83
634	212	87	81
638	211	87	80
641	208	86	77
643	205	86	77
645	202	87	78
648	200	86	78
651	198	86	79
654	194	87	81
655	193	87	82
653	191	88	81
645	193	89	81
634	195	88	79
617	199	89	78
603	204	87	80
589	207	87	87
574	210	85	96
559	214	85	91
546	215	84	90
531	219	84	89
518	223	84	90
506	227	83	88
496	230	83	87
489	233	82	87
481	237	83	86
476	240	82	87
474	240	80	84
474	242	80	84
473	242	80	84
477	240	81	86
483	240	79	86
489	241	79	85
497	240	80	87
505	240	82	88
516	240	85	91
533	240	85	91
551	239	86	90
570	235	85	90
585	231	88	90
601	227	86	88
616	223	85	86
626	214	84	91
634	209	85	92
643	207	84	89
651	205	83	85
658	203	84	83
663	203	85	79
669	204	86	77
673	204	85	77
675	205	85	75
677	207	85	75
679	206	86	75
680	205	86	76
681	205	86	75
683	204	85	75
684	204	85	75
685	203	86	76
687	204	86	77
690	203	86	77
691	203	86	77
692	202	85	77
694	203	86	75
695	204	85	75
696	204	85	74
697	203	84	76
698	204	85	76
698	204	85	76
699	205	85	76
699	205	84	76
700	205	84	76
700	205	84	75
701	205	82	75
701	205	82	76
700	205	80	75
698	205	81	79
695	207	81	80
690	208	82	81
685	209	83	83
679	210	84	83
673	210	84	86
668	210	84	89
660	212	85	92
653	214	86	87
647	215	86	84
641	216	84	85
636	217	85	85
630	220	84	83
624	220	85	83
619	220	86	86
613	221	85	89
605	222	87	93
595	225	89	93
584	228	91	95
571	230	93	94
561	230	89	92
551	230	90	91
540	229	90	94
529	226	90	96
518	225	89	94
509	226	88	98
502	223	86	94
495	223	88	95
490	222	88	97
486	223	87	95
482	223	86	92
478	224	87	94
476	225	85	94
474	225	86	94
473	224	85	91
472	224	84	92
470	225	85	93
470	225	85	93
467	225	86	93
467	225	86	93
466	225	86	92
466	226	86	92
468	227	86	93
472	229	86	94
477	229	85	93
483	228	87	95
492	229	88	95
503	229	88	96
514	227	88	96
531	228	88	92
545	222	91	98
559	218	90	99
572	213	89	100
582	208	89	99
592	203	87	101
600	199	88	99
608	195	88	97
615	192	88	95
623	190	85	94
629	192	84	89
633	193	85	88
638	192	84	87
637	192	86	88
638	192	87	85
639	192	89	83
636	193	93	84
632	196	99	83
626	201	103	81
620	203	98	81
614	212	105	80
605	220	100	80
597	231	108	80
588	240	112	79
583	251	123	78
572	258	101	77
567	273	98	69
562	279	112	70
552	283	104	72
555	286	108	71
548	289	120	72
547	291	119	70
543	292	123	70
539	290	122	72
526	293	116	70
519	288	95	69
524	285	93	69
526	279	99	70
534	268	111	76
536	257	117	82
547	246	121	86
559	233	114	91
571	225	113	96
585	218	104	92
597	210	99	92
608	206	97	89
616	203	91	87
617	203	91	83
613	203	93	84
607	204	95	87
598	206	99	87
585	208	93	89
575	211	92	86
565	214	90	87
554	218	87	85
542	220	87	91
529	221	88	89
520	220	86	91
511	216	87	91
501	217	89	92
497	211	89	91
495	212	87	89
495	213	82	87
490	215	81	83
483	216	84	87
479	216	83	86
482	216	79	85
476	216	81	82
473	217	80	81
473	216	80	81
472	216	80	81
471	217	81	80
474	217	82	81
477	215	84	84
483	215	84	84
489	215	85	82
496	216	85	78
503	215	86	79
510	214	88	79
517	214	89	80
523	216	89	78
533	215	88	79
538	218	88	78
544	217	89	78
550	216	88	79
557	214	88	79
564	214	90	78
568	211	89	78
573	208	88	77
575	206	89	77
578	203	89	77
580	202	89	76
582	199	88	76
584	198	88	76
584	196	88	76
585	195	89	75
584	194	90	75
581	193	90	75
576	190	89	75
570	189	90	78
562	190	90	77
554	190	90	78
545	192	90	80
537	194	88	77
530	198	85	78
521	197	84	79
513	198	82	82
505	200	82	76
497	200	83	77
489	201	82	75
483	200	82	78
479	201	80	76
475	203	83	79
472	206	82	79
470	208	84	81
468	210	84	79
465	210	86	80
466	210	85	83
466	211	83	82
468	212	81	79
469	212	80	80
467	213	82	80
468	213	85	79
466	214	85	75
467	215	84	78
464	215	87	77
464	215	89	78
465	215	90	80
466	215	93	83
469	213	96	88
477	213	96	86
486	214	94	84
497	212	92	85
512	213	89	86
523	213	90	91
539	215	89	95
552	217	90	108
566	213	95	109
578	209	104	112
587	204	102	108
595	199	97	99
607	193	93	94
616	188	91	91
623	185	89	86
629	181	90	85
634	179	89	83
641	177	87	81
647	178	86	86
651	180	89	81
655	181	90	82
660	181	88	80
663	183	87	78
666	181	87	76
667	181	88	74
669	180	88	74
670	182	89	72
671	185	88	71
671	186	87	71
669	188	87	72
667	190	88	70
666	190	89	71
663	193	89	72
659	194	90	72
658	196	90	71
657	195	90	72
656	198	90	68
657	197	88	69
657	198	87	71
654	196	86	74
650	196	88	75
644	197	87	77
640	197	86	74
632	197	86	72
623	196	89	75
610	198	94	79
599	200	93	82
584	204	94	84
568	208	93	81
554	213	93	81
536	215	95	79
523	215	92	80
509	212	90	82
496	211	89	83
486	209	87	85
475	208	87	84
468	210	84	83
459	210	84	83
450	210	83	83
444	211	84	88
439	212	83	87
435	212	84	89
430	213	84	88
426	215	85	87
422	214	85	89
419	216	85	88
417	216	84	89
414	217	84	89
412	218	84	89
411	218	84	88
409	219	83	87
409	219	83	88
407	219	83	88
406	220	84	88
405	221	83	87
405	221	83	87
406	222	81	88
404	223	81	86
403	224	81	87
401	224	83	86
402	223	83	85
402	224	83	87
402	224	83	87
404	226	83	87
405	225	84	87
409	225	82	87
412	224	83	85
416	223	84	87
420	223	84	84
428	221	85	86
435	220	85	83
444	219	87	92
454	218	89	83
467	215	90	83
482	216	91	83
496	215	92	84
510	214	91	83
525	212	91	84
540	207	90	85
552	205	89	85
560	202	90	85
567	199	90	85
574	197	89	84
581	191	90	84
588	191	90	82
596	188	91	84
601	187	90	85
605	188	90	83
608	190	91	81
611	188	88	84
610	186	89	84
610	189	89	80
609	186	89	82
610	188	89	81
610	188	90	82
610	189	90	81
609	189	91	80
604	188	92	83
595	190	92	85
583	193	94	86
572	196	96	87
556	202	103	89
538	208	107	90
507	222	111	88
490	233	112	92
468	245	117	89
448	257	121	86
426	267	132	84
404	278	129	81
378	288	138	79
353	298	143	78
337	304	141	79
346	307	124	81
357	309	105	84
368	308	92	82
376	306	77	65
377	299	69	59
379	294	64	53
383	289	62	53
388	281	64	54
394	275	66	56
404	269	67	56
411	260	69	54
420	259	83	69
345	225	111	92
356	204	114	100
377	186	110	102
397	174	107	103
420	160	105	98
442	150	99	97
462	143	97	92
479	140	94	91
493	138	94	88
506	135	96	86
521	132	92	85
528	129	92	84
528	129	94	83
524	125	95	87
516	122	91	86
509	125	90	82
501	125	89	83
488	127	91	83
475	130	91	83
461	134	92	85
448	138	93	87
436	145	94	86
427	148	92	87
417	154	91	86
411	161	90	83
407	164	90	84
406	166	91	86
405	170	91	85
407	174	89	83
408	177	90	85
411	182	92	86
418	184	91	86
426	190	93	85
439	197	93	83
458	201	96	83
479	208	98	86
505	210	99	94
528	208	102	90
561	213	99	88
586	211	103	88
600	206	112	92
617	201	107	92
626	194	110	95
640	186	106	93
649	179	100	92
653	169	97	89
651	162	97	88
646	153	96	88
642	146	95	88
636	139	94	87
635	136	93	88
631	133	93	90
627	135	93	88
626	135	91	88
625	136	91	85
626	134	91	85
626	132	91	83
627	131	91	84
628	129	91	84
629	129	91	83
630	126	92	83
630	124	91	84
629	124	92	83
626	122	93	84
623	119	93	85
616	119	93	86
610	119	94	87
603	120	94	87
597	122	95	87
589	122	96	89
579	125	94	89
569	128	96	90
558	134	96	88
548	139	96	87
539	144	99	85
532	149	98	82
530	153	98	82
527	158	99	83
528	166	98	85
530	175	100	92
525	190	104	97
526	199	109	107
520	209	117	107
514	219	122	104
505	226	114	103
484	229	105	99
471	233	108	103
455	237	105	104
436	243	103	102
418	249	106	99
391	253	105	97
373	258	120	101
355	271	120	105
338	280	126	105
321	291	128	98
312	303	121	97
302	311	104	91
296	319	107	81
290	325	103	78
288	330	100	77
281	334	90	73
281	337	91	74
278	338	87	72
280	337	87	72
283	337	85	72
290	337	86	72
298	338	90	73
309	337	112	77
318	334	112	79
331	328	122	85
343	321	111	92
359	314	112	100
375	302	106	101
399	292	111	98
416	282	105	102
435	273	103	103
456	267	103	105
476	259	95	107
495	256	92	100
508	251	93	102
519	238	95	107
529	225	98	112
531	213	102	113
538	195	99	114
543	180	95	114
550	175	89	97
555	173	88	96
560	170	89	97
562	162	91	99
566	161	90	92
575	160	88	94
580	154	89	93
586	149	89	92
595	147	87	93
602	147	87	97
608	144	91	95
615	143	91	92
622	142	87	92
629	146	87	93
633	151	87	88
634	154	85	85
634	157	86	91
626	158	86	88
618	160	90	92
605	163	89	90
591	166	93	93
572	170	91	94
555	174	92	91
535	178	97	99
514	180	97	103
484	184	102	101
466	188	100	101
448	191	108	105
430	194	118	101
411	189	112	108
394	188	103	106
382	186	94	100
372	190	96	94
368	196	91	87
366	195	86	87
364	198	84	81
362	197	85	83
362	196	85	83
362	196	86	85
363	196	85	84
367	198	84	82
369	194	84	85
374	192	85	86
379	188	86	88
386	185	87	90
397	184	88	90
411	179	89	93
429	181	91	91
446	174	95	97
467	170	96	97
493	172	94	98
509	170	98	100
530	168	99	98
552	166	109	97
580	163	103	100
602	158	103	100
627	155	103	100
646	149	100	101
664	146	96	97
676	143	92	99
684	143	93	99
688	142	89	92
689	143	86	91
686	143	87	92
680	146	90	91
671	147	92	97
660	150	96	105
647	154	104	104
632	156	98	100
617	161	98	101
602	165	98	99
590	170	97	99
576	176	94	96
563	183	95	95
550	191	88	92
536	202	93	94
522	210	97	94
511	212	96	95
497	223	97	88
481	230	98	84
463	231	94	84
451	228	91	83
442	225	90	83
437	220	87	83
435	219	85	80
437	217	84	78
440	212	83	77
447	208	85	75
457	206	86	78
470	204	85	77
482	204	85	78
493	204	85	77
503	204	85	78
513	203	83	79
521	202	79	78
524	202	79	77
527	201	78	78
528	201	78	79
526	202	80	75
524	202	81	75
519	205	82	80
502	205	96	78
418	118	97	99
430	118	99	98
436	116	106	101
452	115	100	101
462	111	98	102
467	111	100	100
470	109	96	95
472	111	94	93
475	104	97	102
476	103	99	98
477	102	99	97
475	101	100	98
475	101	99	97
474	101	99	97
475	100	98	98
479	101	95	99
485	103	98	100
492	106	98	98
501	107	96	96
509	113	96	94
514	110	99	97
528	113	98	96
539	115	100	94
552	116	100	95
564	117	105	95
576	114	105	99
590	119	107	94
605	117	107	98
619	114	111	103
638	116	120	106
656	114	122	105
675	112	117	106
694	112	118	106
708	110	116	107
725	110	116	107
736	109	117	106
745	107	117	106
752	104	115	107
755	104	118	104
758	102	118	103
760	101	114	102
758	99	116	104
754	98	118	104
752	98	118	103
748	98	118	104
744	97	119	105
742	97	117	105
741	97	116	106
739	98	114	106
737	99	114	106
735	100	115	106
732	100	116	107
731	101	116	107
729	102	115	108
727	104	115	107
725	107	115	106
723	110	114	106
724	116	109	105
723	126	107	105
721	141	108	104
717	159	108	101
707	169	109	105
695	180	107	106
680	188	110	106
665	197	109	105
649	205	109	103
630	212	108	100
610	217	108	103
589	223	108	108
569	238	103	97
550	246	104	93
530	251	103	94
512	255	102	94
498	258	99	92
488	259	100	93
482	262	97	91
479	266	95	90
478	269	94	89
478	273	91	88
477	275	91	86
477	282	91	80
478	286	89	82
478	289	90	81
479	289	91	85
480	288	90	90
480	289	90	88
478	290	89	88
475	289	91	85
472	288	91	89
468	287	92	90
464	287	93	93
460	287	94	94
458	288	94	93
455	287	93	92
452	285	93	95
450	283	94	93
449	282	93	94
446	281	94	96
442	279	94	92
437	278	94	96
434	277	94	94
427	277	94	93
423	278	92	91
419	279	90	92
413	279	89	92
404	279	91	92
398	278	93	94
391	275	93	95
384	273	95	100
380	270	93	94
376	272	93	93
372	273	91	90
369	270	90	89
368	269	91	88
368	265	91	90
368	260	92	91
370	254	91	91
369	252	92	91
368	243	93	92
393	239	93	91
391	232	92	93
400	226	89	96
401	223	91	94
407	220	90	94
410	217	90	92
414	216	90	92
415	213	91	92
419	213	89	89
423	212	87	88
430	212	86	91
437	211	85	88
442	211	87	88
449	210	86	86
456	210	83	85
459	210	84	83
459	211	86	83
461	212	85	82
459	214	84	83
453	218	84	81
446	220	84	85
437	225	84	86
427	226	87	87
416	230	90	88
407	234	91	89
396	238	91	90
379	245	97	92
359	248	105	93
342	251	107	93
324	256	109	95
303	260	112	94
285	262	114	93
270	264	115	96
255	266	116	96
246	270	111	96
227	273	116	94
223	277	108	95
205	279	116	94
206	283	105	94
196	283	105	93
189	286	105	92
183	286	106	92
182	286	102	91
177	287	101	90
178	287	98	89
181	287	95	90
184	285	93	88
188	284	103	90
191	283	105	95
205	282	100	94
217	283	100	90
229	283	100	89
239	283	102	88
253	282	102	88
270	281	97	87
286	280	92	85
295	279	94	83
304	277	95	84
315	276	94	87
321	275	97	86
326	275	99	85
330	275	100	87
335	275	101	86
340	276	100	87
346	277	99	85
350	278	97	85
348	280	96	85
348	281	99	86
344	283	99	87
342	283	98	87
336	283	99	88
333	284	98	87
328	282	97	87
324	280	98	88
319	279	98	87
316	278	98	86
315	275	97	86
315	273	94	86
312	271	91	85
309	270	90	84
304	268	88	85
299	268	88	84
293	268	88	85
287	268	88	86
283	269	87	86
279	269	87	86
277	269	87	85
277	270	86	85
279	270	83	85
282	271	82	85
287	270	81	84
291	269	83	86
298	269	84	86
306	270	83	85
314	272	85	87
326	273	84	86
336	273	87	89
351	275	89	88
368	270	87	86
382	265	90	86
400	261	88	87
413	254	90	87
431	250	87	89
442	243	89	88
454	235	91	90
466	226	92	94
477	216	95	100
489	208	97	104
502	201	97	105
514	193	97	105
523	185	98	102
536	176	98	102
550	166	96	104
560	157	98	104
572	145	99	105
583	134	102	107
609	124	102	102
625	116	101	100
636	110	105	101
653	108	102	101
665	105	105	105
679	104	105	100
693	102	103	102
705	102	100	101
711	100	101	97
717	99	102	95
722	97	102	95
727	96	100	94
732	97	99	93
735	95	99	93
737	96	99	91
741	96	98	89
745	94	98	91
749	95	101	91
756	93	100	92
766	94	98	89
775	91	101	93
785	91	103	92
795	88	103	95
806	86	103	93
811	85	104	90
814	83	102	91
816	81	103	90
816	83	104	89
817	80	104	92
819	81	102	91
824	80	102	93
823	81	103	93
825	80	106	95
828	79	106	96
829	80	107	96
829	79	107	98
829	79	110	97
829	78	111	99
829	81	109	98
827	83	110	99
824	88	110	99
819	91	111	99
816	93	111	99
812	95	110	98
808	98	111	97
803	100	109	97
797	101	109	97
792	101	108	97
787	104	108	96
782	104	109	95
776	104	108	95
772	105	110	96
769	104	109	98
765	105	110	97
763	104	110	98
762	105	110	98
761	106	110	97
760	106	111	98
759	106	112	98
759	105	112	98
760	104	112	99
761	104	112	99
765	103	113	100
770	102	112	100
774	104	113	100
780	104	112	100
784	107	111	98
789	109	111	97
792	113	110	94
794	116	108	92
793	119	103	91
788	123	104	91
781	131	101	88
774	136	99	88
766	141	100	88
756	150	97	86
748	154	94	84
741	157	92	82
737	159	90	80
736	159	89	81
735	161	86	79
735	162	85	78
733	163	84	77
733	165	85	75
734	167	85	75
735	170	84	74
734	173	85	73
734	179	84	72
732	184	82	70
732	186	81	70
730	193	80	67
731	194	78	70
732	197	77	68
734	200	74	66
734	202	72	67
734	203	72	68
735	203	72	69
734	205	70	68
733	206	70	69
730	206	70	69
727	207	69	70
722	208	70	68
715	210	71	70
709	211	71	69
702	215	69	68
692	217	70	68
683	218	71	69
674	223	69	66
664	225	71	68
654	227	71	70
645	231	66	66
636	235	66	65
626	238	69	64
615	239	70	67
604	241	72	67
595	241	69	66
587	243	66	65
579	243	68	67
574	246	67	66
567	246	67	66
562	247	64	65
557	249	64	61
552	249	65	60
547	251	68	62
545	251	68	62
545	251	67	62
545	251	67	62
545	251	68	61
548	250	66	62
552	248	67	64
555	248	66	64
560	246	67	66
566	246	66	65
571	244	65	65
576	243	66	65
582	241	66	66
588	239	67	65
594	237	66	66
600	235	65	64
605	236	65	64
608	233	64	62
610	231	64	60
604	227	70	62
552	172	85	77
559	170	89	77
566	170	90	76
575	172	90	76
583	174	87	77
589	173	87	77
593	171	88	80
598	168	89	82
604	166	88	82
605	163	90	81
607	159	90	82
609	156	90	82
611	154	90	82
615	151	90	82
620	147	92	83
626	145	91	83
634	142	91	84
642	139	90	84
649	137	90	84
656	134	90	87
660	134	92	86
665	134	92	86
667	136	90	84
668	136	91	86
668	138	92	85
666	140	92	85
663	140	92	87
659	142	91	87
653	143	90	87
648	145	91	86
645	145	91	86
642	146	91	85
639	147	91	85
637	147	91	85
637	146	91	84
637	147	90	83
636	147	90	83
637	147	90	82
638	147	92	83
640	145	93	85
644	145	94	86
651	145	94	86
658	145	94	84
666	145	93	85
670	146	94	84
672	146	92	84
672	147	92	84
670	147	94	85
664	149	93	87
656	151	94	87
644	155	94	85
632	158	96	85
617	161	96	85
600	166	98	85
584	172	98	83
568	177	97	80
553	180	97	81
542	179	95	83
523	181	93	81
515	179	92	84
508	178	92	82
503	178	92	82
500	178	92	81
497	178	93	81
495	181	92	80
495	182	91	79
492	185	92	78
491	186	95	79
488	193	97	78
486	197	99	79
484	205	99	78
479	216	98	78
476	225	98	79
472	241	106	79
469	251	104	79
458	257	101	76
451	262	114	77
447	265	112	78
442	268	112	79
439	270	115	79
436	271	118	80
433	272	121	81
426	273	126	80
420	274	137	82
413	272	136	83
413	269	127	84
413	266	116	83
414	261	110	82
422	255	104	83
426	246	100	84
431	239	97	85
437	231	101	88
444	222	105	93
456	216	110	93
465	201	107	93
478	190	107	98
487	181	110	98
498	172	109	99
516	168	108	95
528	166	109	96
539	161	107	97
551	158	107	99
560	158	107	98
572	158	105	95
581	156	106	94
592	153	104	96
603	153	104	95
615	150	104	98
629	154	103	94
638	153	104	96
649	151	104	98
657	150	103	96
663	151	103	95
670	150	100	94
672	151	99	91
672	150	98	91
673	149	98	89
673	149	98	89
669	149	97	88
666	148	97	88
663	147	97	89
662	147	97	88
660	147	97	88
661	147	96	88
660	147	96	88
662	147	97	90
663	146	98	90
664	146	97	91
664	146	97	90
663	147	97	90
664	146	98	90
663	145	98	91
663	145	97	93
661	146	97	95
659	150	97	91
653	151	100	93
646	154	99	93
641	157	98	90
635	160	96	93
628	162	94	88
620	164	94	89
611	170	94	90
603	176	92	93
592	179	91	92
584	186	90	90
575	191	88	90
569	194	86	88
565	196	84	86
562	196	81	83
560	196	81	83
559	192	82	84
558	188	83	85
558	186	83	85
558	186	82	81
556	187	81	80
555	188	79	79
553	189	78	80
550	190	80	80
547	191	77	81
545	193	75	78
542	194	76	76
539	192	77	78
538	193	76	79
474	138	100	92
481	130	101	100
488	129	103	102
496	127	105	103
506	127	103	102
513	125	104	100
520	124	105	98
528	123	103	98
538	121	99	95
539	118	102	96
550	117	97	96
557	116	98	97
564	116	100	94
569	116	101	94
572	115	105	93
581	114	104	98
588	113	108	98
526	199	82	81
519	211	75	76
508	213	74	74
498	217	73	73
479	221	72	76
465	223	75	78
453	227	75	80
442	230	74	79
433	231	74	78
423	232	73	78
416	234	72	76
409	236	71	76
403	238	71	74
399	239	70	74
395	238	70	73
392	237	71	74
392	236	71	73
396	235	71	73
401	233	72	72
405	231	75	71
412	227	76	71
417	225	78	69
421	222	79	68
427	220	79	68
429	219	79	66
430	220	80	64
429	218	79	64
427	218	80	64
425	219	80	65
421	218	80	68
415	220	81	70
410	220	83	71
406	222	84	70
403	223	84	70
401	227	82	77
404	233	85	83
411	252	84	81
419	267	84	82
427	278	85	85
436	292	87	84
444	302	85	80
451	306	83	80
454	314	82	77
457	318	81	77
452	323	79	75
447	328	79	74
441	331	80	74
435	331	80	76
431	335	81	74
429	340	79	73
428	346	78	73
428	349	78	74
429	351	77	72
430	351	77	71
432	352	75	70
434	349	75	70
437	349	74	70
439	348	75	71
443	348	74	71
447	349	74	69
449	351	74	70
450	350	74	68
452	350	73	69
452	349	73	69
451	348	73	69
449	345	74	71
446	345	73	71
442	345	76	71
439	343	77	72
435	343	76	71
431	341	78	73
428	345	77	72
423	344	78	73
419	345	78	72
415	347	78	72
409	345	78	74
402	346	78	74
396	346	78	74
390	343	78	74
384	340	78	72
378	338	78	73
374	334	77	73
371	332	75	72
367	330	76	71
367	332	74	70
368	331	74	70
368	328	76	71
373	325	76	71
381	320	77	71
384	318	77	69
385	316	76	71
382	314	76	71
379	311	76	71
378	308	76	72
379	306	76	71
382	306	75	72
384	306	75	71
384	306	74	71
382	307	75	71
376	310	77	72
368	310	80	74
359	310	82	76
351	313	82	77
343	315	83	76
336	319	82	79
324	323	84	80
312	327	85	81
305	332	83	79
297	336	84	79
290	340	83	77
285	342	82	79
280	345	83	79
276	347	83	78
271	347	83	78
267	350	82	77
265	352	81	76
261	353	82	77
259	353	82	76
255	356	84	75
254	354	83	75
253	353	84	75
252	351	82	75
251	348	82	75
248	345	82	75
246	341	82	75
244	337	82	76
243	333	82	77
242	330	83	78
242	329	84	77
243	328	83	75
243	328	83	76
243	328	81	72
241	326	80	72
241	323	80	73
241	321	78	70
242	320	78	69
242	319	77	69
244	316	77	71
244	312	77	70
246	306	77	73
247	295	79	75
248	285	80	75
249	274	80	76
250	257	81	83
255	242	81	81
264	235	82	76
278	236	82	76
298	233	83	74
313	229	82	74
330	228	81	77
359	228	82	80
373	229	80	80
385	229	79	80
393	228	80	75
399	226	80	75
402	222	80	74
405	217	80	74
407	216	80	75
411	215	80	75
414	217	81	74
417	220	85	78
419	223	85	82
420	223	86	87
422	223	90	91
424	223	101	90
430	226	97	89
434	228	95	87
440	229	95	87
445	231	92	85
447	231	96	88
448	232	93	88
452	229	89	91
449	223	88	91
446	221	86	84
442	219	85	82
437	217	84	78
432	219	84	76
427	222	83	74
425	221	82	74
422	220	82	74
421	220	82	74
422	218	84	76
425	218	84	77
428	216	85	77
431	214	86	79
437	212	86	79
441	209	86	77
446	205	86	77
451	203	85	77
455	201	84	77
456	199	84	78
458	198	84	79
460	198	83	78
461	199	82	77
461	199	83	76
460	199	83	76
459	200	82	75
456	201	83	77
453	203	84	78
448	204	85	77
443	207	85	75
437	209	85	75
431	211	85	76
425	212	85	77
420	211	85	78
413	210	83	77
405	211	84	77
397	208	85	78
388	206	85	79
379	205	86	80
369	205	87	79
361	207	88	76
355	208	88	75
350	209	89	77
345	209	91	76
342	209	90	76
340	209	91	78
338	209	92	78
340	209	92	80
347	208	91	81
356	206	89	83
366	206	89	82
377	206	88	79
390	207	85	77
402	207	85	77
415	207	88	80
430	207	88	81
445	206	88	79
462	204	89	80
478	200	87	79
493	193	89	79
507	188	87	80
518	183	86	81
527	180	85	78
534	177	85	78
544	175	85	78
551	175	85	77
558	178	85	75
560	179	86	75
561	182	87	75
561	181	89	78
563	180	90	80
564	180	92	80
567	181	92	80
568	179	92	83
571	181	93	81
572	180	94	85
574	179	95	85
576	180	95	85
577	180	94	83
579	182	93	82
581	181	93	82
582	183	92	81
581	182	93	83
582	183	93	82
581	186	93	82
580	184	93	83
579	187	94	81
578	186	94	82
578	187	93	81
578	187	92	82
577	187	92	82
577	189	91	80
576	188	92	81
576	187	92	82
576	189	90	79
575	187	91	81
574	190	92	80
574	191	89	79
574	191	89	79
572	192	89	79
569	192	89	80
566	193	90	81
561	194	90	81
555	193	91	82
546	195	90	82
540	199	87	78
532	203	87	79
525	206	85	77
518	210	86	76
509	211	85	77
500	214	82	77
490	217	82	76
479	217	84	75
469	218	83	75
460	217	82	77
451	214	83	78
444	212	84	77
437	212	82	76
431	209	84	77
426	210	83	77
423	210	84	79
420	207	80	79
419	209	78	84
416	209	77	86
413	210	79	86
410	210	79	86
407	210	79	88
404	211	78	87
400	210	80	88
398	210	80	87
393	211	80	87
392	208	80	87
391	210	79	84
391	210	79	85
390	210	79	84
388	209	80	84
388	211	79	83
386	211	79	83
386	210	78	84
386	211	78	85
387	210	78	88
389	208	80	91
391	207	81	94
394	207	82	94
398	206	80	91
401	207	82	86
407	206	84	87
411	205	83	84
415	201	86	86
419	201	87	81
423	202	86	74
429	201	84	75
434	201	84	76
442	200	83	77
447	200	83	77
453	199	83	77
453	196	85	77
454	194	84	76
453	191	85	76
453	186	84	77
452	184	84	76
451	181	84	76
453	179	85	76
456	178	85	76
460	178	86	77
465	178	85	76
471	177	85	77
478	177	86	77
485	175	86	78
492	174	87	79
500	173	86	80
507	172	86	80
517	172	85	79
524	172	85	78
530	170	86	78
534	170	87	78
537	168	87	79
540	170	86	77
542	170	87	77
543	172	86	76
543	172	86	76
544	173	86	76
544	177	87	75
547	187	86	74
550	198	87	75
557	217	82	81
562	229	83	76
483	247	69	64
486	251	67	59
485	248	66	61
479	245	65	61
473	243	66	60
465	244	66	61
456	246	65	61
445	248	64	60
430	249	65	60
416	249	66	61
404	247	65	65
392	248	66	66
380	249	66	67
368	250	68	66
358	250	66	66
351	249	66	65
344	248	65	63
336	246	67	68
328	246	68	67
323	245	68	68
317	245	68	69
309	247	68	67
302	247	68	69
292	249	69	66
281	252	70	69
271	256	71	68
264	264	70	66
259	272	69	67
253	279	69	70
248	285	70	69
244	289	70	68
243	291	70	68
241	292	70	68
237	291	69	70
231	290	70	69
224	289	70	69
218	288	70	71
211	288	70	69
207	287	70	67
203	285	70	69
202	283	71	68
202	280	72	70
202	274	74	71
204	264	75	72
206	256	76	73
208	248	77	75
213	244	79	73
218	241	80	73
221	238	78	72
223	236	76	70
223	236	77	70
223	236	75	69
220	237	76	70
214	237	75	70
207	236	75	71
198	237	76	72
186	236	78	72
176	237	78	74
163	237	80	74
151	236	80	75
143	236	79	76
136	237	79	75
130	238	79	75
124	237	80	76
119	237	80	75
117	237	80	75
115	237	80	75
114	238	80	74
112	236	80	75
109	235	80	76
105	234	80	76
103	234	80	76
100	233	80	76
98	232	81	77
97	233	82	77
98	230	84	80
100	228	87	82
104	227	88	83
111	225	88	84
119	222	89	84
127	221	89	88
137	218	90	85
150	217	88	86
160	215	88	84
174	214	87	84
187	211	87	82
201	209	87	84
212	205	90	85
226	203	81	83
240	196	86	88
253	195	85	89
266	192	85	88
279	192	84	89
290	187	85	89
303	186	86	91
315	184	86	90
328	180	84	90
340	178	84	88
351	176	84	88
362	175	84	86
369	172	85	88
373	168	86	89
378	166	85	87
380	160	87	88
383	158	86	88
381	156	87	91
379	150	91	95
377	152	91	93
374	153	94	92
371	153	96	91
372	151	94	91
378	153	90	90
380	155	90	87
384	151	89	90
391	156	87	89
399	159	87	89
409	161	87	85
422	164	87	87
435	159	89	87
451	157	92	89
467	151	94	89
484	148	93	91
502	146	91	90
517	141	91	90
531	136	90	90
544	133	91	90
559	128	90	89
576	126	91	87
593	123	92	89
606	121	94	87
622	118	96	86
639	117	94	85
655	115	92	85
669	115	90	85
683	117	92	83
695	113	90	85
703	113	90	83
711	113	89	82
719	109	92	84
734	108	93	84
748	106	93	84
760	107	92	84
768	110	92	82
772	115	92	79
779	115	91	84
785	118	93	84
790	115	96	89
799	115	96	87
806	115	98	85
813	111	98	88
819	107	100	88
829	108	98	85
836	106	99	84
846	107	101	84
860	105	97	87
868	102	91	87
877	102	82	83
889	104	70	78
895	105	64	79
899	104	60	78
903	105	56	76
908	107	51	75
915	111	44	72
911	112	47	68
910	113	49	66
908	112	51	72
912	110	47	76
916	111	43	83
919	108	40	96
921	108	38	98
923	107	36	102
925	107	34	109
925	113	34	106
928	121	31	97
926	118	33	100
927	115	32	103
926	117	33	101
926	117	33	99
927	114	31	106
925	123	33	95
926	119	32	99
928	119	31	103
923	142	35	88
920	143	38	88
912	211	46	93
906	219	52	112
896	228	62	107
888	252	71	88
913	144	46	78
925	141	34	62
921	145	38	60
909	146	49	66
900	148	58	68
890	150	69	71
879	150	79	71
870	151	80	71
863	153	78	70
854	152	78	69
841	156	79	70
823	163	80	67
810	165	77	67
809	167	75	67
803	168	75	70
792	171	77	70
779	176	78	72
768	180	78	71
760	182	78	73
753	184	78	72
745	186	78	72
738	190	77	69
735	192	77	69
730	194	76	69
725	195	78	69
721	196	78	69
717	198	75	67
713	201	75	66
709	203	74	66
701	205	72	67
694	208	71	66
685	208	70	68
675	206	72	70
664	208	72	68
651	205	78	70
643	204	74	70
637	206	71	70
627	204	73	71
619	208	72	69
617	210	68	64
614	211	68	63
614	212	67	62
614	214	68	65
615	217	68	65
617	219	67	66
620	224	67	64
630	227	67	69
644	232	65	67
655	233	63	65
664	236	62	67
666	237	64	68
674	237	62	67
674	236	64	66
674	237	66	67
670	239	66	66
665	240	65	67
657	239	65	67
649	241	65	66
638	240	68	71
625	239	69	70
612	241	68	71
597	242	68	73
581	244	70	74
563	246	69	74
545	246	72	75
528	243	76	72
512	247	74	69
406	207	71	84
397	203	75	82
394	203	76	82
393	201	77	81
395	201	81	85
399	197	79	85
406	197	80	87
410	195	81	87
418	194	80	89
426	195	78	87
431	194	80	91
438	191	78	86
444	192	78	86
450	191	76	85
458	189	76	84
465	189	76	81
474	189	73	80
482	191	76	81
487	195	81	85
494	199	82	84
496	206	86	84
505	211	88	86
514	224	83	79
502	238	94	76
444	245	82	72
442	248	76	70
440	246	75	69
439	248	72	66
438	249	71	63
440	250	70	62
442	250	69	63
443	250	69	62
442	250	69	62
438	251	69	62
431	251	68	64
425	253	67	61
415	254	68	61
406	255	67	62
395	255	68	64
382	257	71	67
367	257	73	68
353	256	74	70
341	258	73	69
332	256	71	69
321	258	69	66
306	257	70	67
295	258	70	65
290	259	67	64
289	259	68	64
290	259	68	64
292	258	68	64
293	257	67	65
296	260	65	63
300	259	65	64
305	259	66	66
311	258	67	69
316	259	68	68
323	259	68	70
332	259	66	69
341	259	66	68
350	260	65	66
357	261	64	66
362	260	64	67
365	261	64	66
368	260	62	66
369	261	63	66
371	261	62	65
371	261	62	65
369	261	64	65
363	263	65	68
357	262	63	65
350	265	63	68
342	265	63	69
333	267	62	68
323	267	61	66
311	270	61	68
296	272	62	63
279	275	62	65
256	277	66	69
232	276	70	71
208	278	73	71
188	280	74	73
175	280	73	71
164	283	73	71
159	284	67	65
158	284	65	62
158	283	62	61
157	280	67	64
162	276	68	64
170	275	67	65
182	273	68	66
192	271	69	66
208	268	68	65
222	265	69	64
238	260	68	65
258	254	68	65
274	249	68	63
289	245	69	64
304	240	71	65
319	237	70	70
331	234	73	68
343	232	71	67
354	231	68	69
359	226	72	69
367	227	69	68
371	224	72	69
375	225	71	67
377	224	71	67
378	224	72	67
381	223	70	67
382	222	70	69
384	222	68	72
386	222	65	71
385	224	66	71
379	220	69	72
374	219	73	71
370	219	74	70
367	217	73	70
364	215	72	70
359	215	72	71
352	214	74	73
345	214	75	74
339	213	76	75
334	212	77	76
330	211	77	77
329	211	76	76
326	210	77	79
324	207	77	79
323	207	77	79
323	206	76	78
323	205	75	79
323	204	75	77
322	204	75	77
321	203	76	77
320	207	76	73
318	203	77	79
317	198	74	80
312	188	81	84
311	191	82	80
310	192	81	76
310	191	79	85
309	190	76	80
309	187	79	82
311	185	81	83
314	185	79	82
316	183	79	83
315	179	82	85
316	180	81	81
317	176	81	83
323	178	77	79
324	181	78	74
325	174	80	82
328	173	81	84
333	172	80	83
335	170	83	84
339	170	83	84
345	174	81	79
350	169	80	81
357	173	77	75
361	168	78	80
366	167	79	82
370	167	80	82
376	167	81	81
383	166	80	82
388	165	80	81
396	165	78	82
401	166	77	80
407	174	78	72
416	178	73	73
425	182	73	75
431	189	76	71
438	193	74	74
444	195	74	79
448	197	76	84
454	198	77	85
454	201	75	79
457	206	74	77
461	215	74	72
466	220	73	78
473	239	71	78
480	255	76	76
486	266	77	75
492	279	76	70
501	288	73	69
511	285	74	68
515	281	73	71
518	278	74	69
522	276	72	68
520	279	74	67
520	276	71	68
523	279	69	67
524	284	72	64
530	284	68	65
554	219	97	88
549	216	103	92
549	217	104	94
546	215	106	96
546	213	107	98
545	211	106	97
545	211	105	96
545	212	105	92
542	214	107	92
537	217	110	95
530	217	110	98
523	216	107	99
512	216	104	101
503	214	104	99
493	211	104	97
483	205	103	98
473	200	103	99
461	194	104	97
453	188	102	98
446	184	101	97
439	183	100	98
432	184	99	97
426	187	101	98
421	189	100	96
416	192	101	97
414	192	101	95
412	193	100	94
409	192	99	93
406	194	102	92
405	195	101	93
404	195	101	92
404	197	100	91
400	198	101	92
401	201	101	93
399	203	101	93
399	208	101	92
396	210	101	91
394	213	102	90
390	218	101	90
388	219	102	92
384	224	100	92
382	232	100	88
379	233	98	90
375	241	97	87
373	244	98	87
374	247	97	88
377	248	96	90
383	251	95	89
392	251	95	91
400	250	95	91
406	248	96	91
414	246	95	90
420	242	97	90
428	236	94	90
435	235	94	88
443	236	93	87
449	237	93	86
456	237	93	86
463	242	89	88
469	245	86	89
471	247	87	94
474	250	88	92
476	252	89	95
481	256	87	97
483	256	88	98
484	254	90	97
485	252	89	97
486	252	89	99
487	251	88	99
489	250	88	96
488	251	88	94
489	251	88	94
488	252	89	95
490	254	89	95
489	255	88	95
487	257	88	93
482	259	91	96
476	262	91	101
467	264	93	104
457	266	94	103
447	268	95	102
436	270	95	105
424	274	94	104
415	278	93	102
405	277	89	99
395	281	88	99
386	280	88	96
377	278	87	95
371	279	86	93
365	277	86	93
360	274	85	92
354	272	87	90
351	268	87	89
346	264	92	84
347	265	92	82
347	266	92	83
349	266	90	83
350	263	91	86
352	262	91	85
355	261	91	83
357	261	90	85
358	262	91	83
360	262	90	82
359	261	91	82
358	261	92	83
358	259	92	83
359	257	91	84
358	254	91	84
358	252	91	83
358	250	92	83
359	246	94	85
365	243	93	83
375	241	91	83
386	239	91	85
397	239	91	84
407	238	94	84
421	234	93	87
434	228	94	87
450	219	97	85
468	213	96	86
485	203	98	89
501	194	98	88
516	187	97	87
531	181	99	88
545	167	97	94
554	152	100	94
563	138	104	99
571	129	101	93
588	123	96	93
599	120	93	89
606	121	91	87
611	121	91	88
614	121	92	86
616	123	92	84
617	123	92	85
614	128	93	87
612	136	94	85
610	143	94	84
609	146	92	83
608	147	91	83
607	147	91	83
610	145	93	87
617	145	94	87
628	149	92	86
633	152	93	84
639	155	93	84
643	158	92	84
646	156	93	85
656	156	92	86
665	155	92	85
673	156	91	83
675	157	89	82
674	164	89	83
671	172	90	82
665	180	93	84
655	191	92	83
645	200	93	84
637	207	89	83
633	212	90	79
631	217	90	81
628	224	90	79
623	230	91	82
615	237	90	83
600	248	92	86
586	256	93	87
574	262	91	84
562	266	89	81
554	268	84	79
551	267	86	80
549	263	87	79
549	258	87	82
549	253	87	82
549	251	86	81
546	247	87	80
539	243	87	80
528	241	89	84
512	240	91	83
498	237	89	84
485	229	88	82
482	224	87	80
485	221	86	79
496	223	85	77
511	225	89	79
535	230	92	84
556	232	91	85
576	233	89	82
590	230	87	82
606	226	86	79
621	222	87	78
639	220	88	79
657	225	90	77
675	230	90	82
694	232	91	82
716	233	90	85
731	232	88	82
741	231	81	79
738	232	82	76
728	230	83	80
715	232	85	82
697	233	87	84
683	233	86	82
669	234	86	82
655	233	85	81
642	233	84	81
630	231	84	82
618	230	84	81
608	230	84	81
599	227	84	81
591	224	84	80
584	219	84	81
580	213	86	81
576	208	86	81
572	204	84	80
568	201	84	80
563	199	83	80
557	199	82	79
551	198	82	79
544	198	81	79
537	198	80	77
528	200	79	76
519	202	80	74
511	202	80	72
503	203	79	72
497	202	81	74
490	200	80	74
484	200	80	72
477	201	82	73
469	202	81	74
459	201	82	77
444	201	87	78
412	185	111	97
442	103	130	123
464	99	139	126
486	91	141	126
519	81	138	128
540	75	138	125
567	75	139	123
591	76	137	128
613	79	137	129
626	84	136	129
648	90	133	126
667	90	135	130
688	85	140	129
712	81	139	128
738	70	139	134
759	65	144	134
782	56	155	137
807	53	146	134
834	52	122	133
865	52	94	132
880	71	79	120
892	80	67	126
897	92	62	134
888	128	71	135
857	230	101	142
747	315	93	112
739	360	101	116
741	329	98	119
687	351	129	132
507	275	107	134
485	239	81	76
502	240	71	70
510	243	70	69
518	243	71	69
526	243	70	69
533	243	68	69
537	243	68	68
542	244	67	67
546	243	67	66
550	242	67	64
555	242	64	64
555	242	63	64
555	242	63	64
555	240	62	63
556	241	62	64
555	240	63	64
556	240	62	63
556	239	62	64
557	239	62	64
558	238	63	63
559	239	63	64
559	239	63	62
561	238	64	62
562	238	63	63
563	237	63	64
565	237	63	63
566	236	62	61
568	235	62	64
570	235	61	63
573	235	60	62
575	235	60	65
576	235	62	64
578	235	63	65
581	235	62	65
585	234	60	66
587	233	61	65
590	231	60	67
590	231	63	66
592	230	63	65
594	230	62	66
595	230	63	67
598	231	62	68
600	232	61	67
600	233	60	66
600	233	61	67
601	233	61	65
599	232	62	62
596	231	63	64
594	231	59	63
589	231	60	64
583	231	61	64
579	230	59	62
573	230	59	64
568	231	58	64
560	231	60	64
554	232	61	66
545	230	63	67
539	232	63	64
530	234	63	63
525	234	59	63
517	236	59	64
508	240	59	63
501	241	60	62
493	243	62	61
487	245	64	61
482	245	64	61
478	245	62	60
474	244	61	59
472	243	60	60
469	241	60	60
466	240	64	61
463	240	66	65
461	240	65	63
459	242	66	63
458	241	65	62
458	241	66	64
458	242	65	63
458	243	64	64
458	244	63	63
456	245	62	61
454	245	64	63
450	244	62	62
445	244	65	63
438	244	63	61
430	243	64	63
423	241	66	64
416	240	67	65
404	239	69	66
391	238	71	61
372	236	72	60
306	186	76	87
300	187	78	87
295	185	78	85
291	184	78	87
290	184	78	86
290	183	78	86
292	183	79	86
294	182	82	88
298	181	83	90
307	181	84	94
315	183	84	92
320	184	83	92
329	185	81	90
334	186	81	89
336	186	81	85
339	186	81	85
343	184	80	87
349	182	80	87
354	182	81	85
363	183	80	85
371	184	81	84
379	184	84	84
393	185	84	82
403	190	88	81
417	193	89	80
429	197	91	79
443	197	94	79
462	198	92	80
477	198	96	77
493	198	95	76
511	198	91	74
527	198	87	73
540	198	84	73
541	197	89	75
555	197	82	74
559	197	82	72
558	197	84	73
552	196	83	75
544	194	83	77
527	191	86	79
508	187	93	84
494	183	89	87
478	179	87	87
462	178	89	91
450	175	85	88
439	175	82	85
435	175	78	84
432	175	78	83
432	172	80	82
436	171	80	84
440	168	80	87
447	166	82	87
454	165	82	86
462	163	82	85
472	160	83	86
485	161	82	86
498	160	82	86
513	158	81	88
528	157	81	88
541	156	83	87
557	155	82	85
572	155	79	86
580	155	79	85
581	157	80	82
579	159	79	81
568	158	84	83
552	159	86	85
538	161	87	88
523	160	89	88
507	157	91	88
491	154	92	88
478	154	90	87
466	154	88	86
454	156	88	84
444	157	87	83
432	161	87	82
425	163	83	80
420	166	83	80
415	167	82	80
413	166	83	79
411	165	82	78
408	163	83	80
408	162	84	82
405	161	83	83
402	162	83	81
395	163	81	80
387	163	82	79
378	162	81	79
369	161	82	81
359	165	83	83
342	168	84	82
336	169	82	82
328	171	83	82
321	173	84	82
316	176	84	80
314	180	84	79
313	182	85	78
311	183	84	78
310	182	85	79
311	181	84	79
311	179	84	80
312	175	87	81
317	173	86	84
323	172	86	84
327	173	87	82
332	173	87	82
338	175	85	80
340	179	83	78
343	180	81	78
346	182	79	82
350	183	77	84
351	185	77	84
352	192	78	87
356	200	80	85
361	209	82	86
369	219	83	90
377	226	84	89
386	238	82	86
394	244	80	89
400	248	81	87
403	250	81	88
407	251	79	87
408	252	80	86
408	251	79	84
409	253	78	83
407	254	78	83
406	256	78	85
404	257	78	83
403	259	77	85
401	262	77	82
400	264	76	84
400	265	77	84
399	266	78	85
400	267	79	86
403	269	78	86
405	268	80	85
410	267	79	90
416	265	81	89
422	261	84	91
434	253	84	91
444	245	88	95
457	239	88	98
471	230	88	98
488	225	89	97
506	215	88	88
525	210	91	82
541	207	90	84
555	202	90	85
567	199	89	86
577	197	87	85
584	197	86	83
588	196	86	83
590	195	85	81
592	195	85	80
593	195	83	79
594	198	84	78
594	199	83	77
594	203	84	77
596	205	84	77
596	208	84	80
594	209	84	81
591	211	86	84
587	212	84	84
581	213	85	84
575	213	84	83
566	216	87	82
557	217	86	81
545	219	88	79
533	220	86	80
520	220	85	79
508	216	87	80
495	212	89	81
482	206	90	82
467	203	90	82
449	200	90	87
428	202	90	85
414	205	91	85
399	204	92	87
379	207	92	84
359	205	92	85
330	203	99	88
309	204	102	89
295	200	103	90
281	198	103	90
271	199	100	90
264	196	101	90
265	194	96	91
263	194	97	89
262	193	99	92
264	192	97	96
266	192	96	95
268	191	96	91
270	191	95	89
271	192	96	87
275	190	98	86
278	190	98	87
285	187	96	88
291	186	96	89
299	186	96	91
311	185	92	92
320	184	94	91
329	184	96	91
338	183	97	92
347	182	98	95
357	184	98	95
366	187	98	94
379	192	96	95
389	194	98	92
400	193	98	90
412	193	96	91
422	193	98	90
437	197	94	87
441	194	99	85
445	192	101	86
451	194	97	87
453	194	97	86
454	193	97	88
451	192	98	87
452	190	96	87
451	188	95	85
451	188	93	85
450	188	91	86
449	190	89	86
448	192	88	85
447	191	87	85
448	190	85	85
449	190	85	84
449	191	85	84
449	190	84	83
449	190	84	83
450	190	85	83
453	192	84	83
457	192	83	82
461	193	83	82
464	193	83	81
469	193	83	81
475	193	83	82
480	193	84	84
486	195	84	81
490	196	84	80
494	198	84	78
497	200	83	79
498	199	82	78
496	201	82	77
493	201	83	78
487	200	83	79
480	201	84	80
473	202	84	80
464	204	84	80
453	205	83	80
440	207	85	79
426	210	87	79
415	211	87	80
406	211	84	80
396	211	84	81
388	212	83	80
381	212	83	80
377	212	83	78
375	213	82	77
375	214	81	78
375	213	82	78
375	213	81	77
375	213	80	77
375	213	80	76
375	215	81	75
376	218	80	75
377	219	80	75
377	219	80	76
378	219	79	75
379	219	80	76
380	219	79	75
381	218	78	74
381	218	79	74
380	218	79	74
379	218	79	75
376	218	78	74
372	218	77	74
369	218	77	74
365	218	79	73
362	217	78	73
356	214	79	76
349	215	77	76
342	216	78	77
335	217	79	77
326	218	79	78
320	218	79	75
313	219	78	75
310	220	77	74
309	219	78	75
312	218	82	76
318	218	85	76
327	216	86	79
335	214	89	82
343	214	90	82
349	214	91	82
353	214	94	82
362	217	93	81
371	219	92	82
380	221	89	83
388	224	88	82
394	227	87	80
406	228	83	78
414	228	81	77
420	230	77	76
426	231	76	74
430	231	76	72
435	230	75	72
438	228	76	73
441	225	77	74
444	223	76	74
447	220	76	74
448	217	76	73
447	216	75	73
446	212	77	72
444	211	76	73
442	210	76	73
436	211	76	73
431	211	77	75
426	213	75	74
421	216	73	78
414	219	75	79
406	225	74	81
400	230	73	83
392	234	74	86
382	244	76	85
375	252	78	85
376	262	85	89
377	267	92	87
378	271	86	86
383	274	80	87
391	272	82	90
400	273	82	88
409	273	81	86
417	272	79	85
425	270	79	84
431	270	78	84
437	270	77	85
439	267	78	83
440	267	77	84
441	267	77	84
441	268	77	86
443	270	73	86
441	273	71	85
439	273	74	87
438	275	76	86
437	273	79	84
441	274	79	79
444	273	80	77
447	272	79	78
449	269	79	76
449	266	78	75
448	262	77	74
447	259	77	73
444	255	78	74
442	250	80	74
440	247	79	74
442	244	79	73
447	240	81	73
455	236	82	72
466	232	82	73
475	230	83	75
487	229	83	74
496	227	84	77
503	225	85	77
510	224	84	76
516	221	83	76
522	219	82	75
528	216	83	76
534	215	82	77
540	212	82	77
546	211	83	77
559	212	75	81
565	212	76	80
572	211	76	79
580	211	75	80
585	211	74	80
588	212	74	78
593	214	73	77
596	212	74	78
600	212	75	79
604	210	76	77
607	208	76	77
608	207	76	77
609	206	76	77
605	207	75	76
596	209	74	75
583	210	76	78
568	212	78	81
551	213	79	79
534	213	76	78
517	212	76	78
499	213	77	79
484	213	76	79
472	212	77	80
464	211	76	78
456	210	77	78
451	210	75	77
445	210	74	76
438	210	74	75
427	204	82	77
421	205	81	77
415	206	81	77
406	207	80	76
401	208	80	76
397	209	80	75
396	209	80	74
395	209	80	74
399	208	81	74
405	207	80	76
413	207	81	76
421	207	81	77
430	210	80	75
440	213	80	74
448	214	81	74
457	217	81	75
466	218	81	75
475	220	81	75
488	222	81	77
496	221	85	78
508	222	84	77
516	222	88	77
526	222	88	78
537	219	87	82
546	218	88	80
552	216	91	80
558	214	94	81
559	216	92	80
561	214	91	80
563	212	93	82
562	211	94	83
564	212	94	82
565	211	93	84
566	212	92	85
566	213	92	86
565	213	93	86
564	213	94	86
563	213	94	85
563	211	93	85
564	211	92	84
564	212	90	82
567	211	90	83
569	210	90	82
571	210	89	80
572	210	89	80
572	208	90	80
573	208	88	78
575	207	86	78
578	206	86	78
581	205	85	78
584	204	83	79
586	204	81	79
587	203	80	79
586	201	82	79
586	204	83	78
581	206	82	77
578	206	84	80
571	208	84	78
563	209	83	77
555	210	83	78
545	211	84	79
534	214	79	81
517	216	81	84
503	215	85	81
492	212	85	86
484	212	85	86
475	213	84	78
471	212	80	75
468	209	82	76
466	208	83	74
463	205	83	74
459	203	84	76
454	201	84	77
447	201	83	76
444	201	84	76
438	201	84	77
434	202	84	77
430	205	84	76
425	206	83	75
423	205	83	76
422	204	84	76
421	205	83	76
420	206	84	76
419	206	86	76
418	206	86	75
416	205	86	77
414	205	85	79
410	204	85	80
406	205	87	81
401	205	87	80
395	206	87	80
392	204	88	81
387	206	90	81
384	205	89	81
381	205	89	81
379	203	88	81
377	204	89	81
376	203	90	81
374	203	90	81
373	203	90	81
371	203	91	81
370	203	92	82
370	203	92	81
370	202	92	81
370	201	91	80
370	201	90	81
370	201	92	81
370	201	92	81
370	201	92	81
370	200	92	81
371	198	92	81
373	196	94	82
378	194	93	82
384	191	90	82
388	193	89	81
392	191	88	80
395	192	83	77
398	192	80	76
399	190	79	75
398	189	78	75
399	189	78	75
399	189	78	74
399	189	79	75
398	190	79	76
396	189	79	77
395	189	80	76
395	190	79	76
395	189	79	76
392	191	80	76
387	194	80	78
381	198	81	76
377	204	79	74
374	206	80	73
369	206	83	76
363	206	87	78
354	205	88	80
344	203	90	82
333	203	92	83
324	203	91	84
310	202	93	85
300	202	92	84
292	202	93	84
286	201	93	84
283	200	92	82
281	199	93	82
281	197	95	84
286	197	95	84
291	196	95	84
296	196	95	85
301	196	95	84
305	197	96	84
308	197	96	83
310	197	97	84
313	197	96	84
316	197	96	83
320	197	96	83
324	196	96	83
327	195	96	83
333	195	95	82
336	195	94	82
341	195	91	82
343	195	91	83
346	195	90	84
349	195	88	81
351	195	85	80
352	194	81	79
354	193	80	79
356	194	79	79
360	195	78	79
364	196	78	78
365	196	78	76
367	196	78	76
369	195	79	76
371	196	78	76
370	195	78	75
371	195	78	75
370	194	79	76
370	194	79	75
369	194	79	76
370	194	79	76
369	193	79	76
370	193	79	77
369	193	79	76
369	193	80	77
370	193	79	76
371	193	79	77
370	193	80	78
370	192	81	78
367	192	84	77
360	192	89	78
358	190	91	81
358	189	93	82
356	190	93	82
355	189	96	83
355	190	96	84
355	189	96	85
355	189	96	85
354	189	96	85
353	189	96	86
354	190	95	85
353	189	96	85
353	189	95	86
353	189	94	85
354	189	92	85
358	189	90	82
363	188	88	82
368	187	85	81
370	187	83	79
371	187	82	79
371	187	82	78
371	187	82	79
372	187	82	78
372	186	82	78
372	186	81	77
371	186	81	77
371	186	82	78
370	186	81	77
370	187	81	77
371	188	80	76
370	190	79	75
371	189	78	76
371	189	77	76
370	189	78	76
370	190	78	75
369	190	78	74
367	189	79	74
366	189	79	74
365	190	79	74
364	190	79	74
361	193	78	73
360	195	78	72
358	197	78	73
358	200	77	72
358	203	76	72
357	206	77	77
356	210	77	77
357	213	77	79
357	214	78	80
358	217	76	77
361	221	73	80
363	222	73	81
363	224	72	83
364	223	69	83
365	225	71	83
364	229	70	81
363	229	71	74
367	230	67	72
371	227	70	75
370	224	76	79
398	163	96	93
399	159	101	95
402	157	101	96
402	157	102	97
403	157	101	97
400	157	100	97
394	159	97	95
386	157	99	98
373	158	100	97
362	156	100	97
349	154	96	96
338	153	99	98
326	153	97	98
315	155	97	93
304	158	99	94
291	159	102	96
279	164	103	97
405	226	82	88
415	227	80	85
424	228	81	87
433	229	81	89
443	229	82	89
456	232	80	87
467	233	80	87
482	233	77	84
496	235	72	82
502	233	74	82
508	235	76	81
511	230	79	81
512	228	81	78
514	224	84	78
516	223	83	74
517	220	83	75
518	219	84	76
519	219	85	77
522	221	85	75
526	222	86	75
531	222	87	76
537	222	88	77
542	222	89	78
549	222	89	78
554	223	90	78
560	223	89	78
564	222	88	78
568	222	88	78
571	222	88	77
574	221	88	78
576	221	88	78
578	221	89	79
580	222	90	80
581	221	89	80
581	222	91	79
582	221	90	80
584	221	90	79
585	222	89	78
586	220	86	77
588	220	85	77
588	218	85	76
589	218	84	76
590	217	84	76
590	217	84	76
590	216	83	76
589	215	83	76
587	215	83	76
586	214	81	75
582	214	80	75
576	214	81	74
571	214	78	75
565	215	78	76
558	213	80	77
549	213	80	80
540	216	78	82
527	217	79	87
513	216	79	83
499	219	78	84
481	219	80	85
465	221	80	88
447	219	82	86
430	216	83	86
416	214	81	88
405	210	80	87
396	209	81	84
392	207	80	83
390	204	80	86
389	203	78	84
389	202	78	82
391	200	79	85
395	201	78	83
399	202	76	82
400	204	76	82
401	205	77	85
401	206	78	86
401	206	77	86
402	208	77	85
402	209	78	84
402	210	78	82
403	210	78	84
407	209	78	84
410	209	78	85
414	209	78	85
420	209	78	84
424	210	78	84
428	210	78	83
430	210	77	82
434	210	76	80
436	212	76	81
438	211	77	82
441	212	77	83
444	212	77	81
447	208	78	81
449	208	79	80
454	208	76	81
456	219	77	85
458	230	77	84
462	241	74	84
468	250	72	78
472	257	70	77
474	259	70	81
473	261	71	80
472	265	74	80
470	267	76	80
469	265	76	81
468	266	76	83
468	265	77	83
468	264	76	83
468	261	76	83
468	259	76	83
467	256	75	83
468	253	74	83
467	248	73	81
468	245	72	79
467	243	70	77
467	241	71	77
464	237	74	77
464	233	76	78
464	231	76	79
467	228	78	76
474	228	77	79
481	227	77	77
489	228	77	74
498	227	78	74
508	226	77	73
512	224	78	72
515	224	79	72
516	221	80	74
518	221	79	73
517	221	78	74
515	223	78	75
513	225	78	75
509	228	78	74
505	230	77	75
502	231	77	73
496	232	77	75
489	233	78	75
482	235	77	75
474	236	77	76
463	237	79	76
454	239	78	77
445	242	77	76
438	243	77	76
431	244	77	76
429	243	78	78
430	240	79	78
438	239	78	76
449	238	78	76
461	236	79	76
475	232	83	78
488	230	82	77
499	226	82	78
506	222	83	78
513	217	83	79
518	214	83	77
524	210	83	78
531	207	83	78
536	207	81	76
541	208	81	76
544	208	80	75
546	207	81	76
549	206	81	77
550	205	82	77
552	204	81	76
553	205	81	76
554	205	81	76
554	207	82	74
550	209	83	74
543	211	85	75
525	215	95	82
510	220	99	88
491	229	107	88
472	239	110	82
456	247	113	81
557	255	81	79
557	252	70	73
546	251	67	65
538	255	66	63
527	258	63	62
516	260	64	66
508	257	63	62
502	254	64	61
501	252	61	60
501	251	59	60
500	249	59	59
499	247	59	61
500	247	59	60
501	245	58	60
500	247	58	59
495	246	61	60
490	245	61	61
486	245	60	60
480	244	61	62
474	244	61	63
468	244	61	62
462	243	62	62
459	243	62	64
453	243	63	71
432	246	83	76
443	238	84	84
450	226	95	90
469	212	87	90
478	200	85	85
483	193	85	77
489	194	82	76
490	195	85	77
491	201	85	77
492	206	85	76
495	207	81	77
494	206	80	77
490	204	82	77
488	202	82	77
487	201	82	77
486	201	83	77
485	200	82	76
484	199	82	76
485	198	82	77
487	198	83	78
489	196	87	83
491	194	90	85
492	193	92	87
493	194	93	88
494	197	94	88
495	197	94	87
497	197	93	85
498	198	92	85
496	199	92	85
497	199	93	85
497	200	93	84
497	199	93	84
498	199	94	84
498	200	93	84
498	199	94	84
499	200	93	83
499	199	92	85
500	200	91	86
500	200	91	85
500	199	90	85
498	199	92	86
497	200	91	86
492	201	89	87
490	202	89	90
488	203	87	97
486	202	87	99
488	204	84	94
490	204	81	89
493	203	78	88
493	202	77	86
494	201	78	85
496	200	79	84
497	200	84	82
502	198	84	88
507	198	86	91
514	197	88	92
521	196	87	93
526	196	85	90
530	195	84	85
532	195	81	86
529	195	80	85
527	193	79	86
527	192	75	86
525	192	77	82
522	193	78	84
522	195	78	86
523	195	78	86
522	196	76	86
522	197	75	85
519	197	76	84
515	198	77	80
510	199	78	82
503	202	78	83
494	204	79	87
478	207	84	91
461	208	90	89
449	212	90	89
436	213	92	89
425	213	91	90
416	210	92	87
409	209	92	89
401	208	92	89
394	208	91	88
392	208	87	83
392	209	80	79
392	208	80	79
395	209	89	80
402	210	91	83
408	208	93	85
418	208	94	87
430	208	93	88
442	207	94	89
457	204	94	88
471	204	94	89
485	203	94	90
499	203	95	87
513	203	94	87
536	203	93	85
543	205	93	87
547	204	93	86
549	207	92	83
545	207	89	82
535	208	90	83
527	207	90	83
521	205	91	83
517	203	92	82
517	205	90	81
517	205	88	81
521	205	85	84
528	205	84	89
532	204	85	82
539	202	82	81
543	202	80	79
543	201	80	79
545	201	79	79
546	201	78	79
549	204	77	79
548	204	79	78
547	205	79	78
547	205	79	79
543	205	79	80
539	205	80	82
537	205	80	81
535	204	80	80
536	204	78	78
538	204	77	78
538	204	77	77
537	204	78	78
533	203	79	78
533	204	78	78
526	206	79	79
523	207	79	81
519	214	80	82
513	218	80	81
509	226	80	83
503	229	79	81
498	233	78	79
498	234	75	78
495	236	75	76
495	233	74	76
497	230	75	78
504	225	76	78
513	222	75	74
523	219	75	73
531	217	73	72
537	216	73	73
539	216	73	74
539	219	75	73
534	222	75	75
528	224	76	77
519	230	76	77
508	231	75	76
496	234	77	82
485	237	78	79
415	163	90	89
419	162	91	93
421	162	92	93
422	163	93	92
426	163	92	92
429	163	92	91
433	163	92	90
437	164	92	90
442	165	92	91
448	166	91	88
452	170	91	87
461	171	88	90
470	172	87	89
478	174	85	86
483	174	86	84
486	177	88	82
487	180	91	83
489	183	96	84
413	239	77	71
408	239	74	71
402	242	75	70
397	243	75	71
391	243	75	72
384	244	75	71
379	243	76	71
376	244	76	69
373	244	76	70
372	244	76	71
371	243	76	71
370	243	77	71
369	243	78	72
369	243	78	71
368	243	78	71
367	243	79	71
366	244	79	71
366	243	80	73
365	244	81	73
364	243	81	74
361	243	82	73
360	243	82	73
359	244	82	73
357	245	83	73
358	243	83	77
359	242	84	79
361	243	84	79
361	241	87	79
360	244	86	77
359	248	84	76
355	252	85	77
351	258	84	77
347	261	85	79
343	265	85	79
341	264	86	78
341	265	86	78
339	265	86	77
340	260	85	80
341	257	84	81
342	254	83	81
342	251	84	80
341	249	84	79
339	248	88	80
340	250	86	79
340	249	86	82
342	250	85	83
345	253	83	83
344	254	85	82
345	252	87	82
347	254	86	79
348	252	86	81
354	254	82	77
355	249	82	79
354	249	80	77
357	245	79	78
360	245	78	78
366	245	75	77
372	245	76	77
379	243	77	79
386	241	77	80
395	240	78	79
402	238	78	79
410	236	78	81
420	234	77	81
428	232	79	80
438	230	79	82
449	230	79	81
458	230	80	86
467	230	82	86
477	231	80	84
485	232	80	82
492	233	79	82
495	234	79	80
498	235	76	80
499	234	75	79
495	237	75	80
489	236	77	80
483	234	77	80
476	233	77	81
469	231	77	80
462	230	77	81
456	230	77	80
449	230	77	82
440	229	78	82
434	229	77	80
428	229	76	79
419	228	80	79
413	227	80	80
411	227	79	77
409	228	77	75
410	230	74	73
410	231	74	73
410	232	74	73
413	232	72	73
417	234	73	72
418	233	74	71
420	233	73	70
420	233	72	69
418	232	73	71
413	233	74	69
407	234	74	73
402	236	74	69
396	234	74	69
391	233	75	70
387	233	75	70
383	230	76	71
381	231	75	72
379	230	76	72
379	229	75	70
378	228	75	70
378	227	76	69
378	227	75	70
378	226	77	70
382	224	77	72
381	225	79	69
384	222	77	70
388	220	75	70
389	221	74	70
390	220	75	70
395	220	74	73
398	220	76	73
402	219	77	74
406	217	81	73
413	214	81	75
419	214	81	75
424	214	81	75
428	215	82	75
432	218	84	75
438	223	84	74
444	224	84	75
452	226	84	75
464	225	81	78
468	222	82	77
473	220	83	76
476	215	84	77
478	210	84	77
481	204	85	77
485	199	84	80
489	198	85	80
494	195	84	81
499	193	85	81
507	190	85	82
514	189	84	83
519	188	85	83
524	188	85	82
527	190	85	80
532	193	86	79
536	195	86	79
542	199	85	78
547	198	84	81
552	197	84	80
556	195	85	81
558	194	84	82
559	199	85	79
560	202	84	80
560	204	83	80
558	202	84	81
555	200	85	80
555	200	84	80
555	204	84	78
555	210	85	79
556	220	86	80
559	230	85	78
557	239	85	74
554	245	87	78
553	251	86	77
550	255	87	79
548	258	88	81
548	259	86	80
548	259	85	81
548	257	85	82
549	256	84	81
550	254	83	79
549	254	83	80
547	253	84	79
546	253	84	79
545	253	84	80
546	256	84	83
547	259	85	82
549	260	84	83
550	261	83	81
549	262	84	81
545	263	86	82
542	267	87	82
540	272	87	82
539	277	87	78
536	277	85	80
533	277	85	77
530	273	85	78
528	266	85	80
524	260	86	79
519	254	86	79
513	250	84	79
505	251	84	77
493	249	86	76
480	247	86	79
465	248	85	78
447	250	85	78
433	252	86	79
419	256	89	82
411	263	91	81
406	271	98	81
401	281	112	81
405	285	121	83
412	289	127	83
422	293	123	82
431	296	131	80
447	298	136	81
458	299	131	81
469	301	128	79
480	302	130	80
491	302	129	81
499	301	129	81
508	301	129	82
512	300	126	81
518	298	123	83
516	296	129	82
517	293	131	83
514	290	133	85
514	287	131	86
514	285	124	86
517	282	119	87
524	277	120	86
532	271	115	91
544	267	108	93
561	265	99	88
578	261	93	88
593	255	91	89
606	250	88	85
614	245	87	81
620	235	87	80
622	228	89	79
625	220	87	78
625	214	87	79
626	214	85	79
624	216	84	77
624	219	85	76
623	219	84	78
621	220	83	77
620	219	83	77
618	219	83	76
616	216	84	78
614	215	85	78
612	212	85	77
607	210	85	78
603	209	85	79
600	208	85	78
595	210	86	80
589	212	84	81
583	213	85	80
579	212	86	79
575	211	85	79
571	211	85	78
570	210	84	78
570	209	85	79
571	209	84	80
572	208	85	82
575	209	85	82
576	212	84	78
578	215	84	76
579	215	84	77
583	214	85	79
590	215	86	81
599	218	88	81
609	220	87	81
618	225	88	81
626	227	88	81
633	227	93	82
640	231	95	79
646	234	96	77
652	238	96	76
654	243	95	74
658	249	93	74
655	255	96	73
656	261	94	73
660	266	92	72
662	269	95	74
668	277	91	71
671	280	87	71
670	285	88	69
666	291	94	70
670	298	92	69
669	305	94	69
673	308	93	70
677	312	92	69
680	315	91	68
682	315	92	69
685	314	94	69
688	313	93	69
691	310	89	69
683	308	94	69
680	305	95	70
668	303	103	69
665	303	99	70
659	302	100	71
659	303	97	70
659	305	94	69
659	306	93	70
659	306	92	70
653	305	96	70
652	301	93	72
647	298	94	72
646	293	94	72
646	290	94	72
645	286	93	73
643	281	95	75
641	277	97	77
635	266	99	83
633	261	96	84
630	252	90	81
625	238	92	85
621	223	92	84
620	208	89	83
618	201	89	80
619	202	86	79
620	205	84	78
621	211	85	77
628	213	87	78
636	217	89	80
647	217	87	79
658	216	94	77
664	216	92	77
670	215	88	77
673	216	85	75
676	218	87	73
678	217	86	73
678	215	83	75
673	213	83	76
668	213	84	76
662	214	85	78
654	216	84	79
648	218	83	78
641	216	85	79
636	215	84	80
630	213	83	81
623	212	83	81
618	212	84	84
610	212	84	82
604	214	84	83
598	216	87	84
594	215	88	86
498	154	100	89
514	151	101	89
527	151	101	88
541	147	101	94
552	144	103	96
560	143	103	92
567	143	103	91
571	145	101	89
572	147	99	88
571	149	99	86
570	150	98	85
571	151	96	86
571	153	96	87
570	154	97	88
573	156	95	90
575	157	94	89
578	159	97	90
585	161	93	90
593	165	92	88
606	169	96	93
620	174	100	99
636	177	103	101
650	179	104	103
670	174	105	106
689	173	103	103
701	171	104	104
713	173	100	99
723	177	94	90
728	176	92	88
732	175	92	91
733	175	95	92
735	174	96	92
735	173	98	92
735	172	99	91
736	172	100	90
737	172	100	91
735	175	102	91
735	177	101	91
734	179	101	92
733	181	101	88
733	182	100	91
733	184	97	87
730	186	99	89
729	187	100	89
729	189	94	87
728	192	92	87
727	195	92	85
726	196	86	84
723	198	86	86
717	204	86	86
710	207	86	84
705	212	84	84
696	216	84	79
691	219	82	75
689	218	82	77
689	219	80	75
688	217	78	75
689	217	81	75
690	215	82	75
693	213	84	77
701	215	83	78
709	215	86	80
724	219	82	78
739	220	82	77
753	218	84	81
765	220	84	81
774	219	84	82
782	219	83	81
788	219	84	82
794	223	82	80
802	226	81	76
805	226	81	75
808	224	81	75
808	226	81	74
808	224	82	77
806	223	88	84
805	226	87	93
806	228	87	84
808	230	86	86
809	230	87	84
811	232	88	81
816	235	87	79
820	234	87	77
823	236	87	75
827	236	87	75
830	236	87	75
833	236	87	75
834	236	87	75
834	234	88	79
828	234	90	80
823	230	90	83
816	230	94	86
807	229	93	86
800	232	89	81
790	235	90	80
784	236	88	79
779	235	87	79
778	235	84	78
774	235	86	78
777	235	81	75
774	237	83	74
777	239	79	76
777	239	79	78
780	241	80	78
781	242	81	78
782	241	79	75
780	242	80	76
781	239	78	77
779	238	82	78
784	236	79	77
790	234	78	81
795	234	78	77
799	236	79	74
802	240	79	72
805	238	79	73
807	238	79	74
809	237	78	72
809	234	80	72
803	230	83	73
796	227	83	74
785	225	85	75
771	223	88	76
753	220	88	78
735	219	89	81
715	218	90	82
694	219	91	80
672	219	90	78
647	221	89	77
635	219	84	77
622	219	84	76
612	220	82	73
607	220	80	71
604	223	77	68
602	222	75	68
602	220	74	68
602	220	74	68
604	219	74	71
608	223	74	71
614	226	76	70
622	222	75	72
630	221	77	74
641	222	77	74
651	223	79	75
660	225	78	73
668	226	76	72
675	230	74	71
679	230	73	72
680	229	74	72
680	228	73	73
680	226	74	73
679	223	73	73
675	222	74	72
669	219	76	72
662	219	73	71
653	215	74	73
642	214	75	74
629	214	77	74
615	212	77	73
601	211	75	71
589	210	74	73
579	207	73	74
574	208	73	73
572	209	69	74
575	209	69	74
576	206	69	71
497	181	82	77
509	181	83	77
524	183	82	77
536	184	81	77
544	185	82	79
547	189	79	75
548	194	78	72
545	197	77	74
540	199	76	76
533	201	77	76
525	201	78	77
518	199	80	79
509	196	81	80
496	195	84	80
482	194	86	80
469	195	89	81
454	198	91	81
437	200	93	81
422	202	95	83
405	201	97	84
388	203	99	84
372	203	100	83
355	202	100	80
342	201	96	79
332	200	95	78
325	197	93	77
319	198	93	76
318	198	92	74
321	199	93	75
329	198	97	80
336	197	99	83
343	194	99	82
350	191	96	82
357	189	98	83
364	188	96	82
370	187	96	81
377	186	95	81
384	186	96	82
393	189	96	82
399	192	94	81
406	193	88	82
409	196	88	80
409	199	86	80
409	200	88	82
407	201	87	82
407	199	90	82
406	199	90	83
411	201	86	81
414	202	86	81
416	203	89	81
416	205	89	81
416	207	90	81
414	211	90	81
413	214	87	81
415	215	86	78
415	215	86	80
418	214	86	80
423	212	85	81
425	207	86	83
430	201	83	84
429	195	83	81
430	193	83	83
429	191	82	82
425	190	79	83
420	191	78	83
414	188	78	82
408	184	79	83
402	182	79	81
395	178	82	80
394	174	80	83
391	174	77	84
387	174	79	80
387	172	78	82
387	172	77	82
387	171	77	81
389	173	75	83
392	173	76	83
395	174	78	83
398	173	78	83
401	174	75	83
403	175	76	82
401	175	75	82
400	174	76	81
398	174	76	81
401	173	75	81
399	173	75	81
399	173	75	82
400	174	75	83
401	176	76	83
403	175	78	84
404	175	77	84
403	174	80	83
396	173	81	79
389	170	83	82
381	168	84	82
373	165	85	81
367	164	84	79
361	163	84	79
357	164	83	78
355	166	83	76
354	168	82	77
353	169	81	77
354	169	81	76
355	169	81	77
356	169	81	77
354	169	81	77
352	170	82	76
351	170	81	78
347	171	83	76
344	170	82	78
341	170	83	78
338	170	83	76
337	170	82	78
336	170	82	78
335	170	81	78
334	170	81	78
330	172	83	77
325	172	84	78
317	175	85	77
310	177	85	78
305	178	85	78
303	179	84	76
301	177	83	76
302	175	82	76
304	174	80	77
304	174	81	77
304	173	81	77
303	173	82	77
301	170	83	77
299	166	84	79
299	162	84	80
300	160	83	79
300	158	82	78
298	157	82	78
296	158	83	79
291	163	85	78
289	167	85	78
288	171	85	79
290	178	83	75
291	180	83	75
296	184	81	74
297	184	81	75
298	184	81	77
300	184	81	77
301	185	81	77
304	186	82	78
308	185	81	79
314	186	81	79
320	185	84	81
332	187	84	78
345	188	89	77
366	191	89	78
389	193	89	81
410	191	88	92
433	192	90	96
456	192	86	92
475	190	86	90
492	184	84	91
505	181	84	91
512	183	88	96
517	187	89	94
521	186	91	98
529	191	84	92
527	203	81	86
523	208	80	87
513	208	82	87
500	206	84	93
489	204	83	91
478	202	84	87
469	200	84	87
465	196	82	84
463	195	82	84
462	193	80	83
461	193	79	84
460	192	78	84
462	192	77	85
460	193	78	82
460	192	79	82
460	191	82	84
466	190	81	84
471	193	82	82
478	197	83	78
484	198	82	80
486	198	84	82
489	199	83	80
489	198	83	81
491	199	83	80
492	200	84	81
496	202	83	80
498	205	82	80
500	208	82	78
500	210	82	79
499	213	83	78
498	215	84	79
497	219	84	81
499	224	84	83
502	229	82	80
506	233	81	78
512	232	80	80
518	229	81	80
521	227	81	78
523	223	81	80
522	219	85	78
517	217	86	80
510	213	89	83
502	208	91	81
497	202	91	82
493	197	92	82
487	195	92	83
483	194	93	82
479	194	93	81
478	192	93	82
477	192	93	81
479	191	95	82
484	190	97	84
492	188	103	89
504	190	106	92
517	189	108	94
528	189	106	94
543	190	104	93
551	190	106	92
557	191	105	91
564	189	104	90
569	191	101	87
573	190	99	87
573	190	97	87
567	189	103	87
559	188	103	88
551	187	104	89
541	185	102	88
532	184	102	87
525	182	103	88
517	181	103	90
510	180	104	90
505	180	100	88
502	180	96	86
502	181	96	84
502	179	94	84
502	180	95	86
507	181	98	90
513	184	103	92
520	182	106	92
529	182	106	92
538	180	105	91
547	182	104	89
552	181	102	88
556	181	100	88
557	183	99	89
556	183	100	91
555	185	101	90
555	185	98	89
554	184	98	87
552	182	97	86
553	183	93	84
552	182	92	83
551	185	94	84
551	185	93	86
554	190	91	85
556	189	90	84
558	190	87	83
557	190	85	81
556	188	86	81
551	190	82	79
545	193	82	80
537	195	81	85
527	195	83	89
517	197	80	89
504	196	82	88
490	197	82	88
479	198	77	92
470	192	80	90
459	192	83	90
452	188	84	89
454	185	82	88
453	180	84	84
452	181	85	85
451	181	85	83
447	179	85	86
442	180	84	86
438	182	84	84
435	184	84	82
435	185	84	81
430	185	85	81
427	183	87	80
426	180	88	83
427	177	88	84
428	176	86	83
429	176	85	81
430	177	85	79
429	182	84	77
427	184	83	79
424	186	82	78
421	186	81	78
417	185	81	78
411	182	82	78
404	182	81	81
395	182	80	82
384	186	80	84
373	189	80	83
364	192	79	84
354	195	80	85
349	197	81	85
343	195	81	82
342	191	81	80
343	188	80	80
345	186	79	80
349	185	78	83
350	186	80	79
353	187	80	79
353	184	84	80
352	185	88	83
348	183	93	83
345	183	94	83
342	182	93	84
333	182	95	84
325	182	98	84
321	183	97	83
315	182	98	83
310	181	97	83
303	182	99	83
300	180	98	84
295	177	98	84
290	175	100	84
287	172	98	85
284	166	99	88
287	166	96	93
290	165	96	92
292	164	98	93
295	165	101	101
299	165	105	101
307	167	101	98
314	170	98	101
318	172	95	103
320	173	96	103
321	177	97	98
319	183	98	97
324	184	96	98
325	182	94	98
330	181	93	103
334	181	94	91
337	181	95	87
342	180	92	86
343	181	94	85
343	181	94	85
343	182	93	84
343	181	94	86
341	178	93	87
340	176	93	85
340	173	92	83
337	172	88	83
333	173	87	83
329	177	84	80
326	179	84	80
324	179	85	81
323	179	85	80
327	180	84	80
332	178	84	80
343	176	81	84
352	174	81	87
364	175	80	84
372	182	82	86
383	190	81	87
391	197	78	87
399	205	77	86
407	207	73	84
409	206	75	85
412	206	72	81
412	207	71	79
412	208	71	80
411	208	72	80
409	206	74	81
412	203	74	82
415	201	76	81
421	199	74	81
426	200	74	79
429	203	75	82
433	207	76	81
434	213	75	81
435	214	75	82
432	215	77	83
431	209	76	82
428	208	76	83
426	210	73	81
423	216	70	82
422	220	70	83
422	223	71	85
427	223	80	87
433	222	78	85
442	221	74	84
448	219	77	84
451	217	83	87
466	214	77	85
480	213	76	85
485	212	82	87
495	210	81	88
500	203	82	87
505	199	84	82
508	196	83	78
512	193	82	77
513	192	81	76
513	191	82	77
513	190	82	76
513	191	82	75
514	191	82	75
515	190	83	76
516	190	83	76
516	190	83	76
517	190	85	77
521	188	86	77
525	186	86	77
532	186	83	76
529	184	85	77
525	183	88	80
523	183	91	81
520	186	92	80
514	185	96	81
513	182	94	81
511	183	95	81
511	182	94	82
509	184	94	82
508	183	93	83
508	182	94	84
507	180	94	86
505	178	97	88
503	178	97	88
500	177	98	90
498	179	98	91
496	180	97	92
495	181	97	91
494	183	97	90
495	185	96	88
497	184	99	93
503	185	99	90
512	184	99	93
518	184	99	91
526	182	98	93
531	183	98	92
534	185	95	90
536	184	95	89
535	183	96	89
531	181	96	89
527	180	98	91
524	181	98	90
522	181	98	90
522	182	98	91
523	183	99	91
524	183	99	91
527	184	98	90
531	183	98	89
535	183	99	88
542	183	98	87
547	181	97	88
550	180	96	87
552	180	96	87
554	180	94	85
555	180	93	84
555	179	92	85
552	179	91	84
549	180	90	82
544	181	89	82
538	180	88	81
533	184	88	79
527	183	88	81
522	184	90	82
516	185	88	81
512	182	81	85
509	181	81	84
507	180	81	85
506	186	80	92
500	194	85	99
495	207	88	101
492	220	87	103
490	231	86	100
485	241	89	94
478	245	84	88
468	249	77	90
458	250	78	84
450	247	75	82
442	244	73	81
436	243	73	79
430	242	74	82
428	240	75	83
427	237	74	82
426	236	75	84
427	232	76	85
428	231	77	85
432	230	79	91
438	229	79	90
444	228	78	88
445	226	77	82
443	231	72	82
435	234	71	84
419	237	75	86
400	237	79	89
382	239	79	92
364	239	81	91
346	239	83	95
333	236	79	89
319	232	81	89
307	226	82	82
296	220	83	79
287	215	83	78
279	207	83	80
276	201	84	80
273	196	85	81
273	191	85	80
275	190	84	80
278	190	84	81
283	192	83	80
289	191	82	82
298	193	81	80
306	194	80	81
311	194	80	81
313	193	83	78
315	193	81	79
316	193	81	79
313	195	81	79
310	194	81	78
311	193	81	81
310	193	81	80
310	192	81	82
311	193	82	80
312	194	82	79
313	194	82	78
315	195	83	80
319	194	85	80
328	195	84	79
338	197	85	77
351	199	85	78
365	205	85	77
381	210	89	81
397	217	90	83
413	226	94	80
425	235	95	78
439	243	101	75
451	253	104	74
456	260	107	75
461	269	101	76
469	275	100	75
475	282	93	71
479	284	93	71
481	287	91	70
479	292	94	69
475	298	93	71
473	306	92	72
458	314	96	74
457	317	93	73
456	319	90	70
459	320	88	69
461	322	89	70
459	323	91	70
464	322	89	72
458	320	95	72
444	317	97	75
429	319	100	75
547	308	72	71
542	312	66	65
540	316	63	61
538	318	61	62
533	320	60	63
525	321	62	63
519	323	63	61
512	321	65	64
506	318	65	64
500	314	66	63
495	311	65	63
493	309	63	62
489	307	64	62
486	303	64	62
482	302	63	62
478	298	62	62
471	296	64	65
408	295	79	74
399	289	84	76
402	283	84	80
399	277	88	79
404	271	87	84
404	266	87	89
404	258	85	91
404	252	86	91
401	247	88	95
394	241	91	96
391	222	90	100
392	214	88	97
394	205	85	94
396	202	84	92
404	203	81	94
407	212	81	93
403	219	85	97
408	228	82	96
413	231	83	93
418	233	83	89
426	231	82	91
436	229	83	89
446	226	83	91
463	225	80	89
478	227	82	90
497	229	82	91
517	231	83	93
541	232	82	88
561	234	84	89
581	235	86	94
594	239	90	91
612	238	91	91
637	234	87	91
652	232	89	91
664	230	93	92
684	227	90	88
701	227	88	83
713	231	85	78
719	230	81	79
726	230	80	82
730	233	81	84
725	246	78	79
714	249	80	81
697	254	81	79
684	259	79	78
669	259	76	81
656	256	71	86
641	252	73	83
628	247	72	76
617	238	73	74
608	232	70	74
602	229	69	71
601	230	69	68
603	228	69	68
610	230	65	70
613	234	67	72
614	236	69	75
615	238	67	75
615	242	66	73
613	246	67	69
607	241	68	69
603	237	68	68
598	227	66	71
593	224	64	66
584	221	63	64
579	221	60	62
567	220	63	67
555	221	69	75
543	227	69	73
530	228	66	71
514	225	71	73
430	164	74	77
433	165	71	73
434	166	71	76
434	169	71	75
435	172	70	72
436	175	70	71
436	179	68	70
437	182	69	69
438	185	70	69
442	185	69	70
444	182	71	71
450	178	68	71
449	179	70	67
444	177	73	71
440	175	74	72
436	174	76	77
433	174	75	79
429	176	77	76
428	175	76	71
428	173	77	75
430	172	78	74
434	170	79	75
440	169	81	75
447	171	82	74
456	173	83	77
468	175	83	76
481	176	84	74
497	178	85	80
514	176	88	81
531	177	90	81
548	176	90	81
564	177	93	81
577	178	89	79
588	174	88	80
593	171	90	79
601	171	86	77
606	169	84	77
609	167	83	77
610	165	84	77
612	164	84	78
614	164	84	77
617	165	84	77
620	165	86	79
624	165	84	80
627	168	83	79
629	166	83	80
632	167	85	80
635	165	90	81
639	163	93	83
641	162	92	83
642	160	93	83
644	160	92	85
644	161	93	85
646	164	92	85
648	165	91	86
649	168	92	85
654	168	90	86
657	169	90	85
660	171	89	83
662	174	88	82
662	174	89	83
663	177	89	81
662	179	89	80
661	179	89	81
660	180	89	80
657	182	88	79
653	183	86	77
649	184	85	76
646	185	84	77
642	187	80	75
642	190	75	72
639	191	74	70
638	189	73	69
636	187	73	69
635	182	74	70
635	178	72	70
630	174	71	71
628	171	71	71
624	166	73	70
621	163	74	70
614	160	75	70
605	160	76	74
596	161	77	72
586	161	75	73
578	164	77	71
568	166	77	72
557	166	77	75
548	171	74	74
536	170	76	75
530	173	76	74
521	173	77	76
510	178	79	77
502	182	78	78
491	188	78	78
479	191	78	78
460	190	87	91
428	173	88	92
400	158	88	87
373	149	86	81
354	142	82	76
338	140	81	74
327	143	79	74
321	144	76	75
318	148	76	75
317	155	77	77
317	162	77	74
317	170	78	74
316	178	78	73
314	185	79	73
310	192	78	74
306	196	77	75
300	198	78	74
294	197	77	74
287	197	77	74
284	192	77	74
279	190	77	73
274	186	77	73
269	184	76	74
262	183	77	75
254	182	76	75
245	184	77	76
240	187	78	75
235	187	78	76
232	188	78	76
229	189	79	75
225	188	81	76
222	188	82	76
217	186	82	74
209	183	83	75
198	181	85	76
189	176	84	77
181	173	84	76
173	171	85	76
167	168	83	76
161	167	84	75
156	164	85	78
153	162	85	77
149	162	84	77
145	162	85	77
144	164	82	73
142	163	81	74
141	163	82	74
140	162	83	75
140	163	83	75
141	163	83	74
141	163	83	75
140	165	83	75
139	165	85	74
139	167	85	72
139	166	85	72
139	166	85	73
142	167	85	73
144	167	85	73
148	167	85	74
154	167	84	75
163	167	83	76
171	169	82	75
183	171	79	76
195	174	78	74
209	178	76	74
221	179	76	75
229	176	74	80
241	176	78	78
259	178	71	80
272	175	70	75
276	177	73	76
283	173	75	77
293	174	72	76
299	171	74	75
306	170	74	74
313	172	72	72
319	169	72	78
325	170	72	77
332	170	72	79
336	170	72	75
342	172	72	80
347	170	73	78
353	170	73	80
356	170	73	79
360	171	74	74
359	169	75	74
359	166	77	74
356	165	79	75
355	162	79	77
354	159	79	77
353	157	79	76
355	156	78	77
356	154	80	78
361	152	80	76
369	153	80	75
378	152	80	75
387	154	81	75
399	156	81	75
411	157	82	74
427	158	83	76
443	159	85	77
456	158	87	79
474	160	86	80
492	162	86	78
519	162	85	76
537	162	85	76
554	160	85	76
565	159	85	75
578	160	80	73
586	160	75	71
588	162	75	67
589	161	74	68
588	161	76	70
584	159	78	70
578	159	80	69
574	157	80	70
570	155	79	71
566	155	79	71
561	155	78	71
558	154	77	70
558	155	76	69
557	155	76	69
558	155	75	69
559	155	75	69
561	156	75	70
563	157	77	71
565	156	76	71
566	156	76	70
563	155	76	70
560	155	76	70
557	153	76	70
554	151	76	71
552	151	75	69
550	151	77	70
548	152	75	68
545	153	75	68
544	153	74	67
540	151	74	68
539	151	73	68
537	149	73	68
537	149	71	68
536	147	73	68
535	147	72	68
533	145	73	69
531	144	74	70
529	143	74	70
529	142	73	71
529	140	74	71
530	139	75	71
531	138	76	72
533	139	74	70
534	139	73	69
534	139	73	70
530	140	75	71
525	141	75	71
520	142	77	70
514	144	76	71
507	145	78	72
497	145	78	71
490	144	79	72
483	141	76	72
475	141	76	73
469	140	73	72
469	139	73	71
466	138	73	75
466	138	72	75
466	139	70	75
465	140	70	75
464	143	72	73
461	146	75	74
453	149	74	73
446	150	74	73
438	149	76	73
432	151	76	74
422	151	77	74
412	154	77	73
401	156	77	74
387	156	77	73
373	154	75	72
359	151	75	71
348	149	77	72
340	147	77	73
335	146	77	73
330	146	76	72
325	146	76	73
319	146	75	71
312	147	78	74
304	149	78	72
294	152	79	71
285	152	81	74
275	154	82	76
267	157	82	74
262	158	81	73
257	159	81	73
255	159	81	73
251	158	82	75
248	159	84	76
242	159	85	76
232	155	86	78
221	154	86	79
209	155	86	76
206	155	86	79
201	159	84	78
196	164	86	80
186	169	87	78
174	175	88	79
162	175	88	78
154	177	85	78
153	177	85	78
150	178	86	77
147	177	87	80
144	176	81	79
140	173	77	78
139	172	79	75
138	171	78	76
136	174	78	79
133	180	78	77
131	182	79	79
127	186	79	78
123	191	79	77
119	194	78	78
120	199	76	74
121	201	77	75
124	202	78	77
128	202	81	76
137	200	82	76
144	199	84	76
150	198	85	76
153	197	85	76
155	197	85	76
157	197	85	75
158	197	83	75
159	197	82	76
156	198	80	77
152	199	80	76
146	200	80	75
139	202	80	75
133	204	81	75
126	208	82	73
121	207	79	72
116	208	79	70
114	205	80	70
113	203	80	70
113	200	79	71
115	198	81	71
119	197	81	70
122	197	81	70
129	198	79	70
135	199	78	70
141	201	76	70
146	202	77	72
157	203	75	74
170	205	76	73
185	205	75	74
200	204	74	73
213	199	77	74
225	195	75	77
236	195	73	74
243	197	72	73
246	201	72	72
251	204	72	73
260	208	69	72
266	209	67	72
269	210	67	71
273	210	66	70
276	209	67	71
279	207	68	72
279	204	68	74
278	201	70	74
275	199	72	75
274	198	69	75
266	198	71	75
259	199	72	75
250	197	74	76
246	198	74	77
237	196	75	74
233	196	75	75
230	196	73	75
229	195	72	77
226	194	75	77
224	191	79	79
225	191	83	77
232	189	87	77
243	188	85	76
257	189	85	76
271	186	86	75
287	185	85	75
302	185	86	75
320	185	84	75
337	184	84	75
355	185	85	77
375	182	86	78
394	182	86	79
410	182	85	77
428	180	86	79
446	178	85	77
459	177	86	74
473	176	87	77
486	175	88	77
499	173	87	78
512	172	85	76
524	171	87	74
534	169	85	75
547	169	85	73
556	166	85	76
566	165	85	76
575	164	86	77
582	162	85	79
586	161	84	79
592	160	82	80
595	160	79	80
599	163	77	77
600	164	78	77
603	164	81	77
607	165	77	77
609	165	77	76
609	167	75	74
610	169	77	74
608	172	77	73
607	174	79	73
603	175	84	74
599	178	81	73
597	179	80	75
593	183	78	73
590	186	76	70
588	185	75	71
588	185	74	70
593	184	76	71
597	184	76	70
599	184	74	70
603	185	76	68
606	186	73	67
608	184	76	68
612	183	78	70
616	182	79	70
621	180	80	72
628	186	76	67
635	183	77	70
641	186	79	68
648	187	78	68
654	188	78	67
660	191	78	66
667	190	78	67
676	192	78	67
684	194	79	67
695	195	78	66
703	194	79	67
713	193	81	68
722	193	81	69
732	192	82	70
741	191	83	72
749	191	83	73
757	192	80	74
763	194	79	72
766	194	80	71
766	194	80	70
766	195	78	70
762	194	77	72
759	195	76	73
754	198	78	70
749	199	78	69
747	201	77	67
743	201	77	68
737	202	76	68
729	204	76	66
722	205	75	65
712	207	76	65
700	208	75	67
689	209	75	68
675	208	76	71
660	210	77	71
645	215	77	70
632	218	77	69
623	220	75	70
615	220	75	70
612	223	71	67
609	224	71	65
607	221	72	67
607	222	70	66
607	221	70	67
605	225	70	66
606	224	71	68
605	223	69	68
606	219	70	68
609	213	74	69
614	209	76	70
622	213	76	68
633	220	74	71
642	225	77	72
651	230	77	70
660	231	76	68
665	229	78	70
671	226	79	70
678	222	78	71
679	220	81	71
683	219	79	69
684	218	80	70
683	217	79	71
680	218	74	71
675	218	72	71
666	217	74	74
654	211	76	76
642	206	78	77
630	204	81	79
622	205	81	81
618	205	79	79
616	204	79	77
615	205	78	81
615	202	78	81
615	201	78	81
618	198	79	79
623	198	78	83
626	199	76	81
628	200	75	77
629	199	74	77
632	199	73	76
634	199	69	74
630	200	68	74
627	200	69	70
623	201	71	70
616	202	71	71
609	202	71	69
604	202	72	71
597	201	72	69
596	202	73	68
594	202	72	67
592	203	72	67
590	202	71	68
588	203	70	67
587	204	63	66
585	203	61	66
585	201	62	69
585	202	65	72
585	203	66	72
586	204	71	72
585	205	69	73
587	207	75	75
584	210	75	74
585	210	72	75
589	208	78	78
592	204	80	80
596	201	85	85
602	197	84	84
604	193	86	82
603	191	83	83
595	192	87	83
588	191	89	97
579	196	92	106
569	197	94	108
445	241	68	81
442	243	65	77
441	241	63	72
437	241	64	68
435	240	64	72
435	238	64	73
436	236	65	72
440	234	62	70
450	191	85	83
436	189	88	93
417	189	93	85
398	192	92	82
368	194	88	78
342	193	86	77
315	190	87	81
285	190	88	78
261	189	86	81
242	190	85	75
229	188	83	75
224	187	80	76
221	184	79	76
221	181	79	75
221	179	80	78
221	178	81	79
222	179	82	78
223	180	82	80
223	181	83	78
225	181	82	78
230	180	80	79
235	180	80	79
241	179	80	79
251	179	80	78
263	178	80	76
276	178	78	75
287	180	77	75
296	181	77	76
303	182	77	74
312	187	76	76
319	188	75	74
323	189	76	74
326	191	74	73
328	192	74	71
327	194	73	72
321	195	72	72
311	196	74	71
297	194	77	72
282	194	78	71
264	193	78	71
247	192	80	73
232	192	80	74
217	191	80	73
207	192	78	71
200	190	77	71
197	192	75	69
194	191	76	69
192	190	77	69
195	194	77	69
197	196	79	69
200	190	84	75
207	187	89	79
220	186	87	78
230	185	87	77
235	184	86	75
236	184	85	75
234	186	84	79
226	188	84	83
217	190	85	84
208	191	85	82
198	190	84	80
192	192	83	77
189	192	82	75
186	192	81	75
186	193	83	75
185	193	83	74
185	193	85	75
186	191	86	75
187	190	84	75
188	188	85	75
190	188	87	78
192	191	87	76
195	193	88	77
197	195	85	74
199	195	87	77
202	195	87	77
203	195	86	76
207	195	86	76
210	195	86	77
212	195	87	76
214	196	86	78
213	198	86	78
212	200	85	77
212	201	85	77
211	200	84	75
210	198	83	74
208	197	83	75
206	198	83	75
204	199	83	76
204	200	83	76
202	203	82	75
203	204	81	74
205	204	80	71
207	203	81	71
210	203	80	69
212	203	78	68
211	202	79	69
211	202	79	68
210	203	79	68
210	202	79	69
208	201	79	69
206	199	77	68
201	198	78	68
198	197	78	71
194	199	79	73
190	201	78	73
188	203	78	72
186	202	79	72
183	199	83	76
183	197	86	76
188	197	86	78
194	195	84	77
199	197	82	77
199	196	83	78
199	197	82	78
197	196	82	77
195	195	84	77
192	192	83	75
189	188	84	75
188	187	83	76
186	185	84	77
186	186	85	77
189	189	84	76
196	194	82	70
204	193	78	68
213	191	77	69
224	190	75	68
235	191	74	67
247	193	73	66
254	196	74	66
264	200	72	65
271	203	72	63
279	203	69	66
283	200	68	66
286	199	68	65
288	199	69	65
291	204	68	64
293	206	68	63
297	207	67	64
298	208	67	65
297	207	68	66
300	208	69	67
302	206	70	67
310	207	67	65
314	206	67	66
318	206	69	66
320	206	70	66
325	205	69	67
330	205	68	67
335	203	68	69
341	199	71	71
350	195	72	73
361	194	73	73
375	189	73	74
387	186	73	75
403	185	73	74
414	183	74	71
427	187	76	69
442	190	75	70
455	195	72	69
468	198	70	69
480	202	68	69
487	203	69	71
495	204	71	69
506	203	74	70
522	202	79	73
537	200	81	72
551	200	82	71
564	198	82	74
573	200	82	74
581	201	77	74
587	200	81	75
594	195	90	79
601	191	94	80
611	189	91	81
617	187	90	81
619	188	87	80
620	188	87	81
620	188	88	79
623	190	88	83
626	192	88	83
629	193	87	82
632	194	88	82
636	194	87	79
640	192	86	79
644	190	87	78
650	187	88	77
656	188	87	77
662	186	87	77
665	186	85	79
668	188	86	77
669	189	84	76
671	190	85	76
672	187	83	76
670	184	84	75
668	182	83	75
669	181	80	75
670	181	81	75
669	182	82	76
671	185	81	74
674	186	81	72
675	186	84	71
680	183	84	71
688	181	85	72
696	178	85	72
704	177	80	71
709	177	80	72
711	180	81	71
707	182	84	75
702	184	82	76
702	185	82	75
701	185	82	74
701	185	82	73
697	184	87	75
695	183	86	74
692	184	87	75
693	187	86	78
691	188	88	81
692	191	87	79
692	189	88	82
694	190	87	83
696	185	85	83
700	184	86	83
705	189	86	80
711	183	87	80
716	187	85	78
721	182	84	80
721	183	85	81
713	193	87	81
704	193	89	85
696	192	89	83
689	194	87	80
685	191	85	79
679	192	85	78
676	190	84	77
674	191	84	76
675	192	83	74
676	192	83	73
677	192	84	74
678	193	85	74
681	192	86	74
685	193	87	77
687	196	87	75
691	198	86	73
695	200	86	73
698	200	85	73
701	202	86	72
705	202	88	72
709	201	89	73
716	200	88	73
721	200	88	75
724	199	87	77
725	201	86	77
722	201	84	78
723	197	85	81
724	198	88	80
726	194	86	80
724	191	88	81
720	189	87	82
716	188	86	82
715	192	83	79
712	193	84	80
711	196	82	75
708	196	83	76
706	195	85	77
704	193	84	76
705	191	82	74
703	191	83	71
703	191	82	70
696	191	84	75
691	193	82	77
682	196	84	80
675	197	84	79
667	197	85	78
660	195	87	78
650	193	86	78
561	223	71	72
560	219	69	66
559	223	67	67
555	222	75	69
553	220	76	75
583	198	80	80
563	211	89	87
560	198	90	93
561	189	86	94
564	181	80	85
567	181	77	77
565	179	80	76
558	179	92	80
548	179	96	85
537	183	85	87
518	192	83	87
502	189	78	88
490	190	78	89
477	188	75	84
463	183	76	88
442	180	77	88
428	182	82	93
418	183	81	90
409	189	79	82
404	190	76	83
394	188	80	79
390	187	78	79
387	187	76	76
385	182	77	77
384	182	80	76
385	181	78	76
384	178	80	80
382	179	79	79
379	183	81	78
375	187	81	80
368	193	82	80
362	195	80	79
354	197	81	81
346	199	81	82
337	197	80	84
320	196	86	88
307	196	88	90
299	197	83	87
288	199	84	86
278	199	84	85
263	201	87	82
257	202	84	80
252	196	85	83
250	191	84	83
251	189	84	83
247	188	84	83
243	188	84	84
238	188	83	86
232	189	84	86
226	190	84	85
217	191	85	85
209	190	86	83
200	190	86	83
194	190	85	83
185	190	84	85
174	192	88	86
167	194	87	86
160	196	86	86
155	199	85	83
149	201	85	81
146	200	84	79
147	198	85	77
148	198	85	77
151	197	84	76
155	198	85	75
161	197	84	77
168	197	84	76
175	196	85	76
182	195	86	76
190	194	86	76
200	194	83	76
206	194	84	75
213	195	83	73
218	195	83	73
222	193	83	72
224	188	82	72
222	186	85	74
216	184	83	76
208	186	83	78
201	186	83	77
192	190	84	79
186	191	83	76
182	193	83	75
180	194	83	74
178	196	83	73
180	196	83	73
184	198	83	75
192	198	82	73
200	198	82	74
209	199	84	74
222	202	80	73
231	204	82	71
238	208	83	70
247	211	81	70
253	211	82	71
258	213	81	68
261	213	82	67
262	214	80	67
263	214	80	68
264	217	79	68
261	219	79	68
259	219	80	69
256	218	79	69
254	217	78	67
254	216	78	67
254	217	78	67
256	221	75	65
260	225	71	68
264	227	69	65
270	229	68	62
278	228	67	62
290	226	66	63
304	225	65	63
314	225	65	63
323	227	67	63
330	227	69	65
335	228	67	65
340	227	66	64
342	228	65	66
342	230	64	67
335	234	65	69
329	236	64	68
322	237	65	70
317	236	65	72
313	234	65	72
309	231	66	73
306	228	66	72
306	226	65	68
305	226	64	65
306	228	62	64
309	228	63	65
312	231	63	65
314	233	63	64
316	235	63	64
316	236	63	64
318	233	63	66
319	228	63	68
322	225	63	71
326	220	63	70
331	220	63	71
334	222	63	71
338	227	64	71
341	232	65	70
346	235	65	75
354	233	65	72
362	230	65	73
366	223	70	73
375	217	69	77
382	218	62	70
388	223	62	66
395	226	63	66
401	228	64	66
411	230	62	63
417	230	63	65
423	224	66	68
425	219	82	68
513	191	70	80
504	193	68	85
487	198	72	89
474	201	73	84
465	203	71	86
456	198	73	87
448	191	70	80
438	184	72	87
425	179	74	82
413	179	74	79
403	182	71	78
395	187	70	75
388	191	68	73
383	193	67	70
381	192	68	70
381	188	70	68
381	186	70	69
381	187	70	70
382	189	68	70
379	192	69	72
376	194	69	70
374	193	71	71
370	191	70	71
367	187	72	71
361	184	72	70
356	187	73	69
351	189	74	69
346	190	75	71
344	189	75	71
342	190	74	72
338	189	74	72
333	190	74	71
331	191	74	71
329	190	75	73
335	190	76	74
344	190	76	72
356	190	75	72
363	190	76	72
369	190	76	72
373	190	75	71
375	190	75	72
377	189	75	75
374	190	76	76
372	191	77	75
369	193	76	74
367	195	74	72
367	193	75	75
366	191	77	78
367	192	79	80
369	191	81	77
375	192	80	75
381	194	77	74
385	195	76	75
388	196	78	74
396	199	78	73
407	201	76	74
415	204	76	72
423	204	74	71
423	202	74	72
423	200	75	73
420	206	76	72
420	214	76	71
420	224	76	72
420	230	75	72
421	236	78	73
429	236	79	78
438	238	80	78
446	241	80	80
451	246	80	77
455	246	78	77
458	243	79	77
463	238	78	72
466	232	78	75
468	229	78	74
469	230	77	73
470	231	77	73
475	233	77	75
481	233	77	78
488	234	77	76
494	231	77	75
500	230	76	73
504	230	76	73
505	230	77	73
507	230	76	74
508	231	76	73
509	232	76	73
511	230	77	74
513	230	77	74
515	229	78	74
517	229	77	74
514	226	77	73
512	224	75	73
507	223	75	75
502	222	75	73
502	222	74	74
501	224	76	75
506	230	77	77
515	237	79	75
527	241	76	76
535	244	79	77
539	246	81	79
534	248	87	81
529	253	87	81
522	256	88	83
517	258	90	85
514	254	91	87
510	249	85	86
508	246	81	84
501	241	86	84
492	242	85	85
478	245	87	83
468	248	85	83
457	254	84	82
450	255	88	85
445	254	87	87
439	250	90	89
441	247	90	90
440	249	90	87
450	253	88	86
463	251	92	87
475	253	90	90
487	252	88	93
502	242	88	103
514	241	90	103
524	247	89	100
540	264	91	91
532	231	75	81
538	232	69	80
538	229	67	76
538	229	65	70
533	230	63	69
526	230	65	72
516	233	66	71
503	237	66	71
490	238	67	69
482	239	67	68
475	233	72	72
509	250	80	78
487	238	88	83
463	230	92	89
453	232	86	88
432	235	87	86
413	237	97	82
397	239	104	83
374	246	95	83
422	235	73	77
424	235	69	67
423	235	67	65
421	236	66	64
417	236	65	63
413	234	65	62
404	232	65	63
396	232	64	60
387	230	64	62
377	229	64	62
366	229	64	61
356	230	64	61
345	231	65	63
338	231	65	64
331	232	63	62
328	233	65	66
325	234	66	62
323	234	65	63
320	232	65	63
318	230	66	65
319	231	65	62
319	231	65	63
318	232	66	64
315	234	66	64
312	235	67	65
312	236	66	65
312	236	66	63
312	236	67	63
312	235	67	64
311	235	67	64
311	235	68	65
310	234	68	66
309	235	68	67
310	235	67	65
311	235	67	63
315	235	67	64
320	232	67	64
325	231	67	65
329	230	68	64
335	232	66	63
339	231	68	64
344	234	65	62
345	233	67	65
345	235	68	65
346	238	66	64
347	238	66	63
347	238	66	62
350	237	66	61
353	236	66	63
354	235	66	63
355	235	66	62
356	234	68	64
361	235	67	62
366	234	68	63
373	233	70	65
381	232	71	67
394	235	69	65
404	232	69	65
410	232	70	67
416	232	71	67
423	239	71	65
427	241	70	64
429	243	69	64
429	244	68	64
424	242	68	64
418	241	69	63
409	238	71	65
397	235	73	66
380	229	74	68
360	225	74	73
335	221	75	79
297	219	83	85
271	217	83	83
250	221	79	76
235	222	76	75
220	224	75	74
209	232	74	68
200	234	71	69
195	236	68	67
188	238	67	66
189	241	64	61
189	242	62	62
190	243	63	61
195	240	64	66
202	238	64	68
213	238	64	68
226	236	65	69
240	236	66	72
253	236	66	69
268	237	65	70
279	238	62	71
286	238	65	69
293	240	63	66
295	238	62	64
297	240	61	64
297	240	61	66
284	238	63	68
278	240	62	66
277	236	62	67
275	235	63	70
272	230	65	72
272	229	66	75
272	226	67	68
274	226	67	66
275	227	69	68
280	227	68	68
284	230	70	69
292	234	68	66
300	236	67	64
304	235	70	66
308	232	75	70
317	230	79	69
331	224	82	71
350	219	80	71
367	216	79	69
383	212	80	75
396	213	80	77
411	216	75	74
420	218	71	69
426	219	69	67
426	219	69	65
423	217	69	64
412	214	74	66
401	209	76	68
390	203	78	69
387	203	70	68
374	205	77	70
369	208	74	72
365	209	74	70
367	210	71	67
366	210	72	68
369	210	71	66
371	209	76	68
379	209	74	68
391	208	73	68
403	208	73	67
415	203	76	73
422	205	79	73
431	208	77	73
440	207	73	71
444	209	73	67
449	213	68	66
445	210	72	70
442	212	73	68
438	211	73	70
433	213	73	68
430	215	72	66
426	214	69	66
419	216	70	66
409	215	71	69
405	217	70	68
399	219	68	67
398	219	65	67
396	217	65	67
392	215	65	67
383	216	69	70
377	220	71	67
371	220	69	67
365	220	70	68
359	217	73	70
355	217	72	70
348	220	72	73
347	222	66	65
333	223	73	81
322	225	77	86
315	226	77	88
304	226	77	88
300	232	73	75
296	231	71	71
290	230	71	67
285	228	73	66
279	226	72	65
276	224	71	63
274	225	70	65
271	227	70	65
268	228	71	66
266	229	71	64
267	228	69	63
262	225	73	65
269	225	66	64
272	224	67	63
276	222	66	63
281	223	65	64
284	223	67	63
288	224	66	64
293	223	68	66
299	223	69	65
307	223	67	67
313	223	67	67
319	222	68	68
326	222	67	67
336	223	66	68
347	224	64	70
358	228	63	67
366	227	65	69
374	228	66	67
385	229	63	65
391	229	64	65
397	229	63	69
404	229	64	71
409	227	64	71
415	229	62	72
419	229	63	71
422	229	63	70
425	230	62	70
429	232	61	71
433	232	60	68
436	233	60	68
439	233	61	70
443	234	62	68
446	235	64	68
450	237	65	66
458	237	62	68
522	217	72	68
507	216	72	68
496	213	72	72
486	211	72	72
475	210	74	70
468	207	73	69
461	205	72	70
454	204	72	69
449	204	74	68
443	203	74	68
440	202	75	68
437	202	74	68
436	202	73	67
434	202	73	67
434	202	73	67
433	202	73	67
435	202	74	68
437	203	74	69
442	203	74	69
447	203	76	70
454	203	76	71
461	204	77	71
470	208	77	71
480	213	77	69
493	226	84	71
506	236	86	73
513	244	88	81
518	252	94	77
520	261	101	75
551	256	93	81
606	234	70	65
616	236	65	59
623	239	64	59
630	240	62	59
637	239	63	60
640	239	63	57
644	239	62	61
645	236	64	60
647	237	62	61
648	236	63	60
649	236	63	60
650	233	65	60
650	232	66	61
651	232	65	62
652	232	65	60
650	231	65	61
650	231	64	59
649	230	65	60
649	230	65	60
650	230	65	59
651	229	65	61
653	227	65	61
654	228	62	59
654	225	65	61
646	226	64	62
639	227	65	63
635	229	67	64
630	232	67	64
628	233	64	62
622	232	64	63
619	231	64	61
619	231	63	63
620	233	63	63
624	233	63	62
627	233	63	60
629	233	63	62
632	234	64	64
633	237	65	65
636	238	65	65
638	238	65	64
635	237	66	65
635	235	66	64
634	235	67	64
634	235	69	65
635	234	69	66
637	231	71	67
640	230	71	67
644	230	71	66
645	231	68	68
646	232	68	67
645	235	69	69
645	235	70	68
646	238	69	68
647	238	71	68
650	239	72	68
648	237	71	69
641	238	71	68
631	235	73	69
622	232	77	71
612	232	80	72
599	234	76	71
589	234	75	71
580	235	75	70
570	236	74	69
560	235	73	71
551	237	73	72
543	239	74	70
540	242	70	66
541	241	67	66
545	244	69	63
554	240	70	68
569	235	69	68
583	234	67	68
595	234	67	68
606	236	63	63
611	234	61	63
612	233	60	64
608	237	61	61
600	238	60	62
592	236	61	62
584	236	60	63
581	235	59	61
576	233	60	62
571	232	60	62
568	227	60	62
567	225	58	62
565	227	58	61
567	229	58	61
572	230	59	61
578	231	60	61
585	229	61	62
593	227	63	62
600	223	66	64
610	221	67	64
619	221	65	63
626	222	64	62
632	222	63	64
635	223	66	64
638	223	64	66
642	223	64	64
646	219	64	66
649	213	66	68
653	214	66	67
655	213	65	67
657	212	67	66
657	213	67	67
659	213	67	65
659	213	68	65
659	212	68	65
659	212	68	65
660	212	68	65
659	212	68	64
658	213	68	64
655	212	69	65
652	213	69	65
648	213	70	65
644	214	69	65
640	214	69	65
635	215	70	66
632	213	71	69
630	210	72	68
629	209	71	68
627	208	70	68
625	208	70	67
620	203	74	70
615	201	74	72
613	200	72	70
613	200	72	70
612	200	72	70
611	198	70	70
610	193	70	72
610	188	70	73
609	186	68	71
609	185	69	70
612	187	70	73
616	189	71	75
622	192	74	74
626	196	73	73
630	198	72	70
632	197	71	72
633	198	70	73
634	200	73	74
639	201	71	71
640	201	69	72
644	203	68	73
645	203	67	71
647	202	67	73
651	203	66	73
652	203	69	74
655	202	82	76
658	204	87	94
659	201	83	79
659	205	80	82
659	206	80	85
658	208	79	84
659	203	82	90
661	200	82	89
664	200	82	86
666	201	83	87
669	205	82	86
673	206	84	89
676	211	85	86
678	213	83	87
681	214	84	88
682	218	84	88
681	222	81	89
679	222	83	91
674	223	82	93
670	225	82	91
666	229	82	92
663	232	82	88
658	235	83	87
656	243	83	87
649	244	85	86
644	248	84	91
641	250	83	87
638	250	86	91
638	249	84	84
637	249	86	88
629	238	87	90
619	234	85	85
608	232	87	87
596	233	90	82
583	237	90	83
570	247	89	89
545	247	89	89
534	250	88	91
526	255	89	93
525	256	86	90
525	254	83	90
522	251	81	85
522	252	80	92
519	252	82	92
518	251	80	93
518	250	80	91
517	251	79	89
520	251	79	86
524	247	78	87
526	246	78	87
528	243	79	91
528	244	79	87
528	239	79	85
527	233	81	89
522	230	81	89
519	223	81	87
525	222	84	88
488	264	74	77
500	264	69	74
535	222	81	92
533	216	84	90
536	210	82	99
537	205	79	83
533	204	80	87
531	203	79	89
525	201	84	95
518	206	86	92
513	207	84	92
503	208	85	89
489	212	82	90
475	206	83	85
462	213	79	84
444	208	81	85
431	209	79	81
419	207	79	79
411	203	80	83
404	198	80	86
403	198	77	86
397	201	78	86
393	201	80	83
389	204	81	81
386	207	81	78
385	206	80	79
383	205	79	79
377	203	78	79
368	200	80	80
358	198	81	82
341	198	89	82
333	198	86	82
328	200	84	81
323	201	82	80
314	202	82	79
307	203	81	81
300	203	83	82
294	202	81	84
289	201	80	85
279	199	84	86
276	201	82	85
274	200	80	82
274	202	79	79
274	202	77	77
275	202	78	76
275	204	79	75
275	204	80	73
274	205	81	72
272	203	82	75
272	203	82	73
277	202	81	73
279	202	83	72
278	202	84	74
281	202	83	73
279	201	85	75
283	202	83	76
283	201	84	78
286	200	83	79
287	200	84	79
289	198	82	80
287	194	82	81
286	192	83	83
286	191	82	83
286	190	81	82
286	191	80	82
291	190	80	82
293	191	81	83
294	190	81	82
295	190	82	83
296	190	81	84
296	192	81	83
297	194	81	83
296	195	82	83
293	193	82	85
291	191	82	84
285	190	81	83
282	190	80	83
281	190	80	81
279	191	81	81
279	192	80	81
279	191	81	81
277	189	82	82
276	189	83	81
274	188	82	81
272	187	83	83
274	189	83	83
276	194	84	83
279	199	86	82
281	202	84	81
283	201	82	79
282	202	83	80
279	200	82	78
276	201	82	76
275	201	82	75
276	201	81	75
281	204	81	77
283	206	80	75
285	209	80	73
284	209	80	76
280	211	81	74
267	205	82	79
260	204	77	74
255	201	79	76
250	200	80	76
250	200	80	77
251	202	79	76
255	203	77	75
257	207	77	72
259	207	78	71
262	206	78	72
252	205	77	74
249	200	79	76
244	199	79	79
240	197	80	79
234	195	79	81
232	193	80	79
231	193	81	79
233	191	80	79
236	190	80	79
240	190	81	78
247	188	78	78
252	186	78	79
259	187	78	79
268	186	78	79
278	187	80	80
290	187	79	78
297	186	79	77
301	185	81	76
302	181	81	76
302	181	82	76
301	178	83	77
302	180	84	77
306	177	82	77
311	177	80	76
317	177	80	75
326	176	77	77
331	178	79	79
337	182	81	82
342	181	83	87
350	187	86	87
359	186	81	85
365	187	80	81
374	185	77	81
380	184	77	83
382	187	81	82
384	184	83	83
385	189	87	81
392	182	86	83
390	190	90	78
415	180	73	74
420	187	74	72
379	213	71	68
382	216	64	64
381	218	65	61
381	219	66	64
381	219	66	62
379	219	65	63
377	219	66	66
375	218	66	67
371	220	67	66
367	223	67	65
365	222	69	66
363	222	69	64
360	220	68	65
354	217	68	68
346	216	67	67
343	218	66	67
339	220	65	67
335	222	65	66
331	223	64	67
329	224	64	67
328	224	65	66
327	223	65	67
330	223	64	67
332	222	65	68
335	222	65	67
336	222	65	68
337	224	65	66
338	223	65	67
337	223	64	67
337	220	64	68
336	219	65	68
334	217	65	68
332	217	66	67
331	216	67	68
329	217	67	68
327	217	68	66
324	217	68	68
321	217	68	67
319	217	69	66
318	219	70	67
318	219	71	67
320	220	72	67
326	220	72	67
331	217	73	67
338	216	73	67
343	217	74	67
346	219	76	71
342	218	83	84
317	122	118	108
326	120	136	112
353	117	143	117
395	115	129	118
415	113	130	118
439	109	131	120
465	101	128	122
494	97	122	119
515	91	120	118
537	86	127	118
556	78	133	123
584	69	142	127
610	61	146	129
635	54	151	129
661	48	153	132
686	40	158	139
714	35	162	145
752	33	162	144
782	32	157	143
803	42	149	138
833	49	123	131
852	52	107	125
870	46	86	147
863	71	91	214
862	92	95	157
884	104	75	131
892	163	67	172
863	142	96	148
673	204	126	112
630	159	82	76
638	163	75	65
641	164	72	64
644	164	69	62
648	165	67	61
651	165	64	61
652	164	64	62
653	163	63	62
652	162	63	65
652	160	63	65
651	161	62	66
649	160	62	64
650	162	63	68
651	161	65	65
653	162	63	65
654	164	63	66
655	165	64	66
653	164	63	64
653	166	62	66
650	168	63	65
649	171	61	65
647	170	62	64
644	172	63	66
642	170	62	65
639	169	63	63
637	168	63	64
635	168	63	64
628	168	65	63
621	169	65	66
616	171	66	67
608	170	67	69
598	170	67	70
588	170	68	69
579	169	67	67
570	170	68	65
563	167	70	65
562	170	69	67
559	172	68	66
557	175	69	65
552	177	71	66
548	178	71	69
541	179	73	70
528	186	75	73
516	189	78	84
507	189	78	81
495	185	80	78
484	184	79	78
472	183	77	77
462	181	75	70
453	182	73	67
446	185	71	67
434	185	72	66
425	182	71	65
419	180	68	64
412	176	68	65
408	174	68	64
409	173	65	61
407	174	66	62
403	177	65	61
397	180	66	61
394	180	65	62
387	177	64	63
382	176	65	63
378	175	65	63
374	174	63	62
370	171	64	62
368	171	63	62
362	172	64	64
352	173	66	64
344	172	66	63
336	171	65	65
328	168	65	64
322	167	64	64
316	169	65	66
307	174	65	67
297	178	68	69
287	184	65	64
278	187	64	63
266	188	64	65
255	189	66	65
244	189	67	65
233	187	70	65
226	187	67	64
220	187	70	64
214	187	69	64
208	187	70	64
201	187	71	64
196	185	70	63
192	184	71	63
190	182	70	63
186	183	71	63
180	184	71	64
175	187	70	63
169	188	71	63
167	191	70	61
166	192	70	61
165	191	72	63
165	191	72	63
167	190	73	64
170	191	73	63
175	194	73	62
176	195	74	62
180	194	73	63
182	194	74	63
183	199	74	62
185	200	72	62
185	202	71	64
186	204	70	63
186	205	70	64
185	203	70	65
185	202	71	65
188	201	70	65
189	201	70	64
189	202	69	63
189	203	68	62
188	203	68	62
186	205	69	63
185	207	71	64
184	207	71	63
183	203	72	65
183	201	73	65
183	197	74	66
181	197	74	65
179	197	74	65
178	199	75	65
176	199	74	66
176	200	75	66
176	202	75	65
173	202	75	65
169	202	74	64
167	201	74	64
164	202	74	64
161	203	73	65
157	205	73	65
154	207	73	65
153	207	74	64
151	208	73	64
149	207	72	63
148	205	72	65
146	204	73	64
143	204	74	64
142	204	74	66
137	206	74	67
134	209	74	66
131	210	73	65
127	210	73	64
124	208	74	66
121	208	74	65
117	207	75	66
112	206	74	66
109	205	73	67
106	206	74	66
103	209	75	66
102	211	76	66
103	212	74	66
105	212	74	67
109	211	75	68
111	209	76	68
115	207	75	68
119	207	75	67
122	207	75	67
127	210	74	68
129	213	75	66
129	214	76	65
130	215	76	65
132	214	75	68
134	212	75	68
138	210	75	68
143	210	74	67
148	210	74	67
154	211	74	67
155	213	75	67
157	214	75	66
158	215	74	64
158	214	73	65
161	213	75	65
164	212	74	64
170	212	74	65
178	213	75	64
192	213	74	65
205	212	72	65
216	213	73	68
227	213	71	69
233	213	73	68
239	211	73	68
244	211	71	67
245	212	71	65
247	212	68	65
248	213	67	64
250	215	64	63
245	215	61	62
239	217	64	64
230	218	65	67
222	216	65	69
218	217	66	64
214	213	68	64
210	209	67	63
210	206	66	61
211	207	65	60
211	209	65	63
212	211	63	62
211	212	64	65
215	212	64	69
221	208	65	70
228	203	65	71
236	201	63	73
241	199	62	72
246	199	61	70
251	201	62	72
259	205	61	71
264	207	60	71
271	208	60	73
280	207	59	72
290	205	58	67
300	205	59	67
310	203	59	71
326	204	58	69
338	208	58	68
348	210	58	70
356	212	58	69
361	214	58	67
364	214	59	70
367	210	60	71
369	207	59	71
369	205	59	70
369	204	61	69
372	206	60	65
377	210	60	65
383	215	59	64
388	217	58	67
394	218	57	64
398	215	58	65
404	215	58	68
409	213	60	71
480	181	72	67
481	180	72	69
480	179	73	70
480	179	72	70
476	179	73	70
473	181	70	69
470	181	71	69
465	180	73	70
461	179	75	70
458	177	76	70
457	178	75	70
455	179	76	69
455	178	77	69
456	178	75	66
457	176	79	69
458	173	81	74
459	178	78	74
460	179	76	74
461	178	78	79
465	179	81	85
468	179	81	90
427	216	72	92
432	214	67	93
437	208	73	90
439	207	69	92
473	169	76	83
468	171	80	85
468	172	81	89
467	176	78	88
465	178	79	87
459	180	81	81
457	182	82	80
456	183	86	79
455	181	87	81
454	180	90	79
457	181	86	77
490	204	85	69
459	178	82	78
460	178	82	82
461	182	80	80
458	179	82	83
453	177	88	83
451	171	92	82
448	166	94	83
445	163	93	81
444	162	91	82
444	163	88	83
441	166	86	82
435	167	88	81
430	165	89	81
421	161	90	83
413	156	88	81
408	155	82	77
403	157	80	74
397	157	76	74
392	159	76	78
387	163	76	75
378	168	73	73
371	167	72	75
362	167	72	74
338	162	70	70
330	162	71	72
321	161	71	74
317	165	69	73
317	170	67	71
313	173	64	69
310	173	64	70
305	172	68	72
303	167	67	69
304	167	67	74
306	166	67	73
309	166	67	74
313	166	68	75
318	166	67	74
319	167	67	75
322	169	66	74
323	171	66	73
322	174	66	73
318	175	68	72
314	173	68	72
311	168	68	73
309	168	69	73
308	168	68	72
306	169	68	73
303	171	71	75
304	171	70	75
306	169	69	72
309	171	67	69
308	169	69	69
307	166	71	69
307	163	71	69
306	163	70	68
306	164	71	68
304	165	70	68
304	165	70	68
301	166	70	69
298	167	69	69
291	163	70	70
287	161	71	70
287	160	72	69
288	160	71	68
291	159	71	68
295	158	71	69
298	159	71	69
300	160	72	68
302	160	72	67
302	160	71	67
301	158	71	67
299	155	72	69
299	155	71	67
298	155	71	67
296	155	70	67
295	156	70	68
297	158	66	69
304	160	59	64
270	159	87	64
249	130	109	109
242	17	144	93
268	18	146	94
297	16	147	100
329	17	144	86
362	17	146	87
390	17	149	88
420	17	150	88
453	19	153	93
487	16	151	98
519	17	158	101
549	17	162	98
580	15	164	93
621	15	150	78
661	17	129	70
686	17	122	62
718	15	121	57
748	18	121	61
765	16	138	66
775	22	154	86
718	40	207	118
739	26	186	128
589	145	99	100
593	149	78	73
591	148	71	69
585	147	72	68
583	148	70	67
584	146	72	67
589	146	73	67
597	144	75	71
614	143	76	71
623	144	77	70
634	143	77	73
647	143	79	73
658	143	79	73
668	143	79	74
676	142	79	73
683	140	78	71
685	141	75	68
683	142	73	66
677	142	74	67
668	141	75	68
655	140	76	70
642	140	76	72
626	139	77	73
610	138	78	72
598	138	78	74
594	138	77	73
590	137	74	72
590	139	71	69
594	141	70	68
601	140	72	69
615	139	74	70
630	138	75	69
639	139	76	71
661	139	75	71
672	141	74	68
678	142	76	69
681	143	76	72
682	146	72	68
676	145	74	67
667	145	75	70
651	141	79	74
632	144	83	73
608	143	84	73
582	141	86	73
564	140	87	74
543	140	88	76
528	139	85	79
514	140	84	74
503	142	82	72
501	143	76	68
505	142	76	67
511	141	78	69
525	141	77	69
551	141	79	69
562	140	79	74
572	139	80	75
582	138	80	74
590	136	81	73
598	134	81	73
601	135	76	68
599	136	72	68
592	135	75	68
579	135	79	70
564	133	78	70
547	131	79	71
528	132	79	69
509	133	81	69
493	135	80	68
479	135	81	68
476	136	75	67
475	138	73	64
479	138	72	64
483	138	73	64
499	139	73	66
508	140	74	67
523	140	76	70
538	139	76	67
558	140	78	73
578	139	77	70
596	138	75	72
614	137	75	70
627	137	75	68
638	138	74	67
651	138	70	66
656	138	70	67
659	139	69	66
658	141	67	64
651	142	69	66
642	142	71	67
631	140	71	70
619	137	73	71
610	136	74	72
602	135	73	71
597	137	75	69
589	136	74	69
591	137	72	66
593	137	71	66
598	137	70	65
608	137	69	64
613	138	69	66
619	142	68	67
623	146	69	67
628	152	71	67
646	155	71	66
638	159	69	64
645	163	68	62
650	165	66	61
651	167	65	60
649	167	68	62
640	167	69	63
627	168	71	63
611	168	78	65
591	169	81	66
571	170	80	65
554	168	80	67
538	168	77	68
524	171	81	68
511	173	79	67
499	176	76	66
489	176	74	66
486	177	72	66
482	178	69	63
479	175	71	67
393	144	73	70
407	144	73	70
418	144	75	70
432	143	77	70
443	140	75	74
454	139	76	77
461	138	76	74
466	138	75	75
468	138	74	72
469	139	72	72
465	139	71	72
454	137	73	77
438	135	77	78
425	133	76	76
410	132	76	79
396	133	76	80
383	136	74	80
372	139	73	79
364	141	71	74
360	142	71	70
360	142	69	68
360	142	68	66
362	141	69	68
364	138	72	77
372	136	74	75
385	135	73	74
395	133	75	73
407	132	74	69
419	133	74	69
430	135	74	70
439	138	75	71
446	143	73	72
448	146	74	73
448	149	74	70
446	152	75	70
439	158	77	73
429	163	77	73
420	166	79	72
412	168	78	69
405	170	77	67
400	168	76	70
395	170	76	70
392	170	76	66
389	171	75	67
387	173	76	69
387	174	75	67
387	175	74	66
388	176	74	67
391	176	74	68
395	175	74	72
396	175	74	68
394	175	74	66
388	175	77	74
377	178	79	78
366	181	78	83
356	184	79	79
346	185	79	82
333	186	79	84
321	183	79	85
313	181	76	82
307	177	77	80
307	176	74	76
309	173	75	75
319	171	75	75
331	170	78	77
349	169	81	82
369	169	81	84
389	168	81	79
405	168	81	77
419	168	81	77
429	168	78	69
436	173	75	64
438	173	73	64
435	171	76	67
431	170	77	67
425	170	76	66
420	171	76	66
415	172	76	67
411	173	78	67
409	173	77	67
410	174	79	67
416	173	82	69
433	170	83	75
450	170	82	76
464	169	83	81
481	168	85	85
496	166	84	81
526	166	84	79
542	166	83	75
556	166	79	72
563	165	77	70
566	164	75	70
567	163	73	72
563	160	73	70
554	157	73	71
544	156	72	70
531	155	72	72
519	156	73	74
507	155	74	75
496	154	76	77
488	153	75	76
483	154	74	75
483	156	71	73
485	156	71	73
491	157	71	73
501	158	72	71
512	158	72	70
522	160	75	70
533	160	75	71
544	161	76	71
555	162	75	71
564	163	76	71
573	163	74	70
575	164	75	69
572	162	76	69
564	159	75	71
554	158	76	73
541	157	79	73
529	156	80	74
516	158	80	73
506	158	78	72
499	160	76	70
491	161	76	71
484	163	76	69
482	163	74	68
482	164	73	69
483	165	73	68
487	164	74	71
492	166	76	70
495	165	77	71
498	166	76	71
499	167	76	70
497	166	77	70
491	166	77	71
482	164	75	73
473	163	74	72
461	161	74	73
447	160	75	73
435	159	75	73
422	159	75	73
412	159	74	71
402	161	74	70
394	160	72	70
390	161	74	69
389	162	72	69
388	163	72	68
390	163	72	69
395	161	72	70
403	162	72	71
412	162	72	71
422	163	71	73
431	165	72	73
435	165	71	78
438	163	73	81
440	163	72	78
437	163	74	79
430	163	75	80
422	165	74	79
413	163	75	79
402	164	76	78
394	163	75	79
387	164	75	77
382	165	75	80
377	164	75	80
375	164	75	80
376	162	77	78
383	162	80	85
396	161	78	82
410	160	78	85
425	160	77	88
439	158	81	89
456	159	77	86
468	159	78	86
475	159	80	86
478	157	80	84
479	156	84	85
478	154	84	86
476	154	83	81
469	154	82	79
464	154	82	80
459	154	86	82
454	156	84	85
456	154	82	82
456	157	81	84
462	155	84	83
470	152	85	87
479	152	88	86
491	153	87	86
504	152	87	86
514	152	89	86
524	153	90	86
533	154	86	81
539	153	84	79
541	151	83	82
533	152	87	83
525	152	88	84
513	153	89	83
502	153	89	84
489	151	91	86
480	153	88	82
474	153	85	81
474	154	82	79
474	154	80	77
477	151	83	81
482	151	85	83
491	150	86	84
499	149	88	84
510	148	88	84
522	149	89	83
532	148	89	85
541	146	87	84
545	147	85	82
547	148	84	82
540	149	85	81
530	150	87	84
518	150	88	85
507	151	89	84
497	151	91	84
488	151	88	83
484	151	85	81
485	151	82	81
486	151	80	80
490	149	84	80
497	147	87	84
506	146	89	85
514	145	89	85
521	145	86	84
527	144	84	82
530	143	83	82
531	145	83	82
526	146	86	84
518	148	87	85
507	154	90	87
491	156	91	87
477	157	91	87
466	155	90	87
461	151	88	87
461	148	84	83
463	149	84	86
471	150	89	91
485	153	89	91
499	155	91	93
514	161	90	92
528	165	92	93
537	164	95	94
549	175	95	94
560	175	92	91
570	179	88	85
577	182	84	79
575	181	86	81
567	179	87	82
557	176	89	86
548	173	90	89
535	171	91	90
529	171	90	88
524	170	87	85
521	167	84	82
522	165	82	82
526	164	81	81
534	160	84	87
541	156	88	86
554	158	88	88
565	160	90	86
577	162	92	86
587	159	92	93
594	160	93	92
603	158	88	88
607	157	86	84
607	158	84	82
601	163	82	87
593	158	85	85
580	155	88	82
572	153	87	82
562	149	87	82
553	149	86	84
551	150	80	79
552	148	81	78
552	148	82	78
557	149	78	80
562	148	81	81
568	146	86	82
574	146	86	83
581	149	84	81
586	150	80	77
590	151	75	76
589	153	75	74
583	152	77	75
574	152	77	78
561	152	82	81
545	151	83	82
530	151	83	84
516	152	80	81
501	154	78	79
488	156	79	79
479	157	78	78
476	158	77	76
475	158	73	73
475	159	72	70
476	157	74	70
479	154	76	72
481	152	78	72
485	148	78	72
485	145	77	73
484	145	77	73
485	146	77	72
484	147	77	72
487	148	77	73
496	150	77	72
506	151	77	73
518	153	77	73
523	153	77	73
526	152	77	74
529	148	78	76
531	141	79	76
534	135	79	77
536	130	78	77
537	125	78	78
541	122	78	76
546	118	78	77
550	116	77	77
554	112	78	76
559	108	78	76
568	106	75	75
576	104	75	74
582	102	75	74
588	103	74	72
593	105	74	72
597	109	76	72
600	114	76	72
604	120	75	69
607	121	75	69
611	121	74	70
615	123	74	70
617	127	73	73
615	137	76	76
616	151	75	78
615	163	76	80
617	173	75	74
619	173	74	74
623	165	75	79
627	152	75	80
628	144	75	78
630	142	72	70
630	145	71	70
626	147	73	71
628	148	71	70
632	142	73	71
636	136	74	72
637	133	74	70
637	137	73	72
631	145	76	78
627	156	74	73
628	159	74	69
633	158	73	69
637	153	73	69
640	149	72	69
641	148	70	72
641	154	69	71
638	162	70	77
631	173	73	79
629	185	74	80
625	195	76	85
624	207	75	87
617	218	75	88
605	228	81	85
594	240	82	88
581	252	83	81
571	260	79	75
564	263	75	68
558	261	72	66
552	255	75	77
548	241	77	80
549	230	76	77
551	220	77	82
555	214	72	80
559	212	71	73
563	212	71	69
568	210	71	69
574	209	73	71
583	208	73	76
591	207	73	71
596	206	73	69
600	204	69	67
600	204	70	66
595	206	72	67
588	207	72	70
576	206	75	73
564	205	76	74
548	206	78	73
529	206	79	71
513	206	77	71
502	205	73	71
492	201	73	71
490	198	71	69
492	193	72	68
494	190	72	68
500	188	69	65
509	187	68	65
520	188	69	66
533	190	71	67
547	188	73	69
562	186	74	73
582	183	72	70
597	179	73	71
611	176	75	72
620	173	74	69
623	175	72	68
623	177	73	69
619	180	75	69
615	181	73	67
611	177	75	69
607	175	75	69
603	173	75	69
599	174	76	70
593	178	74	69
585	185	75	70
581	189	75	69
579	194	76	69
578	194	75	69
582	190	75	70
589	184	76	71
597	179	77	72
602	176	77	69
605	178	75	68
606	181	73	67
602	187	71	67
595	193	68	67
586	195	71	70
576	196	68	72
568	192	69	71
562	189	68	70
557	191	67	71
549	193	65	72
543	196	64	73
532	198	66	72
520	201	64	74
505	203	66	72
490	205	68	71
475	205	71	71
465	205	71	69
459	204	70	68
456	201	71	68
453	199	70	67
451	200	70	66
449	200	72	66
447	199	71	67
446	199	71	67
444	199	71	66
444	198	72	67
444	198	71	67
445	197	71	67
447	195	71	68
450	193	71	68
454	191	71	68
456	193	70	66
456	193	70	66
454	193	71	66
454	194	69	68
448	197	73	69
438	197	75	71
431	197	76	71
427	199	75	73
423	198	76	75
422	199	77	74
422	198	78	75
426	195	79	76
429	192	80	77
433	190	79	76
435	188	80	76
436	186	82	76
443	192	77	75
444	192	77	75
445	196	78	76
449	194	78	76
457	192	78	75
462	190	79	75
465	189	81	75
467	191	80	74
468	190	79	74
465	192	78	74
460	194	78	74
451	196	78	74
443	200	75	75
437	200	71	73
434	197	71	82
431	186	71	85
430	179	72	85
431	177	70	79
432	176	69	76
428	177	68	78
426	179	69	79
425	180	69	78
426	180	68	77
430	177	70	81
435	174	72	83
445	171	71	84
454	172	71	82
467	173	69	80
474	172	71	79
482	171	72	80
491	168	72	78
497	167	74	81
502	166	74	77
502	165	77	76
506	168	73	74
503	174	71	74
501	176	69	70
489	177	72	70
484	176	66	71
472	173	65	73
462	174	65	76
452	175	66	76
441	175	67	77
428	175	69	79
420	175	68	77
420	176	65	72
420	177	65	71
424	180	65	72
429	180	65	72
433	180	70	78
446	171	70	82
465	168	72	83
485	169	73	83
501	170	78	85
516	171	71	80
522	171	69	73
523	171	65	70
518	170	65	68
510	167	66	67
501	164	68	69
493	163	66	69
487	165	63	67
484	166	63	66
479	167	63	67
476	163	64	69
465	155	68	75
452	147	70	76
434	143	70	78
416	141	70	83
404	140	67	80
393	141	67	79
389	140	67	76
384	134	65	75
380	133	66	76
375	127	67	75
370	127	67	70
367	128	66	72
365	130	68	74
359	133	69	72
348	134	71	73
337	133	71	76
326	131	72	76
318	134	72	75
317	137	71	78
317	143	70	78
316	151	70	79
320	157	74	80
323	161	73	76
321	163	69	75
312	164	69	75
305	165	69	77
303	173	70	81
302	178	70	77
306	186	71	80
313	191	72	79
320	194	71	74
322	194	72	76
325	195	71	72
328	193	72	76
334	191	72	76
342	191	74	76
347	190	72	76
350	189	70	73
353	191	70	75
356	195	70	74
359	197	71	73
368	199	69	73
370	205	69	79
366	216	70	86
354	228	73	89
345	245	72	89
346	256	70	87
347	260	69	79
351	261	68	76
355	261	68	75
360	260	67	74
364	256	66	75
365	249	65	79
364	238	66	86
363	228	67	89
364	221	70	87
369	216	71	85
380	216	72	82
392	213	74	82
412	206	81	82
436	147	91	102
447	141	91	107
455	130	94	105
466	129	93	94
474	127	91	90
482	126	89	87
486	125	88	83
488	127	86	84
483	126	87	85
473	125	89	86
459	126	89	87
438	130	94	87
417	128	95	89
393	128	97	89
369	127	96	89
344	128	92	89
322	132	92	86
299	134	93	86
276	136	96	84
265	136	85	85
250	141	86	83
243	143	86	80
242	143	88	80
243	141	88	82
245	142	89	83
242	140	96	85
243	140	100	86
244	139	105	86
248	140	106	87
249	140	105	87
255	139	100	87
253	139	99	86
250	138	98	87
241	138	97	88
227	137	100	90
204	138	108	91
188	140	108	92
174	140	107	95
161	140	105	94
149	139	103	94
135	139	105	91
132	140	100	89
132	143	97	85
133	147	96	85
134	147	102	85
140	148	102	84
149	145	103	86
158	143	107	86
167	140	110	86
179	137	111	87
190	139	111	85
199	141	108	86
207	145	102	87
210	151	98	83
214	154	94	78
215	157	91	75
216	158	85	75
211	163	83	77
208	168	81	74
205	176	80	71
203	178	80	70
203	179	79	68
207	180	81	67
212	178	82	68
219	176	85	70
231	171	84	72
245	171	83	71
257	173	81	69
265	174	82	69
270	173	82	71
274	175	80	73
279	178	79	71
281	179	79	71
284	181	78	69
286	183	78	69
290	185	75	67
286	183	74	68
277	184	76	69
270	183	77	71
263	189	78	70
254	194	78	71
246	195	78	72
239	197	79	71
235	201	77	68
233	200	78	68
234	196	78	70
237	194	77	69
239	189	78	71
242	189	77	67
243	186	80	70
246	190	77	68
247	186	78	70
251	185	77	69
255	186	77	67
260	184	78	67
264	185	76	66
265	186	74	65
262	187	72	64
255	187	72	67
244	193	73	64
233	193	73	65
222	193	74	64
218	193	71	63
213	193	70	63
211	195	71	62
211	193	72	63
211	194	70	63
210	194	70	63
210	195	71	63
209	196	71	63
210	197	68	63
209	196	71	64
209	192	71	66
209	188	72	66
209	186	74	65
211	187	72	63
212	189	71	62
207	188	71	63
202	189	72	64
198	192	71	64
189	192	74	66
185	196	73	64
186	197	70	62
184	197	71	63
184	193	74	64
190	190	75	66
200	187	73	67
207	189	73	65
215	189	75	65
222	186	77	66
230	187	78	68
245	189	72	68
254	192	69	66
265	194	67	65
275	196	65	64
285	197	63	64
291	196	65	64
298	195	61	62
302	195	59	60
302	194	59	59
302	196	58	62
298	197	60	65
294	201	60	66
296	205	58	63
296	207	57	61
293	206	61	62
297	205	64	66
304	204	66	65
316	205	62	64
326	205	63	66
334	204	64	63
343	202	63	62
354	201	61	64
360	201	62	66
365	201	64	66
367	204	64	66
369	204	63	67
371	206	61	65
369	206	61	64
365	203	60	63
358	203	62	67
352	202	62	63
343	203	62	67
331	206	64	69
319	209	63	70
302	212	61	71
283	211	62	72
266	210	62	73
251	210	63	69
240	212	63	74
230	212	64	69
229	211	63	66
230	208	60	65
234	200	60	70
238	196	64	67
251	194	62	66
275	193	62	67
285	193	63	69
295	196	64	74
298	199	68	70
299	201	66	71
298	203	64	63
289	201	65	60
277	193	68	62
266	190	70	62
254	185	71	61
200	195	77	65
197	191	81	68
201	187	82	68
207	183	82	68
211	183	83	67
216	183	82	66
220	183	82	67
223	185	83	69
224	189	83	71
225	190	82	73
226	193	82	70
225	193	83	69
229	190	81	70
233	187	81	68
237	187	80	67
240	187	80	65
240	186	80	65
243	186	79	65
243	185	78	66
244	184	77	66
243	182	75	66
244	182	76	66
244	183	75	65
243	181	75	67
244	180	74	67
245	178	73	67
247	177	72	66
248	175	70	65
248	174	71	64
247	173	70	66
246	173	70	66
242	173	74	67
239	171	74	70
236	173	72	70
232	175	70	69
227	179	70	69
225	185	68	66
221	187	67	65
221	188	65	67
220	185	64	64
222	184	61	67
221	181	64	63
225	183	65	65
232	182	67	67
237	182	68	66
244	182	70	66
249	182	70	69
253	183	70	67
256	185	65	63
256	186	64	63
257	186	61	61
250	186	64	62
249	186	61	65
242	186	60	63
235	185	61	64
226	188	63	66
221	190	61	68
213	192	65	67
209	194	65	65
209	195	63	65
211	193	61	64
214	191	63	67
221	189	65	65
233	190	64	65
244	192	66	71
259	193	66	68
269	193	67	71
274	194	70	68
279	194	68	67
279	195	68	67
280	197	65	70
272	195	66	63
273	192	63	64
275	189	60	63
276	188	59	60
275	186	61	59
277	186	59	60
273	185	62	63
269	187	63	67
269	191	63	67
272	195	63	67
283	198	62	69
297	197	63	67
319	196	63	76
345	192	68	76
374	185	63	71
397	183	67	77
420	177	68	83
430	179	78	95
432	184	88	96
443	184	94	105
450	175	90	92
456	169	84	92
462	159	84	94
466	151	84	92
471	146	80	86
476	145	77	84
479	144	77	86
480	143	76	85
481	142	74	83
481	141	74	82
481	141	72	81
481	139	71	82
483	138	69	81
485	140	69	81
489	138	71	83
492	137	72	84
497	135	72	85
502	133	73	85
505	132	72	85
506	133	75	86
508	136	75	85
509	137	74	84
510	139	72	81
510	139	70	79
511	140	70	79
513	139	71	79
517	139	72	80
522	142	73	83
530	143	76	84
539	145	81	79
549	145	79	81
558	148	79	82
567	150	81	80
582	152	76	80
590	153	78	83
599	154	79	84
606	152	81	84
613	151	76	81
613	152	75	79
605	153	76	79
598	153	74	79
586	153	72	78
575	154	73	77
565	157	73	76
556	158	74	75
548	159	73	75
540	162	73	76
533	162	72	74
525	162	72	75
514	162	72	75
505	161	72	75
496	162	72	76
491	162	71	75
491	161	70	73
488	161	70	73
490	158	71	75
491	156	73	76
495	157	74	79
502	157	72	77
507	157	71	79
511	157	69	77
513	159	69	76
514	159	69	75
509	160	67	75
499	161	68	76
486	159	70	73
473	154	70	76
459	147	71	78
444	143	73	80
434	135	74	83
427	133	73	78
421	132	72	77
417	132	71	76
412	131	71	73
405	133	70	73
397	135	71	73
389	140	71	78
384	143	69	74
382	147	68	72
381	147	69	70
384	145	69	74
390	139	72	77
396	134	74	79
405	131	74	78
413	128	73	77
421	129	71	73
426	130	71	77
427	132	72	73
429	132	71	72
428	131	70	72
427	131	68	75
423	132	69	73
417	132	70	75
414	130	69	73
411	128	70	73
411	126	69	73
410	125	68	73
409	126	68	76
408	130	67	76
403	134	68	77
404	137	68	77
405	140	68	75
407	141	73	78
417	142	74	76
429	139	75	78
446	134	77	85
468	130	79	88
489	127	81	89
506	125	79	87
522	126	77	85
533	125	76	82
540	122	78	80
544	120	79	79
547	116	78	79
549	116	76	77
549	116	73	74
550	115	72	74
549	115	74	77
548	116	74	77
549	118	73	79
550	119	72	77
550	122	71	76
550	124	74	79
553	126	73	82
556	127	75	82
561	128	75	80
566	126	74	82
569	124	74	81
573	120	73	84
579	118	74	87
582	117	76	91
589	116	76	91
596	120	77	90
600	123	79	89
603	122	76	84
603	123	74	82
595	124	75	81
589	125	77	83
582	127	76	81
576	130	76	82
565	132	79	85
553	132	82	88
541	130	82	90
529	132	82	90
516	132	83	90
500	132	84	92
484	134	86	92
469	135	85	93
455	135	81	92
444	138	80	88
436	138	78	88
430	136	76	86
426	134	76	84
424	128	75	86
422	123	76	85
422	118	74	82
423	118	73	81
424	119	72	81
424	122	71	81
424	124	72	82
420	122	73	80
420	122	72	82
415	121	74	85
413	119	75	84
412	119	74	83
413	122	73	85
415	125	74	85
418	126	77	89
427	128	76	87
437	130	77	85
445	129	82	89
463	127	80	89
477	126	80	89
494	127	84	89
507	127	85	91
521	126	83	90
529	121	83	90
535	116	83	90
541	109	80	90
545	102	82	91
552	96	79	88
557	96	77	84
560	99	76	85
561	102	77	85
563	107	75	86
565	109	75	87
566	108	73	82
569	107	73	86
572	105	74	86
575	103	75	86
578	102	78	88
584	101	78	88
590	102	78	87
598	103	78	90
603	106	79	93
608	110	79	90
610	112	78	86
609	113	77	83
602	116	78	85
595	116	78	84
587	116	78	83
580	119	79	81
571	121	78	83
560	125	80	83
548	127	80	87
532	128	81	85
515	128	84	90
498	126	81	91
483	130	80	88
467	135	89	90
454	142	85	91
429	154	90	91
411	164	94	89
416	179	115	82
393	183	106	87
364	167	71	77
366	166	63	57
368	168	59	59
368	167	60	64
369	167	61	64
372	166	60	61
374	166	60	63
377	166	60	59
378	165	59	61
379	166	59	60
379	165	59	60
380	163	58	60
381	160	58	61
384	156	58	61
388	155	58	60
391	155	58	59
394	155	60	58
398	155	59	58
402	153	59	59
406	152	60	60
409	150	60	62
412	148	62	62
414	148	62	63
415	148	62	61
417	149	62	61
417	149	63	60
412	146	65	62
408	144	65	61
403	143	61	60
396	144	61	62
386	148	65	63
377	151	66	65
371	151	65	65
365	150	65	66
360	147	65	64
356	144	66	63
352	141	67	65
347	142	66	66
339	143	67	66
330	147	68	67
322	150	66	65
314	151	66	66
308	151	65	63
303	147	66	65
300	145	66	65
297	142	68	66
295	141	70	68
295	142	72	67
293	144	72	67
290	144	72	68
286	142	73	69
283	141	71	68
282	140	73	66
281	139	73	67
278	141	73	70
277	143	74	69
277	142	75	70
278	141	76	71
281	137	76	72
284	134	77	72
289	133	78	70
294	135	76	69
297	135	76	69
297	135	76	69
297	133	77	70
293	132	78	72
287	132	79	73
280	133	80	74
275	133	80	73
267	131	81	73
263	128	81	74
260	125	80	74
260	122	78	73
256	119	80	74
253	116	81	76
249	116	83	75
243	114	82	76
235	112	85	80
227	113	85	78
220	116	84	77
214	121	82	73
207	116	85	77
206	110	83	79
206	106	83	79
208	105	84	82
209	105	83	82
211	107	82	82
212	109	81	82
211	111	82	83
211	116	81	83
213	117	82	82
218	121	81	83
225	119	84	87
234	115	84	86
246	112	85	88
263	107	86	88
279	107	87	87
299	111	86	83
316	112	85	78
330	111	83	75
341	108	85	81
351	107	86	82
364	112	82	77
373	110	84	81
377	111	87	77
387	115	82	76
393	107	84	79
398	109	82	77
403	108	80	75
408	110	77	78
409	111	77	78
405	114	78	78
401	117	77	80
390	120	80	85
379	123	80	83
366	130	83	81
358	129	82	79
352	130	82	79
350	132	83	78
350	127	87	81
359	121	88	83
374	116	87	84
389	113	91	84
409	112	96	82
436	108	96	85
468	105	95	87
496	104	96	84
525	103	95	81
551	101	93	79
568	102	91	79
582	106	87	78
585	107	88	76
584	112	90	77
581	111	90	79
576	108	89	78
572	105	89	77
569	101	88	77
568	99	87	77
568	98	86	78
567	99	82	79
567	101	84	82
568	103	86	82
571	102	89	83
576	102	89	84
582	101	89	85
591	102	89	85
601	105	92	84
618	103	88	82
633	98	87	84
648	95	88	83
659	98	88	80
664	101	91	82
665	107	92	81
660	109	92	86
654	116	90	81
640	120	91	82
633	119	88	80
625	116	89	80
618	113	88	79
616	111	86	77
612	111	86	75
612	114	85	77
611	119	84	78
611	123	83	76
614	128	81	72
618	132	77	69
625	135	77	67
635	133	79	69
645	132	80	69
655	131	80	70
666	133	79	68
672	135	80	69
676	135	79	70
676	140	79	71
675	145	78	71
679	148	76	68
679	150	76	66
680	147	77	67
680	143	81	68
685	140	82	69
692	144	77	66
695	146	76	66
696	149	77	67
698	152	76	67
698	155	76	66
699	155	76	66
700	156	78	66
703	155	76	67
706	153	77	69
711	150	77	69
716	149	77	69
719	148	77	69
721	147	77	69
719	148	77	69
715	151	76	67
711	155	75	67
706	158	75	66
702	158	76	66
699	160	77	66
696	158	72	67
694	158	70	66
691	158	68	66
687	164	68	66
681	172	67	68
676	179	70	67
669	183	70	65
662	180	68	65
656	176	68	63
647	173	67	63
640	172	68	61
634	176	65	58
628	180	63	59
623	182	61	58
619	178	62	59
617	173	60	59
615	167	61	59
614	163	61	58
610	165	63	58
606	167	63	59
601	170	64	60
596	174	64	59
594	179	64	60
591	181	63	58
591	181	63	58
590	182	62	57
589	184	62	56
591	185	61	56
593	187	61	56
596	189	60	57
598	188	61	59
602	189	60	59
606	189	60	62
610	193	59	60
612	192	57	57
615	193	57	62
617	195	56	62
620	196	55	62
622	196	56	63
622	200	55	58
622	200	56	60
617	201	57	58
607	198	58	64
596	196	58	65
583	197	59	65
569	199	60	67
555	198	59	63
540	198	58	59
458	142	67	69
460	142	68	71
462	142	69	74
465	145	69	74
466	148	70	73
470	146	73	75
476	144	73	77
481	138	77	79
491	134	78	78
501	130	78	84
513	131	77	86
525	130	78	83
538	127	76	81
550	126	75	77
559	126	75	79
566	128	74	75
572	129	72	72
575	130	73	71
579	130	74	70
584	130	75	71
589	129	73	73
588	130	73	73
584	135	72	73
578	136	73	76
568	137	77	79
556	137	79	81
543	136	77	79
535	136	76	78
529	137	75	77
524	137	77	75
522	137	76	73
522	136	76	73
526	131	81	74
535	127	81	79
546	124	81	81
556	123	83	82
571	122	83	83
583	122	83	82
592	121	84	82
600	123	84	79
604	124	82	75
603	125	82	75
603	125	82	75
597	128	86	76
595	125	86	78
589	124	89	79
586	125	91	81
580	127	89	84
570	127	94	85
563	125	90	85
557	125	92	83
549	125	92	85
545	126	93	84
543	128	89	81
543	127	89	81
545	126	93	84
551	126	95	87
562	127	94	87
573	128	94	86
583	128	95	84
592	125	94	86
602	124	92	85
606	124	93	84
611	122	93	84
613	123	92	85
611	122	92	84
604	121	90	84
595	124	94	84
580	129	82	82
561	135	85	79
544	137	84	80
528	136	87	78
510	138	89	83
495	138	89	83
478	139	90	81
466	140	85	77
459	139	87	78
456	140	81	75
457	139	77	76
458	136	78	74
464	133	81	77
470	130	82	75
477	127	80	76
481	125	75	74
481	123	74	74
477	122	76	75
469	124	76	77
459	124	79	76
455	123	76	79
447	121	81	83
438	121	82	84
424	119	83	90
410	117	82	89
393	116	84	91
380	112	84	86
371	114	80	81
362	115	80	78
362	116	78	76
365	114	78	77
369	112	81	84
378	111	85	89
390	110	87	90
406	110	87	96
418	109	88	94
430	107	86	94
440	103	83	94
448	103	82	92
453	103	82	89
457	104	81	88
463	107	79	86
466	105	83	87
471	110	82	90
477	110	80	85
480	110	81	84
483	111	81	80
488	111	80	79
492	112	82	79
454	154	67	64
462	157	63	60
473	156	61	56
483	157	61	56
495	155	61	56
505	153	64	56
516	152	68	58
523	151	66	58
529	154	68	57
531	155	70	57
532	156	68	57
533	156	66	57
534	157	65	54
535	155	63	54
538	153	61	53
535	153	62	51
532	154	64	52
527	156	66	54
524	159	68	55
519	160	69	58
514	160	71	58
510	157	73	59
502	158	78	60
497	157	84	61
493	157	88	63
479	157	74	62
471	155	82	61
463	158	71	63
456	159	80	61
445	162	81	64
523	114	79	78
514	114	77	76
501	114	78	79
490	114	78	78
481	113	77	77
471	110	77	80
465	109	78	82
458	106	78	80
452	103	79	78
446	99	78	81
440	97	78	82
432	94	79	81
427	95	77	82
422	97	76	82
417	100	77	83
411	104	77	83
407	107	76	81
402	111	75	80
397	112	77	81
392	112	78	80
388	110	78	81
386	109	79	80
386	109	77	80
388	106	76	80
391	104	77	81
395	101	78	82
399	97	78	83
403	93	80	84
406	91	80	83
410	90	79	84
411	92	80	84
410	97	81	79
407	99	81	75
401	97	82	78
394	95	82	78
386	93	83	79
375	93	85	80
360	95	85	80
348	96	83	81
334	98	82	81
325	99	83	80
316	99	83	80
311	100	81	78
311	100	81	80
309	100	81	79
309	100	82	79
313	99	82	81
320	99	81	81
328	99	82	82
337	100	82	83
347	101	82	83
354	100	83	82
360	101	80	81
361	102	81	80
357	105	82	79
353	107	80	79
348	108	81	79
341	106	82	80
334	105	80	79
328	106	81	80
321	107	81	80
314	110	82	79
307	110	82	81
302	111	80	83
298	112	81	82
298	112	76	82
299	113	76	83
299	114	76	82
303	112	77	84
310	112	80	84
321	110	80	84
332	109	81	85
344	109	82	85
356	108	81	86
365	106	80	87
369	105	80	88
369	106	80	86
369	106	78	87
363	111	79	85
361	112	79	86
358	112	79	85
360	111	75	84
360	112	75	81
360	112	75	82
362	113	74	80
364	114	74	81
368	113	75	83
373	111	76	82
381	110	75	85
388	110	77	83
399	109	75	84
405	110	78	85
413	113	78	87
424	112	76	85
431	114	78	85
442	114	77	83
450	115	76	86
457	116	77	87
462	116	77	84
465	118	74	83
464	119	74	81
458	118	75	80
448	117	74	81
437	121	73	81
419	125	76	82
400	129	78	84
381	133	79	84
360	137	80	89
345	140	79	88
330	145	79	88
317	150	80	87
314	152	72	80
309	154	69	75
308	152	68	72
312	151	67	75
317	149	69	74
330	149	67	74
344	149	68	70
357	147	67	70
368	146	66	72
377	145	66	72
382	148	66	72
385	150	64	71
383	151	64	68
378	147	64	68
371	145	65	67
360	143	65	72
348	144	67	76
333	147	70	76
316	151	71	78
299	153	70	76
282	153	71	77
270	154	69	74
263	156	66	72
258	160	64	70
258	162	65	73
258	161	71	72
267	161	73	77
296	154	76	79
310	153	78	81
330	152	79	80
351	151	78	80
371	150	77	78
385	149	79	78
402	147	74	77
411	147	74	79
417	145	73	76
417	142	72	77
419	141	70	74
418	141	70	76
417	138	70	74
413	139	67	75
407	140	67	71
401	141	67	71
393	145	68	74
387	147	69	71
383	149	68	69
383	148	67	72
384	144	69	73
392	140	69	75
403	139	69	72
414	139	69	74
419	139	69	78
418	139	72	79
418	140	77	82
415	146	77	85
409	151	78	84
401	152	78	85
392	152	79	84
384	147	80	88
377	145	83	88
373	142	85	89
368	141	83	88
367	141	82	86
364	142	80	84
365	143	79	81
364	142	77	80
368	142	75	81
369	143	78	81
372	139	77	82
374	137	78	81
377	133	77	82
376	136	76	81
371	138	77	79
367	137	77	81
360	135	79	82
357	130	78	85
355	127	77	83
350	126	78	79
343	127	77	84
334	129	79	84
327	130	78	83
321	130	75	81
314	130	76	77
313	129	74	77
311	127	74	77
309	126	73	77
306	125	73	77
302	126	73	77
299	126	74	78
296	128	74	74
296	128	73	75
297	127	75	79
298	128	82	77
306	126	82	77
314	128	83	75
323	127	85	77
330	130	83	77
334	136	80	73
333	136	81	71
333	137	80	69
330	136	81	70
326	135	82	72
319	134	81	72
311	135	81	72
304	137	81	75
293	140	82	79
284	144	81	75
274	150	78	76
271	150	74	71
271	149	71	73
273	147	70	81
278	143	73	83
285	141	72	80
293	141	72	78
300	142	71	78
308	143	71	77
316	145	71	77
324	144	72	78
337	143	71	74
343	140	72	79
350	137	71	79
351	137	70	77
344	141	70	77
332	144	72	81
317	147	74	84
307	150	71	81
300	150	69	78
296	151	68	71
296	151	69	72
301	150	69	73
309	146	70	75
316	143	70	75
325	143	70	75
336	144	68	74
347	146	68	75
357	146	68	75
368	146	70	74
380	144	72	76
394	141	72	79
406	137	71	79
413	133	71	78
416	131	68	76
416	133	67	74
410	136	68	69
403	137	69	70
397	137	69	69
393	137	69	69
392	134	69	72
394	128	73	75
397	126	74	74
402	123	75	73
405	122	74	73
408	122	73	72
408	121	73	74
409	122	73	73
410	123	73	73
410	122	74	74
414	121	75	73
419	117	75	75
424	116	75	74
431	116	73	74
438	118	72	72
443	119	71	72
446	120	71	70
449	118	70	71
450	116	71	70
451	117	70	69
450	117	71	70
448	117	72	72
443	117	73	74
437	118	72	73
429	122	72	72
418	125	73	74
408	128	73	73
400	133	72	72
397	137	71	69
398	137	71	72
404	134	73	74
413	130	76	73
424	126	78	72
438	124	79	73
452	125	78	75
464	127	78	74
474	128	77	74
480	129	74	73
483	130	72	72
484	132	70	72
479	134	72	71
469	135	75	73
461	135	75	74
455	134	75	74
445	133	76	74
434	129	76	75
425	130	75	74
415	135	76	74
405	142	75	74
397	144	74	73
392	147	72	72
389	147	73	72
389	145	74	72
392	141	75	72
396	138	75	73
399	137	75	73
401	137	73	71
399	141	74	75
392	146	74	73
380	152	75	72
370	153	74	72
359	148	76	75
351	143	76	76
342	142	77	76
336	143	75	73
330	146	74	71
321	148	73	71
313	150	73	71
308	151	73	70
304	150	74	70
303	148	74	71
304	147	74	71
309	143	73	73
313	140	73	73
315	140	74	74
318	140	75	75
319	143	73	73
318	144	73	70
316	142	73	72
315	138	74	72
316	136	73	72
315	136	73	72
315	137	71	71
311	138	71	74
303	139	73	73
293	140	73	75
282	142	73	74
274	144	73	72
268	147	71	71
264	146	73	70
263	146	73	71
267	141	78	73
281	137	79	73
296	135	79	75
313	135	80	77
329	136	80	78
346	136	78	76
358	138	77	75
368	140	76	74
374	142	74	75
378	144	73	73
380	143	74	75
383	142	76	73
387	140	75	73
391	139	74	74
396	138	74	76
401	139	74	74
403	138	75	74
404	138	74	73
406	137	75	73
410	136	75	74
414	135	76	74
421	132	76	76
430	129	78	77
438	127	77	77
444	127	77	75
450	126	76	76
454	126	75	77
455	129	74	74
456	131	75	74
455	135	74	71
452	136	74	73
450	136	76	74
448	136	76	74
448	135	79	76
457	133	80	79
472	135	82	74
490	134	83	76
508	138	84	75
525	139	79	76
530	138	78	74
531	137	79	73
527	134	78	73
521	134	75	74
512	134	74	73
504	132	74	76
495	130	74	77
489	129	75	80
482	128	78	77
473	124	79	79
464	123	82	85
457	125	83	84
450	130	81	83
444	134	82	83
443	136	75	77
443	137	74	76
448	131	78	81
457	126	79	83
469	121	80	81
482	120	79	81
493	119	79	82
504	119	78	85
511	120	76	79
513	122	73	79
512	123	73	75
506	125	74	73
498	126	74	70
492	127	74	71
487	126	74	69
484	124	74	70
479	123	74	70
476	123	72	72
473	126	74	72
468	128	74	75
466	131	74	73
465	132	73	73
465	134	72	72
465	134	73	72
472	132	72	75
480	129	74	73
490	125	75	77
500	124	75	79
510	127	75	76
518	129	72	74
520	130	74	74
514	132	77	74
506	132	79	75
498	132	80	77
490	135	81	78
481	136	79	77
473	137	78	76
464	140	78	75
451	138	83	76
440	140	80	76
431	143	79	78
420	146	79	77
406	149	80	81
397	150	79	77
388	148	78	77
380	146	78	79
378	144	81	77
380	140	81	78
380	137	81	74
382	135	81	75
387	134	79	78
393	132	75	79
395	135	73	79
398	135	73	81
398	136	74	79
399	137	74	78
398	137	73	77
396	135	74	79
392	134	75	81
387	135	75	84
380	139	75	87
371	140	76	88
357	141	79	90
346	142	79	90
333	145	80	89
321	147	80	91
314	149	78	86
310	147	75	82
309	147	78	80
310	144	79	80
322	138	78	81
329	135	83	78
343	133	81	78
357	133	83	75
370	134	83	74
384	134	81	74
397	133	81	75
410	133	80	75
423	136	79	73
433	137	79	74
442	138	79	76
449	138	78	75
456	139	77	74
462	140	77	73
467	138	76	75
468	138	76	76
469	141	77	76
468	145	77	78
464	148	77	75
458	148	77	74
452	149	77	74
448	149	78	73
447	148	76	75
446	149	75	75
448	148	77	77
457	149	76	80
467	147	78	77
478	144	79	77
491	143	79	78
500	143	79	78
507	144	79	78
512	147	79	76
516	148	77	75
518	148	76	75
515	145	78	73
511	142	79	74
508	141	77	74
505	142	77	72
503	143	76	72
500	144	76	75
498	143	78	74
497	142	78	75
499	139	77	75
502	137	76	73
507	136	75	76
511	138	75	77
515	140	75	77
517	141	75	75
519	142	75	75
518	142	75	74
515	141	76	73
511	143	75	73
509	145	75	72
507	148	74	72
506	149	74	70
505	147	74	71
505	145	74	72
506	143	74	72
508	143	73	72
510	144	74	73
513	146	74	73
515	147	74	73
516	148	74	73
518	149	73	73
520	150	73	73
520	149	74	74
515	147	76	72
511	145	75	72
505	146	75	72
498	148	76	75
490	148	76	78
482	150	77	80
473	151	76	81
466	154	75	74
461	155	74	74
460	155	73	73
459	155	73	74
458	155	72	73
456	155	74	72
457	154	72	73
455	154	73	72
451	151	75	74
450	150	74	73
448	147	75	72
443	146	75	72
436	145	75	72
429	145	76	74
420	146	75	73
408	148	76	73
397	148	77	73
384	149	79	74
373	149	79	74
360	150	78	74
349	151	77	74
341	151	75	74
334	152	76	74
328	153	76	73
325	153	76	73
326	154	75	73
327	154	75	73
331	153	77	72
339	151	77	73
350	149	76	74
361	149	77	74
372	149	78	74
384	151	78	75
393	151	78	74
400	153	77	74
407	156	77	73
413	157	76	75
418	161	75	73
424	162	75	73
431	160	75	71
436	159	75	72
440	156	76	71
442	155	75	70
445	154	73	70
446	155	72	71
446	158	72	71
447	159	70	71
443	159	74	71
439	156	75	71
436	154	79	72
433	153	74	71
426	155	77	72
421	155	79	73
423	155	77	74
423	155	81	72
430	154	83	73
442	151	85	73
456	147	89	75
472	145	88	75
487	144	88	75
499	143	88	75
507	144	91	75
515	148	89	73
519	149	88	71
525	148	83	71
531	148	77	70
530	146	77	71
526	144	79	72
526	142	77	72
524	142	79	72
519	139	81	73
511	138	82	76
503	138	81	77
495	140	79	76
486	143	79	77
479	145	79	74
477	146	76	71
479	142	77	72
484	136	79	75
494	129	81	77
505	125	81	76
518	123	82	72
532	123	79	74
541	124	79	74
547	126	80	72
555	124	79	74
562	123	79	73
569	121	79	73
575	120	79	73
585	120	78	73
591	117	78	74
593	117	79	75
594	117	77	73
591	116	80	74
586	118	81	73
580	119	82	74
577	121	80	74
577	122	79	75
581	122	80	76
591	120	79	76
598	118	82	76
610	117	86	79
622	120	88	81
633	121	90	84
647	122	89	84
659	123	86	82
664	121	86	79
668	120	83	78
669	119	81	76
665	118	83	76
660	118	83	77
651	119	81	76
642	121	81	78
637	122	82	75
632	123	81	78
630	125	82	75
629	125	81	77
630	125	83	76
640	123	81	77
653	122	80	76
669	122	82	78
684	121	87	81
701	121	87	82
718	119	85	81
729	119	85	83
738	119	86	83
743	118	86	82
744	118	86	81
741	117	86	79
741	114	87	80
741	109	86	81
746	110	85	79
750	110	86	79
751	111	85	80
749	115	87	82
746	119	86	82
739	126	85	83
734	130	86	80
730	133	85	79
728	132	85	79
729	133	86	80
733	131	85	80
738	130	85	82
743	129	84	81
745	125	84	81
745	120	84	83
742	114	84	81
741	113	86	80
737	112	86	81
733	112	85	82
728	112	84	82
722	112	84	82
716	114	84	81
708	114	83	80
699	114	84	80
688	114	86	80
673	116	88	80
656	117	90	83
641	117	90	84
624	115	90	85
607	114	92	85
593	117	91	83
583	118	89	83
574	122	86	83
568	126	84	81
565	126	84	81
565	123	85	82
567	118	84	81
574	113	84	82
582	110	83	82
589	109	84	82
595	110	85	79
597	111	84	78
596	112	84	79
589	113	84	78
576	112	88	78
559	112	90	78
545	111	90	80
530	112	90	79
516	115	90	78
500	118	91	77
479	121	89	78
457	126	90	79
436	132	91	80
418	134	92	82
405	138	88	84
379	133	93	108
355	70	179	126
365	42	234	193
311	35	387	200
328	41	448	217
325	124	235	441
325	123	235	445
339	128	222	442
346	125	217	443
353	125	215	445
360	127	212	443
359	129	212	438
355	132	209	434
354	132	205	431
348	141	215	426
338	145	225	427
333	144	217	428
335	140	205	422
335	129	194	413
341	127	171	165
376	142	101	100
391	139	84	90
391	138	80	83
391	137	79	82
391	135	77	80
392	132	76	80
395	132	74	77
396	132	76	78
398	132	76	78
397	128	78	76
397	125	77	75
395	124	75	74
390	127	75	74
384	131	75	73
379	132	75	74
378	132	74	74
377	132	74	75
377	131	74	75
375	129	73	75
369	128	71	78
362	130	72	78
354	133	74	76
346	137	74	76
341	138	73	77
343	137	74	78
346	135	74	80
353	136	76	78
363	134	78	78
372	134	79	80
382	134	78	81
391	133	77	79
399	131	74	78
406	129	73	78
410	128	73	77
411	128	73	77
408	130	72	76
405	135	72	74
400	129	74	81
397	136	72	75
392	137	69	77
381	144	71	76
368	146	72	76
353	149	75	76
339	153	75	75
328	156	74	76
320	160	70	77
317	161	68	74
317	161	68	75
324	161	72	74
340	160	69	71
353	158	70	70
367	158	70	74
383	157	69	73
395	155	71	72
403	153	71	75
411	149	71	77
416	150	68	76
415	151	69	75
414	151	68	75
413	151	69	75
410	152	71	73
408	152	74	70
402	155	74	73
392	159	75	74
382	161	75	74
372	162	76	72
362	164	77	75
355	167	75	75
345	170	76	76
337	172	76	74
335	172	74	69
333	170	75	69
333	168	78	74
342	164	77	73
355	163	74	71
362	158	78	76
374	156	75	76
386	151	74	73
391	147	76	72
397	150	74	71
403	146	69	71
409	145	64	68
401	148	69	74
405	141	69	76
411	142	64	73
407	144	66	74
409	148	68	73
402	149	71	74
406	148	68	72
397	156	71	78
390	161	72	77
385	166	69	76
380	172	68	75
376	170	69	69
375	168	69	70
377	171	73	72
385	162	74	76
383	160	81	81
385	157	88	81
407	154	77	76
415	154	76	72
420	155	76	72
426	155	77	73
434	154	80	74
443	150	80	75
449	146	81	75
454	143	83	75
456	143	82	74
456	143	82	77
452	144	84	80
445	146	84	85
435	147	85	80
426	146	85	78
418	143	89	80
410	143	90	87
405	147	89	84
391	149	94	88
387	153	90	83
376	151	90	87
370	150	95	86
366	151	94	83
365	151	95	84
368	149	97	85
377	150	96	84
386	148	97	86
402	146	93	83
414	140	93	84
427	142	93	86
432	141	97	86
440	140	93	85
446	143	87	84
447	142	96	90
451	144	83	89
444	140	88	84
442	134	91	84
442	131	90	83
438	131	93	83
438	133	91	81
435	131	90	80
431	131	87	79
427	128	87	80
424	132	84	78
421	134	84	76
420	134	83	76
422	133	84	79
436	131	80	82
448	130	84	81
465	128	87	79
484	126	87	80
503	124	89	80
519	123	86	81
535	122	87	80
547	123	85	81
555	123	85	81
559	129	84	77
563	128	83	77
568	129	78	81
569	129	79	78
569	129	77	77
565	129	78	77
562	132	78	76
557	136	77	76
548	140	81	76
538	142	80	77
526	145	78	78
512	147	79	82
496	149	79	83
482	149	81	83
473	147	79	84
468	145	79	79
470	144	76	83
470	142	80	80
475	139	82	78
480	139	81	78
483	140	78	75
483	139	78	76
478	140	77	78
466	142	79	76
452	142	80	78
441	142	79	78
431	141	80	76
423	139	78	79
412	138	80	79
403	140	78	78
391	144	81	78
374	147	84	77
354	149	83	80
330	154	83	79
313	154	83	79
300	155	81	78
297	156	77	75
297	157	78	75
302	156	79	74
312	152	80	73
324	150	79	75
335	145	81	74
347	142	79	73
355	141	80	73
361	142	79	74
365	145	79	74
366	144	79	76
367	148	78	76
364	145	78	76
358	140	80	78
353	137	81	78
347	136	82	78
338	135	85	79
325	132	89	82
317	131	87	82
308	132	89	81
303	133	90	81
299	133	90	81
297	136	89	78
297	137	89	79
300	134	92	89
306	133	94	86
323	132	88	82
329	129	92	81
347	132	85	82
353	133	88	83
360	133	89	82
363	133	88	82
362	131	89	84
362	132	90	83
356	131	92	84
355	131	87	83
350	132	86	80
346	134	84	79
343	136	82	78
338	137	80	75
331	136	80	74
323	138	82	73
318	141	78	73
310	145	78	73
306	147	77	72
305	146	79	72
309	146	79	72
318	144	82	71
331	144	82	71
347	145	82	72
362	145	81	73
373	144	82	73
385	145	83	73
397	145	80	75
404	146	80	73
410	147	81	77
414	147	81	79
418	147	82	75
421	149	82	76
423	154	85	72
424	158	85	73
426	165	84	70
430	165	82	73
433	165	84	73
440	157	86	76
447	148	86	79
460	146	83	76
472	151	83	72
483	149	80	72
497	147	79	73
510	139	85	76
527	131	91	79
542	130	84	79
550	129	81	77
554	129	80	75
559	129	78	75
563	128	77	75
569	128	75	74
572	128	75	73
572	129	74	75
570	129	75	75
566	129	77	75
562	130	78	78
558	132	80	78
553	134	79	77
551	133	81	79
551	135	79	79
550	136	79	81
545	141	82	80
539	145	82	79
537	143	80	81
538	145	78	77
543	143	77	76
546	140	79	75
547	137	77	77
545	134	78	77
542	133	77	75
540	131	77	72
538	129	77	72
538	130	77	72
538	128	81	73
539	129	77	74
538	132	78	70
538	132	75	71
536	130	76	75
534	128	75	77
532	126	77	78
529	124	79	80
526	125	80	80
522	131	83	78
516	135	85	80
506	138	88	80
493	135	90	83
482	134	92	84
468	140	89	80
456	144	89	80
444	147	84	77
429	149	86	76
419	149	88	79
407	152	86	79
396	152	82	76
388	149	81	74
380	146	81	75
372	142	81	76
365	140	82	75
358	137	82	76
351	135	82	76
344	134	84	77
336	132	84	77
330	131	82	77
326	130	82	76
322	128	84	76
320	129	83	74
319	127	82	75
318	125	83	77
317	127	83	78
317	127	85	79
314	133	86	77
314	136	86	77
313	141	85	77
311	147	87	77
311	154	85	76
308	161	85	73
304	164	83	71
298	162	81	72
293	159	80	73
287	157	81	72
282	154	81	72
275	151	83	73
273	149	83	71
272	149	83	70
271	147	85	71
276	143	86	73
281	143	88	74
288	142	89	75
295	143	88	74
301	144	90	75
307	146	87	75
313	149	85	74
316	150	85	73
315	149	85	73
319	147	84	73
317	144	84	73
312	144	87	74
311	145	84	73
312	147	81	72
312	148	79	69
314	149	81	68
317	148	82	68
320	147	81	69
322	147	81	69
324	149	79	69
325	149	80	70
326	149	82	70
326	146	83	73
327	145	85	75
326	144	85	75
326	142	85	75
325	141	86	75
325	140	87	76
326	141	86	75
325	139	88	76
328	140	87	76
331	140	87	74
334	141	86	75
339	144	86	77
344	144	87	77
350	147	83	76
356	153	83	75
364	154	83	77
373	157	83	75
385	156	82	73
399	154	83	72
413	150	83	73
428	147	83	74
442	143	81	75
453	138	81	79
460	133	82	79
471	131	79	82
478	131	76	82
482	130	76	85
487	130	73	81
493	132	74	85
494	132	78	84
495	131	78	84
492	129	78	87
488	130	76	85
485	127	76	85
487	128	74	78
488	127	78	80
495	127	78	80
499	132	78	76
504	132	80	78
508	131	79	78
509	127	81	79
506	128	81	81
501	125	82	80
502	126	80	78
506	123	80	80
514	124	81	79
524	123	80	80
532	122	80	81
538	122	80	82
540	122	81	81
543	120	82	83
547	120	82	82
551	121	81	80
556	123	81	77
559	124	80	76
559	125	79	76
554	126	84	78
546	129	85	82
536	132	85	84
525	137	86	86
514	137	83	85
504	140	83	82
494	140	84	82
484	141	84	82
473	142	83	78
466	142	80	78
458	144	79	76
448	143	79	76
434	142	80	77
419	140	81	78
408	137	82	78
402	135	81	76
397	132	79	77
390	132	79	76
383	130	80	78
379	132	79	78
377	133	78	76
373	134	78	76
369	135	78	74
363	135	78	74
359	135	78	73
356	134	80	75
357	135	82	76
359	132	85	77
363	131	87	80
365	128	86	81
365	130	87	80
364	130	87	78
362	134	88	79
359	139	87	78
355	142	87	78
350	139	87	80
344	140	88	80
338	142	87	81
332	144	86	79
326	145	84	78
322	149	81	75
317	148	77	75
311	149	78	76
308	147	75	77
308	147	76	75
309	146	76	75
314	143	77	79
320	141	78	79
328	140	78	79
333	140	79	78
336	140	77	77
337	142	77	77
336	144	76	76
336	145	76	75
333	145	77	75
329	146	76	75
321	149	78	75
310	152	79	77
301	154	78	77
293	157	78	78
285	161	78	77
283	163	75	73
282	164	76	73
284	163	78	75
291	159	81	77
301	158	81	75
313	156	81	76
321	153	83	79
330	152	82	78
336	151	82	79
340	153	81	78
342	155	79	75
342	154	79	76
341	155	77	75
342	154	78	76
341	151	77	75
342	149	76	74
339	149	77	75
338	152	76	72
336	155	76	72
337	158	75	71
338	157	75	74
343	157	76	74
354	155	76	72
363	153	77	73
374	154	74	73
380	156	75	71
384	157	75	70
387	159	74	68
387	159	74	70
384	160	74	71
378	160	73	71
370	161	74	72
362	165	75	72
350	166	75	74
341	166	74	74
331	166	76	74
323	165	75	73
319	163	75	69
318	163	74	68
320	162	76	69
325	161	76	68
334	159	75	67
344	155	73	67
354	153	75	66
367	152	76	67
379	154	74	68
386	157	76	68
392	160	77	69
398	163	77	67
401	165	75	65
402	164	75	66
393	161	76	67
380	157	78	68
362	154	81	71
341	149	85	75
321	147	87	78
301	143	89	78
284	141	88	77
267	139	87	76
255	140	86	75
246	144	86	73
239	143	84	74
237	139	84	76
240	134	86	78
247	128	87	79
259	123	87	80
271	119	87	81
283	115	86	81
292	109	86	83
292	103	88	83
290	98	90	83
289	92	90	85
288	84	92	87
293	79	89	86
294	79	89	84
290	90	92	86
280	102	94	91
271	116	98	96
258	134	104	98
250	149	104	102
240	154	106	102
234	161	103	98
232	163	104	94
231	161	104	96
235	153	104	103
241	136	106	107
257	118	104	111
278	103	107	112
306	99	109	107
330	101	100	102
344	101	96	99
346	107	96	97
343	107	101	102
338	109	100	102
333	110	102	101
325	110	102	102
317	108	105	105
307	106	107	110
296	95	106	102
289	94	103	106
283	95	104	110
180	174	79	76
181	180	71	64
182	180	70	63
186	180	70	64
190	178	71	65
193	174	72	67
195	170	72	70
196	164	73	69
197	157	74	69
193	150	77	72
191	142	80	77
184	138	85	77
178	132	85	78
171	130	85	81
163	126	87	81
156	124	86	81
149	121	86	83
144	119	86	83
137	114	86	85
131	110	89	86
123	110	90	85
114	106	92	87
105	105	91	85
93	103	93	83
81	104	93	83
68	104	95	81
52	103	96	81
37	97	95	84
23	92	97	85
8	87	98	85
0	85	94	86
0	84	82	87
