592	235	59	163
584	241	57	163
583	240	59	163
584	240	62	163
594	243	65	161
601	252	63	161
592	267	66	163
578	281	70	166
567	300	73	159
566	308	72	165
558	308	83	166
547	304	89	166
525	292	85	170
506	281	83	164
503	281	84	160
514	276	84	167
535	276	81	166
563	275	73	164
584	277	63	162
569	278	70	167
549	282	71	163
532	284	68	162
526	285	65	165
521	288	65	167
512	291	72	161
498	291	79	164
484	293	81	160
467	294	82	155
451	293	79	157
437	293	82	161
428	291	82	162
415	291	83	160
407	288	77	163
395	288	69	163
394	297	63	156
395	287	62	162
394	290	64	163
397	291	68	169
401	294	75	169
408	301	81	168
410	304	88	169
415	303	93	173
419	305	92	172
421	306	93	173
432	325	87	154
461	338	62	137
469	340	58	126
473	343	58	127
471	344	63	129
473	346	64	123
470	349	65	121
473	350	61	120
477	352	59	120
475	354	59	119
480	355	61	120
483	355	59	118
488	354	57	120
492	353	54	120
494	354	54	118
496	356	54	115
504	357	54	117
513	359	55	118
516	361	60	116
517	360	62	117
511	360	67	119
520	358	64	123
524	356	66	124
533	352	62	129
546	348	61	132
570	347	56	128
580	347	59	127
591	345	58	126
592	341	65	125
594	336	65	125
476	300	68	185
484	301	76	182
499	299	74	183
511	300	73	181
523	298	69	181
530	296	67	182
532	295	67	180
532	295	61	180
528	294	62	182
516	298	66	177
499	302	64	181
495	304	60	174
492	308	61	181
494	312	67	177
500	313	68	179
511	316	66	178
518	315	68	179
523	312	72	178
528	307	74	178
530	302	75	179
536	291	77	179
542	286	80	175
545	277	77	177
542	275	78	174
538	271	75	177
524	267	77	177
520	266	70	174
517	270	69	167
519	271	68	166
525	269	69	170
542	273	64	170
555	280	63	161
554	283	61	161
559	287	67	156
553	289	64	161
582	310	58	129
580	312	57	132
574	317	59	136
569	322	62	132
569	324	62	127
570	326	61	127
572	327	59	126
576	326	57	127
582	325	58	127
584	323	64	126
585	314	70	138
600	319	63	133
611	316	56	134
620	315	54	128
629	316	52	126
633	316	55	132
642	315	53	124
647	313	52	128
651	314	55	119
654	313	57	119
655	312	58	121
655	311	56	124
651	310	57	126
647	308	60	128
640	306	64	135
622	293	66	152
629	299	66	146
636	296	64	148
638	297	67	145
638	292	68	151
647	297	69	143
644	295	67	143
665	300	70	130
670	301	64	125
672	301	62	124
676	302	58	123
679	303	57	121
681	302	56	122
684	303	56	122
684	305	57	121
684	304	56	119
683	303	55	123
685	304	53	124
682	304	52	123
685	303	51	127
690	303	49	124
689	303	48	128
688	304	49	126
687	303	49	126
677	296	54	136
672	288	61	144
669	284	66	149
667	281	68	150
660	275	71	158
656	273	72	161
651	274	75	161
647	274	76	162
648	276	73	160
646	276	72	161
644	277	72	161
638	279	75	159
630	279	78	159
626	279	72	158
631	279	73	159
637	276	68	162
641	273	74	160
643	270	71	161
642	270	76	161
646	270	75	160
650	270	75	161
652	270	75	160
653	270	79	160
654	270	76	162
654	272	65	160
651	273	59	160
650	274	63	160
647	274	60	158
648	275	59	152
649	276	60	150
640	274	69	151
637	268	78	157
634	267	79	158
632	268	79	157
633	268	74	156
645	266	65	157
655	266	58	157
656	266	57	157
652	269	61	153
643	271	63	153
637	272	62	154
630	275	62	156
581	312	58	109
580	320	59	104
579	321	57	107
576	325	60	107
573	329	59	107
571	331	58	105
569	331	57	105
570	331	60	105
568	330	56	108
570	330	53	107
571	329	49	107
573	330	48	106
576	330	48	106
578	329	46	108
578	330	46	108
579	330	45	106
581	331	44	107
582	331	44	106
583	331	44	108
583	331	45	107
583	331	45	108
583	331	45	107
582	331	46	107
582	331	45	107
582	331	49	107
610	330	54	105
609	328	56	108
610	324	60	113
662	308	57	132
685	310	58	124
675	313	69	123
678	317	74	119
679	319	73	121
683	321	73	119
678	311	76	127
653	302	78	141
653	286	69	158
660	289	69	154
660	286	69	158
660	290	70	152
658	285	62	158
657	290	61	152
661	290	63	151
694	327	95	103
697	326	90	105
656	287	70	154
651	290	74	154
642	296	67	150
671	316	99	122
656	293	70	154
659	295	54	155
662	295	52	155
664	291	49	159
538	338	70	104
537	336	62	106
533	334	56	107
533	334	55	108
531	334	52	109
529	335	52	109
531	335	54	110
527	336	51	111
526	334	56	114
524	331	69	117
541	335	83	113
526	332	97	118
529	331	89	119
517	330	85	122
506	328	75	126
512	326	82	127
508	322	92	129
530	327	90	122
520	323	78	129
548	331	65	119
558	335	58	113
560	335	62	111
559	336	65	110
559	336	75	111
564	336	76	110
569	338	78	107
564	338	83	107
576	338	75	107
574	335	72	108
580	335	69	108
578	335	70	108
580	335	70	110
579	336	73	109
583	336	74	106
584	339	76	107
580	342	79	105
576	345	78	104
572	344	80	103
570	344	81	105
569	345	84	104
568	343	89	103
563	345	93	103
562	341	92	106
561	339	93	110
563	335	89	113
567	334	77	112
570	330	71	115
577	328	68	117
581	328	61	115
578	328	62	114
584	329	57	113
590	328	56	111
587	329	60	110
595	328	56	110
588	328	62	110
589	329	64	109
581	330	71	108
586	330	69	109
581	331	71	109
630	329	57	108
631	330	56	106
627	329	59	107
625	329	62	108
625	327	62	109
625	325	63	110
623	325	64	111
623	324	63	112
612	324	72	112
618	322	65	114
616	321	63	115
615	321	60	114
585	319	64	117
581	319	60	119
576	321	56	116
577	324	54	113
577	329	51	109
578	330	52	108
580	333	51	106
577	329	54	110
577	328	53	111
612	324	57	111
612	325	57	112
606	327	61	111
603	326	63	110
600	327	66	108
592	329	72	108
588	329	75	110
574	330	58	109
578	331	80	108
579	330	78	112
580	330	75	110
577	331	82	109
575	330	83	110
574	331	97	112
572	332	116	114
574	332	96	113
576	335	93	109
585	339	99	105
580	335	85	111
597	338	89	107
588	334	78	108
595	337	94	107
583	333	74	111
586	330	64	114
586	330	63	116
590	330	64	115
593	331	75	114
585	332	80	112
587	333	77	113
591	333	68	115
592	332	69	116
593	333	62	116
592	334	52	119
592	333	50	120
591	332	51	121
592	331	50	119
590	330	55	120
586	327	70	114
582	324	73	117
579	323	73	118
578	322	69	120
583	324	64	118
579	324	63	119
574	322	58	122
573	322	56	122
574	326	53	122
576	328	56	120
575	330	58	120
576	331	59	123
574	335	62	122
572	336	64	124
571	338	69	122
575	338	72	121
536	321	73	143
534	320	69	144
542	316	63	147
550	314	62	148
556	314	60	146
604	331	69	125
608	324	67	134
572	308	63	151
578	311	70	147
582	310	76	147
592	311	77	147
626	319	73	137
637	322	69	131
646	325	64	124
650	327	60	121
654	327	57	121
659	327	56	123
657	329	61	120
657	329	63	122
657	328	66	124
656	328	72	123
655	329	76	125
654	328	81	125
655	328	76	126
655	327	68	127
652	326	65	125
646	325	68	122
644	323	68	120
643	322	67	122
643	322	66	122
645	320	63	120
642	319	63	120
640	317	63	121
636	317	66	121
634	316	65	121
633	317	65	122
633	317	66	120
634	317	64	122
633	319	66	121
635	321	64	120
634	327	64	121
634	329	66	121
632	334	64	119
632	335	65	119
630	339	63	114
632	340	61	117
633	340	59	117
634	340	58	117
640	340	57	117
643	338	55	116
647	336	60	119
652	334	65	119
652	335	62	117
653	332	60	118
655	334	62	116
657	324	63	117
669	322	73	124
727	318	72	119
728	318	63	114
711	317	68	117
707	317	64	115
707	319	57	113
702	319	59	114
700	320	60	114
697	322	62	114
695	322	63	115
689	327	69	111
677	327	77	113
668	326	76	125
593	343	68	110
592	347	70	108
590	347	71	110
589	348	69	110
587	349	72	110
586	349	72	111
587	348	68	112
592	346	65	117
605	344	68	116
610	339	62	123
611	339	65	119
612	339	70	117
611	338	76	116
666	334	59	116
669	340	54	115
669	344	48	115
667	346	45	119
664	348	49	117
662	347	48	119
660	348	49	119
653	348	52	120
645	348	59	119
637	349	68	118
633	351	69	118
631	351	69	117
631	351	69	119
624	346	65	123
617	344	66	123
615	341	68	129
611	338	63	133
618	337	57	136
618	338	52	130
614	340	53	128
610	337	54	137
605	335	58	142
613	334	56	140
613	334	57	142
613	333	58	136
611	333	57	141
608	332	59	137
607	333	58	139
607	332	57	137
607	333	56	140
598	328	64	147
591	325	68	152
590	323	69	154
582	322	72	153
589	321	70	152
590	321	62	151
575	319	66	154
569	321	72	150
562	318	79	150
566	318	79	152
578	326	68	143
579	335	60	132
586	336	54	129
581	339	55	116
584	337	52	115
584	339	51	121
587	339	49	119
589	340	49	122
589	340	50	123
592	341	52	121
594	340	50	120
594	340	50	120
595	339	51	121
598	338	49	121
602	336	49	124
605	336	51	121
610	336	52	121
613	336	56	119
622	338	63	116
626	338	66	119
627	337	71	118
629	338	68	120
628	338	71	119
634	336	64	121
636	337	65	120
639	337	64	119
642	337	61	120
644	337	59	121
651	339	53	121
652	341	54	119
652	341	60	120
651	340	67	121
652	338	69	123
651	336	77	123
654	336	79	123
656	337	81	122
663	338	79	121
670	339	74	119
673	339	74	119
677	338	70	119
679	338	70	119
681	338	67	119
683	337	64	118
692	337	56	118
703	337	54	118
713	336	52	115
719	333	52	120
721	320	52	138
723	334	56	125
725	328	57	135
723	326	62	143
718	314	70	157
722	295	81	180
710	292	98	182
721	285	92	189
679	281	115	191
608	303	84	172
614	307	78	165
600	306	74	167
616	308	81	159
625	327	73	142
627	333	69	132
624	340	68	124
621	345	66	121
617	346	66	121
619	347	63	122
621	350	63	122
624	352	63	126
626	354	63	125
621	356	66	121
614	355	68	122
609	354	70	124
604	354	69	122
601	355	71	120
599	356	71	119
598	358	73	117
599	358	74	117
598	358	73	120
599	358	70	118
597	351	68	123
596	348	67	121
596	345	66	121
600	345	63	116
606	342	60	120
612	340	59	121
616	338	58	117
621	334	58	123
623	333	58	122
626	332	63	121
631	330	72	119
636	323	68	122
641	322	67	124
646	321	66	124
652	319	64	122
658	323	62	120
663	322	60	122
666	324	60	118
666	325	79	115
668	321	82	126
662	328	76	124
658	328	72	118
659	329	75	118
656	331	67	121
659	330	65	122
655	335	62	124
654	336	61	123
651	339	60	124
649	341	63	121
645	339	66	123
637	338	65	125
632	338	71	127
630	339	73	130
628	342	70	128
627	343	67	128
627	344	68	127
625	344	61	126
622	344	66	125
618	345	65	123
614	345	67	121
611	345	64	122
611	345	56	121
611	345	55	119
607	345	57	118
604	344	58	120
598	342	54	121
593	343	54	120
590	343	54	119
589	341	53	123
581	333	61	135
547	321	64	149
558	319	66	155
549	319	63	150
546	318	66	155
544	318	63	157
540	321	66	155
537	322	67	152
535	321	71	154
534	318	71	156
533	319	71	155
535	316	68	161
538	318	71	162
540	319	69	165
543	321	63	163
543	318	62	171
540	315	57	171
534	312	74	174
524	309	110	184
518	306	118	189
521	307	117	185
511	307	118	186
523	309	101	182
548	316	74	174
551	321	66	156
544	321	73	149
541	317	74	154
539	315	76	158
538	314	76	158
536	315	78	155
535	314	80	154
534	315	80	154
534	313	80	155
533	313	81	156
530	312	81	155
531	312	81	155
529	312	78	155
529	312	78	154
528	312	79	153
529	313	80	154
528	313	80	153
528	313	80	153
530	313	79	154
532	312	79	153
536	312	77	153
540	313	78	151
546	312	77	151
549	310	76	153
553	311	79	153
557	309	76	155
561	309	79	153
567	308	79	154
571	308	79	153
575	307	78	154
580	308	77	151
584	307	76	152
588	308	75	155
593	308	73	151
593	309	72	152
594	309	72	152
595	312	73	148
595	310	71	151
601	349	74	109
607	349	75	112
606	352	77	110
612	349	69	112
616	350	60	113
614	350	63	112
633	352	71	101
645	349	72	101
648	349	69	103
651	341	69	113
658	341	65	111
664	337	60	114
664	332	59	121
665	327	62	128
669	320	65	134
673	311	67	140
678	307	72	145
685	310	76	142
587	307	62	158
589	310	62	154
589	308	65	156
589	308	66	157
588	307	65	157
588	309	65	157
588	308	67	158
585	307	70	158
587	306	71	159
586	306	72	159
587	305	69	158
589	307	69	156
586	309	66	152
587	307	63	154
584	307	64	154
583	309	63	153
581	308	65	154
582	310	65	150
582	309	64	152
582	308	62	154
582	307	60	154
583	306	60	155
584	306	61	154
586	307	62	152
589	305	61	154
593	305	61	152
595	304	60	153
596	304	61	153
591	308	63	150
587	311	62	152
585	314	62	150
583	314	60	152
583	313	61	158
586	312	63	157
594	314	65	155
602	317	62	158
607	329	59	157
607	351	57	156
601	356	59	158
596	355	59	158
595	355	58	156
594	355	61	157
604	347	65	161
614	342	65	159
625	342	65	158
634	339	66	157
645	334	67	157
657	329	74	156
661	324	75	156
663	322	74	156
665	322	74	154
665	321	72	155
660	320	75	157
659	320	75	157
657	320	75	158
656	320	74	159
653	320	73	158
647	320	75	158
644	319	75	158
641	319	73	158
641	320	73	157
640	320	73	158
638	320	74	157
636	322	73	158
634	325	74	159
632	326	71	156
634	327	69	157
633	328	68	157
634	329	68	155
633	328	68	155
634	328	68	156
636	328	66	153
640	328	67	152
643	327	65	152
646	326	62	154
646	328	63	154
646	331	62	152
643	333	65	151
638	335	68	150
634	335	70	149
637	343	70	139
628	336	69	148
628	337	67	148
624	335	69	149
622	337	68	148
621	342	67	144
622	344	70	142
613	338	72	150
619	342	70	144
613	334	73	152
620	336	70	147
624	328	72	152
680	330	74	144
724	303	80	169
728	296	85	177
726	296	90	180
727	294	99	184
722	292	99	185
668	305	85	171
669	311	78	160
664	313	78	160
659	313	78	161
653	315	81	160
649	316	78	161
647	318	74	157
644	319	80	160
643	321	93	162
637	321	97	167
633	323	97	170
630	325	96	171
629	327	82	171
628	329	79	165
629	330	79	165
628	331	83	166
627	328	95	173
624	321	94	182
622	317	103	186
614	315	108	188
608	315	112	189
600	312	118	192
593	308	119	196
585	308	122	197
574	308	128	196
565	311	132	193
557	318	133	181
555	322	145	176
540	323	147	176
539	324	144	174
575	335	128	163
613	352	89	145
618	352	77	140
611	354	72	137
613	356	65	131
629	357	62	123
630	355	55	118
635	355	53	118
613	357	58	117
607	357	59	116
607	357	57	116
605	358	57	117
605	359	56	117
603	361	56	116
608	361	57	114
608	362	55	113
611	362	56	110
610	362	59	111
611	362	64	115
619	361	66	117
625	361	66	115
632	360	61	116
641	360	58	116
643	361	57	116
641	361	56	115
642	361	54	114
643	361	55	115
640	361	53	114
637	362	53	114
635	362	54	111
634	362	55	112
631	362	59	112
628	362	64	112
627	361	65	114
627	361	70	114
625	359	75	115
623	360	75	114
620	360	76	114
620	361	76	115
622	360	73	115
622	360	73	116
622	360	74	116
623	360	71	116
623	359	68	116
622	358	68	116
618	358	68	117
617	358	70	117
616	358	71	116
614	359	69	115
610	358	72	114
608	358	72	115
607	359	69	115
603	359	69	112
601	359	69	112
600	359	67	112
597	359	69	112
598	359	65	113
596	359	67	112
598	359	66	113
597	359	69	114
595	359	68	114
594	359	70	114
598	358	66	115
596	359	67	115
596	359	67	115
599	359	66	114
599	359	65	114
597	359	68	114
598	358	67	115
595	358	70	115
597	358	69	116
600	359	66	114
602	361	65	113
599	362	70	113
603	362	68	115
605	362	67	114
607	362	64	113
606	361	62	114
608	362	53	113
612	363	54	112
617	364	54	111
618	365	61	108
617	367	65	107
620	369	70	106
615	366	77	108
618	368	81	106
619	369	85	102
626	372	79	99
630	370	77	104
638	365	71	109
650	350	64	123
662	350	54	120
666	346	53	125
659	338	61	133
668	338	60	131
660	338	82	131
658	346	90	121
659	353	103	116
663	349	106	120
655	351	115	118
656	354	117	118
667	353	108	118
698	357	79	109
705	356	77	111
715	362	69	108
741	364	54	97
691	362	69	94
692	363	61	100
697	360	58	106
700	362	59	101
704	362	58	102
705	361	61	106
708	359	58	102
713	360	54	97
723	362	50	99
745	362	53	94
746	364	47	90
745	367	51	86
744	366	62	90
743	367	72	91
747	364	69	88
756	361	65	87
773	363	48	82
774	365	47	79
774	370	45	78
784	361	50	87
824	355	43	92
823	355	44	96
822	355	45	95
820	354	46	94
809	353	58	98
810	352	58	98
812	354	58	93
801	354	50	91
804	354	46	89
812	354	50	92
816	354	56	93
814	351	59	93
818	353	59	92
821	353	59	94
826	352	55	95
821	352	58	94
822	350	58	97
823	353	58	98
826	353	56	96
826	352	57	97
828	353	55	96
828	351	54	95
830	350	52	95
832	350	51	96
834	353	51	92
834	353	51	89
836	355	52	87
836	355	54	85
837	356	54	84
837	355	55	85
841	356	54	87
846	355	51	89
852	353	50	90
854	352	50	89
860	351	48	90
862	351	48	89
866	351	46	89
877	354	42	84
874	352	46	85
885	354	45	83
889	353	43	83
894	353	45	84
893	352	48	85
895	351	51	85
895	351	54	86
901	352	51	87
902	349	53	90
914	348	43	90
916	347	38	87
921	345	34	87
927	346	29	86
929	343	26	88
929	350	26	84
930	341	26	90
931	340	25	94
930	320	25	109
931	319	25	111
931	320	24	108
931	316	24	114
936	294	21	132
936	292	22	133
936	288	22	139
935	282	22	150
937	289	21	147
936	281	21	152
935	282	22	153
935	287	22	149
935	281	23	153
935	280	22	157
935	279	22	161
934	281	23	159
934	282	23	159
933	283	25	155
933	279	24	163
932	283	25	153
932	277	25	163
931	272	27	168
932	276	27	165
931	270	25	171
930	271	27	171
931	273	27	168
931	273	25	165
930	277	27	157
931	273	26	163
930	271	27	165
930	274	28	160
930	272	28	164
930	270	29	166
930	264	28	174
931	275	28	170
931	277	28	159
931	269	28	171
931	270	28	167
931	269	28	167
931	277	28	164
931	277	27	164
931	277	27	161
931	274	27	162
930	272	28	166
930	275	28	159
930	272	28	164
930	271	28	166
930	269	28	166
930	268	29	164
931	278	28	160
931	278	28	159
930	279	27	156
929	280	28	152
930	278	29	155
931	290	28	153
932	281	27	158
933	288	26	149
934	285	25	150
936	302	23	138
937	302	22	135
936	298	23	132
934	290	24	140
935	314	24	124
937	308	22	130
936	332	23	106
937	316	22	110
937	323	22	106
937	312	22	114
936	322	23	110
938	322	21	111
938	319	21	111
939	330	20	102
939	325	20	109
935	299	20	120
942	347	17	97
939	347	17	94
937	354	20	86
937	345	21	99
934	345	24	86
932	324	25	107
930	336	29	93
844	340	56	95
845	336	59	100
850	335	55	101
857	335	50	100
864	333	50	103
869	332	50	105
872	336	48	101
877	340	48	95
877	334	54	95
881	337	64	94
880	335	72	95
883	335	71	96
886	332	69	98
891	330	64	97
904	327	50	99
908	326	43	98
913	325	43	99
916	329	40	99
918	327	38	101
921	329	36	98
922	329	36	99
923	330	35	100
924	331	33	102
926	332	31	103
927	332	29	103
928	333	28	102
929	333	28	100
931	329	26	101
935	323	23	102
938	320	20	105
938	328	20	105
937	308	20	123
936	320	21	114
935	300	23	131
932	297	25	140
931	294	25	142
930	297	27	133
932	300	27	136
934	319	25	119
934	306	23	131
930	288	25	137
932	299	26	142
934	296	25	139
935	311	23	127
935	304	22	125
935	298	22	129
933	293	24	134
934	302	23	130
934	290	23	143
931	301	25	135
932	296	27	146
928	312	28	137
926	313	33	134
924	313	32	132
921	318	38	121
918	322	41	114
921	315	38	131
849	355	36	79
847	338	37	99
848	352	37	74
850	362	32	64
851	359	31	65
851	361	30	66
852	360	30	71
852	357	33	76
851	355	34	81
848	355	35	71
845	355	34	72
841	349	37	79
839	356	40	69
837	357	41	66
833	358	36	64
827	358	30	66
826	359	30	65
826	358	32	67
826	356	32	72
827	351	35	76
830	349	54	75
831	305	48	122
822	322	44	106
824	310	46	119
821	314	49	115
823	344	44	84
824	326	36	100
826	305	36	119
823	306	38	122
824	321	39	110
827	326	38	101
828	338	35	88
829	339	35	85
829	330	37	96
827	316	37	110
825	319	37	108
825	319	35	104
824	340	36	85
822	338	35	88
821	339	35	88
820	343	35	86
816	346	35	79
812	353	34	74
808	356	35	69
807	361	32	68
803	366	31	65
800	365	31	63
798	370	29	59
795	374	27	56
795	375	27	56
792	376	28	56
790	376	29	55
788	376	30	58
784	377	28	60
779	376	28	60
777	377	30	58
774	375	32	60
771	369	33	68
772	363	30	76
771	355	31	85
771	357	31	86
769	348	33	93
767	324	38	117
763	328	57	120
742	317	70	125
616	355	47	113
584	357	52	122
571	355	65	124
574	354	60	126
573	354	59	125
571	356	59	125
572	354	57	126
571	353	57	128
574	352	55	129
575	350	56	133
571	345	59	137
573	346	60	134
572	342	59	139
576	344	59	138
578	341	55	141
581	341	56	140
581	339	56	139
580	339	61	142
582	337	67	144
574	334	75	147
576	332	74	151
565	331	77	151
570	331	74	151
557	330	77	151
554	329	77	151
554	329	77	155
552	329	78	154
553	329	79	154
558	328	79	157
558	328	80	157
559	327	82	158
557	329	86	158
555	328	85	160
551	326	84	161
551	325	86	163
549	325	81	164
544	325	81	164
539	325	80	165
533	324	82	166
526	325	86	166
521	325	91	168
520	328	93	164
520	331	92	161
515	329	94	166
514	328	94	167
512	327	94	169
508	326	91	170
507	326	89	170
504	327	85	170
501	326	85	172
500	326	88	172
499	325	80	174
499	326	76	173
498	327	76	172
498	327	74	172
496	327	75	172
495	328	75	171
495	328	71	172
495	329	69	170
493	329	73	169
492	330	78	169
492	329	85	170
494	330	94	169
498	327	103	171
500	326	106	172
499	324	101	175
496	323	98	176
493	323	98	177
496	320	99	179
497	322	93	176
497	322	92	176
496	322	87	175
496	322	76	175
495	325	69	172
494	327	65	167
495	329	61	165
491	328	61	157
403	357	53	124
402	358	54	121
402	357	53	123
402	357	54	123
402	357	53	123
401	356	53	125
400	357	52	124
400	357	51	125
398	357	52	124
398	357	53	125
398	357	51	126
396	358	53	125
395	356	53	126
393	355	54	128
395	355	58	128
393	355	55	127
393	354	58	128
391	353	56	129
390	354	59	126
389	352	59	129
388	352	61	130
388	353	60	128
387	354	59	128
386	353	61	129
384	354	63	126
383	354	65	128
382	354	67	128
381	354	67	129
379	353	67	129
377	353	67	131
374	352	69	132
374	351	68	134
373	352	70	132
372	353	71	131
372	354	71	131
372	354	68	131
372	354	71	130
372	354	73	129
374	354	74	131
374	354	71	129
374	354	71	129
376	353	68	130
378	354	65	129
378	353	67	131
378	354	67	131
377	355	68	131
380	357	70	132
383	357	70	134
386	358	72	133
386	359	73	133
388	358	74	134
386	357	75	134
386	356	71	135
385	355	68	135
383	356	67	134
384	355	66	133
383	355	65	135
381	355	67	134
375	353	71	135
370	353	74	136
361	354	78	136
345	352	87	135
341	349	85	139
331	349	86	137
326	349	81	137
328	351	83	138
321	353	82	137
314	352	83	140
298	350	75	142
295	352	69	137
292	353	69	134
289	361	66	135
285	361	66	138
277	362	70	134
273	361	72	132
272	359	73	134
274	359	72	136
268	360	73	138
262	361	68	138
257	361	67	138
254	363	65	138
252	363	59	137
248	361	58	141
244	362	60	138
244	361	58	140
244	360	63	140
242	359	67	139
242	358	72	140
244	357	74	140
244	357	78	140
244	356	76	142
249	359	77	139
250	357	74	140
249	359	73	140
253	360	71	136
124	377	59	135
112	372	59	146
114	373	59	142
117	369	62	148
119	370	56	147
126	367	61	151
129	363	67	157
124	364	69	154
134	362	69	151
115	370	61	144
116	374	54	135
116	375	53	134
114	376	54	132
113	376	59	132
110	378	66	131
115	379	74	130
105	379	62	132
103	380	63	131
101	379	65	134
198	347	68	170
202	343	72	173
205	342	73	173
213	340	72	175
216	340	75	176
219	342	77	169
218	346	80	169
221	347	83	166
222	347	90	168
223	347	92	169
226	346	91	171
231	344	89	174
240	340	81	178
258	337	70	179
268	335	76	177
274	332	76	177
277	331	73	177
285	331	71	173
292	330	67	174
335	343	77	159
343	345	75	156
344	343	70	160
350	344	72	161
317	343	102	170
326	339	109	176
335	338	108	177
344	338	104	175
370	335	83	178
386	330	73	180
411	332	98	169
426	327	89	174
435	327	85	171
423	328	83	168
432	335	82	158
442	336	78	161
441	336	67	165
451	334	69	161
460	334	64	163
506	335	70	161
505	332	78	162
486	327	93	166
472	326	99	167
479	323	105	169
489	327	95	163
490	325	98	167
502	325	91	166
510	324	85	167
512	323	83	167
522	323	79	166
529	323	74	168
536	326	74	164
553	330	86	154
608	338	68	143
606	340	67	136
605	339	66	140
591	336	76	146
576	334	92	145
583	321	88	157
586	318	82	160
584	319	82	158
579	319	86	157
572	333	92	144
570	336	90	144
568	341	91	138
627	326	80	149
632	329	83	142
553	347	90	131
549	346	95	135
542	346	99	134
537	346	96	135
532	343	91	137
529	341	92	140
525	340	91	140
522	341	81	138
513	342	79	138
507	345	76	136
501	347	78	136
492	351	84	133
483	354	96	131
476	355	101	129
470	357	110	128
465	356	114	128
457	356	110	128
455	355	90	131
448	354	88	133
436	352	88	137
429	351	86	139
422	349	90	140
417	349	92	139
412	349	86	141
406	355	65	135
400	360	71	131
391	365	84	127
387	364	86	129
381	363	94	131
366	362	110	131
363	356	108	137
358	349	110	144
354	347	106	146
357	348	94	145
361	351	78	140
360	353	72	136
356	361	67	130
342	360	63	132
338	363	62	129
334	364	61	129
320	369	61	127
329	370	54	127
328	372	52	126
324	374	52	125
328	376	50	121
322	374	52	125
324	375	50	123
322	374	54	125
320	373	54	127
315	372	57	127
313	371	58	128
315	370	59	129
310	370	60	130
311	370	60	129
312	371	60	127
290	370	64	131
289	370	63	131
293	372	63	129
293	373	67	124
297	375	70	124
308	373	61	124
312	376	60	121
310	377	58	120
305	377	59	122
306	376	59	124
308	375	62	125
308	374	58	127
318	374	54	126
318	374	53	125
320	374	54	125
323	374	53	123
320	374	52	122
321	373	55	123
326	372	55	124
323	376	59	120
331	372	57	124
331	372	55	123
330	372	59	124
338	369	60	128
336	368	67	127
351	367	65	129
352	367	62	128
361	367	55	126
362	368	59	125
363	370	61	122
366	377	56	115
370	375	58	117
367	381	64	109
370	380	71	111
370	382	69	108
373	378	75	111
368	379	73	111
376	371	80	119
385	370	71	119
388	368	68	120
396	368	61	121
398	366	56	122
402	366	55	121
403	366	56	121
406	365	58	122
411	363	58	122
412	363	62	123
415	363	68	123
416	363	68	124
416	363	69	124
418	363	67	123
422	363	66	124
425	361	64	126
430	361	61	126
434	364	58	121
436	363	58	121
438	364	56	121
442	361	55	124
517	359	44	116
517	365	44	108
518	360	45	112
512	366	47	107
511	362	49	112
505	361	51	114
503	360	51	113
501	360	51	113
497	359	52	113
497	357	51	118
500	354	46	120
500	350	46	125
499	350	47	126
499	346	50	130
501	346	55	130
453	341	61	140
451	336	63	144
450	335	64	145
451	336	63	145
451	342	62	138
455	351	61	130
453	358	58	122
453	360	58	121
454	360	56	121
455	361	55	120
451	360	55	120
450	360	57	121
446	360	56	121
447	359	53	121
447	359	53	121
446	359	55	121
442	359	56	120
441	360	57	121
439	359	58	121
439	359	56	121
438	359	60	121
441	358	61	123
439	359	59	123
443	358	57	124
446	357	54	122
444	358	57	122
446	358	59	121
543	358	52	113
548	356	56	114
549	360	55	107
561	364	51	104
567	365	47	101
574	367	44	100
574	367	45	100
577	367	45	101
584	366	44	101
592	366	49	102
600	363	47	105
602	363	49	103
602	363	52	103
602	362	61	103
601	359	67	107
601	360	73	109
607	359	71	108
615	360	66	107
558	344	50	129
557	343	52	133
556	344	50	131
558	342	49	133
556	343	51	132
557	343	50	131
554	342	51	132
553	342	52	132
551	342	53	131
551	342	50	133
553	341	49	136
553	340	49	136
553	341	50	136
553	340	50	134
553	340	50	135
553	340	50	134
554	341	50	135
552	341	52	133
551	341	53	133
549	341	53	133
548	342	55	133
549	342	54	132
549	341	53	134
550	342	52	133
550	342	51	133
547	342	52	132
543	342	56	132
541	342	58	130
539	342	60	131
538	343	60	131
536	344	61	132
537	344	62	133
536	343	59	133
538	345	62	132
535	345	60	132
539	346	61	130
536	346	63	130
533	348	65	128
467	358	54	125
468	356	53	127
468	357	53	126
468	357	54	127
468	358	55	126
468	358	55	126
468	358	55	126
467	357	56	126
469	358	55	125
468	357	55	126
468	358	56	126
468	357	57	127
467	358	58	126
467	359	60	127
468	359	58	127
469	359	60	127
467	359	62	129
470	357	59	128
469	356	59	128
470	356	59	128
469	354	60	129
470	354	59	130
469	354	59	131
467	353	60	132
463	353	62	131
461	356	62	128
461	354	62	130
460	353	64	131
462	355	62	128
459	354	65	130
456	356	67	129
458	356	66	128
455	360	67	124
456	358	68	124
455	356	70	125
401	359	58	126
405	360	56	123
407	359	59	124
412	358	59	124
411	357	62	125
415	356	64	125
414	358	55	123
417	362	65	119
421	362	61	119
420	361	57	121
419	361	57	122
423	361	60	123
424	360	59	123
427	359	57	125
428	358	58	126
432	358	61	126
440	356	64	127
463	357	62	124
464	357	61	124
465	357	61	124
464	357	62	124
464	357	62	125
460	357	66	124
460	356	64	125
461	358	64	123
460	357	62	125
460	358	64	123
459	359	64	123
459	358	62	124
458	357	63	126
459	357	62	126
460	356	61	127
460	355	61	128
460	352	61	131
462	349	60	134
466	347	58	137
468	346	56	138
468	345	55	138
468	346	52	138
471	344	55	140
473	344	57	140
474	344	61	141
473	340	64	145
471	340	69	145
469	348	71	137
472	353	68	132
479	351	70	133
483	352	71	131
484	351	56	131
488	353	52	127
490	354	53	126
489	355	56	125
486	356	61	125
482	357	65	124
481	356	67	124
481	357	70	125
483	354	71	125
484	354	74	126
488	352	75	127
490	352	72	128
490	352	74	126
489	352	74	127
494	353	70	126
500	353	62	126
503	354	62	124
503	354	68	125
504	355	77	126
507	355	83	128
509	354	85	128
508	355	88	128
508	354	86	129
508	353	88	130
508	354	87	129
507	353	87	131
506	353	85	131
505	355	80	129
505	355	74	129
504	356	67	127
505	357	61	126
502	358	64	125
493	358	71	126
489	356	73	126
486	356	75	126
486	355	74	126
482	356	79	126
480	357	79	125
479	357	79	126
476	357	79	123
477	358	71	122
473	360	72	119
472	359	70	121
471	358	69	122
470	359	68	122
470	360	65	120
468	362	65	120
467	363	66	118
466	363	67	119
462	364	70	117
460	364	72	118
459	363	73	118
457	365	75	118
456	364	77	120
453	364	77	121
449	363	79	123
446	364	79	123
441	363	79	124
440	362	72	124
440	361	63	125
438	363	56	122
431	363	47	122
430	363	50	124
427	361	51	128
426	363	49	127
428	364	53	124
421	365	45	126
419	367	60	120
414	366	58	124
412	368	57	121
408	368	56	120
407	367	63	122
404	365	68	127
400	365	69	128
398	364	70	129
395	364	70	130
395	364	68	131
395	366	64	128
394	365	64	129
391	365	63	129
390	366	63	129
387	365	64	130
389	364	63	132
391	364	61	132
395	362	61	134
401	361	61	134
405	361	60	132
410	360	58	131
411	360	58	127
414	358	58	130
416	357	58	132
414	357	58	134
413	356	58	133
411	356	62	135
411	356	63	137
408	356	65	136
410	356	65	134
408	357	68	134
410	358	66	134
409	357	65	135
412	358	61	134
414	360	57	132
415	360	55	132
420	361	56	131
417	361	55	132
420	362	52	131
415	363	55	130
417	364	55	129
416	365	57	128
416	364	58	128
420	363	61	130
426	361	59	130
432	362	58	130
432	360	58	131
430	359	59	133
429	358	66	131
428	357	72	132
426	356	72	132
425	356	78	131
426	357	77	130
426	356	77	130
424	356	76	132
423	356	77	132
427	357	75	131
436	358	65	128
440	358	62	128
444	358	63	129
447	363	67	122
447	361	70	126
451	360	69	126
457	364	69	121
456	361	72	123
457	360	72	124
460	360	69	124
461	359	68	123
462	360	67	122
466	359	65	123
467	359	64	123
470	358	61	123
471	355	59	125
470	353	58	127
469	353	57	128
468	353	58	127
471	353	56	125
475	354	54	125
477	354	54	126
477	354	53	125
477	355	52	126
476	354	52	126
476	354	52	127
477	354	53	127
476	354	54	128
477	353	54	128
477	354	55	127
478	353	55	127
478	354	55	127
478	354	58	126
476	354	59	127
475	354	60	127
472	354	62	127
473	354	64	128
475	355	64	127
476	357	62	128
478	358	59	128
481	358	57	128
486	358	54	126
487	359	52	124
489	360	50	124
490	360	51	124
492	360	52	123
493	361	54	123
493	361	54	123
495	360	52	123
497	359	51	123
500	360	50	123
502	359	48	123
504	360	49	123
506	360	49	122
509	360	53	122
507	359	58	122
508	359	61	122
508	357	73	122
509	357	77	122
510	356	80	123
510	355	79	125
507	354	81	125
507	351	80	127
507	350	81	127
510	349	82	125
520	347	75	125
525	346	69	125
535	345	60	126
541	345	60	125
546	343	58	126
548	343	60	126
553	342	58	125
554	342	62	124
557	341	64	124
558	341	67	124
560	341	71	125
563	342	71	122
565	342	70	122
567	340	69	122
569	341	67	120
572	339	66	122
576	342	62	118
581	337	57	124
585	335	56	126
588	334	54	126
592	334	55	127
593	333	59	128
596	332	68	132
600	331	70	131
602	332	79	129
605	331	83	129
608	331	85	130
611	331	83	129
612	329	79	131
612	330	75	132
612	332	74	131
616	333	71	131
623	333	65	131
627	332	59	131
631	333	56	131
632	334	55	131
633	334	57	132
635	335	63	131
640	334	71	129
644	333	76	130
648	332	81	131
652	330	82	133
656	328	85	133
660	326	83	135
664	325	80	135
668	322	78	137
674	325	69	134
684	321	56	138
689	323	56	135
691	323	57	134
692	324	53	136
693	326	53	133
693	329	56	132
694	331	62	130
715	331	73	132
715	333	72	133
694	329	77	139
693	328	83	140
694	327	79	140
696	325	78	144
696	323	78	145
693	325	72	141
693	326	73	136
694	324	72	137
700	324	73	134
699	323	74	135
706	322	80	138
695	327	87	137
694	325	90	139
617	326	68	138
622	327	60	136
625	327	58	137
628	328	61	138
634	329	64	136
638	328	63	137
642	328	65	141
642	329	68	140
641	328	80	143
633	328	92	147
631	326	94	148
628	329	93	146
646	333	91	138
676	324	64	144
685	325	60	140
685	324	58	139
686	323	58	139
688	323	54	138
681	323	55	137
680	324	56	140
685	328	60	140
689	331	59	140
700	334	61	141
735	339	72	136
711	335	64	141
711	338	69	134
710	335	70	134
706	331	74	136
698	327	80	135
697	327	76	134
690	318	69	143
691	320	70	140
709	319	63	142
671	319	72	145
654	322	79	141
644	325	83	141
622	328	100	138
601	329	116	142
606	328	108	139
596	326	112	143
599	326	105	140
593	325	80	143
589	328	92	138
577	329	96	139
573	332	92	137
571	332	85	139
502	345	61	127
500	345	59	127
501	347	62	126
503	350	63	124
506	351	65	125
512	352	63	124
517	355	61	122
519	358	59	118
520	360	59	115
520	361	58	115
524	363	59	113
528	363	58	113
533	361	61	117
528	362	68	117
533	355	65	123
538	351	61	125
561	344	63	136
563	343	63	137
563	341	60	137
559	342	61	134
557	341	63	134
558	342	62	135
556	341	63	135
557	339	62	136
557	339	59	134
550	340	62	135
552	345	70	131
577	355	58	121
583	359	59	117
586	357	54	118
595	356	53	119
591	355	51	120
595	355	50	121
602	352	55	120
607	349	63	123
613	344	63	129
619	340	61	133
623	336	59	136
622	336	60	132
621	333	61	134
613	326	75	142
606	325	84	144
592	326	100	143
594	333	89	140
582	334	94	139
581	333	93	138
573	337	95	134
572	340	93	128
567	337	100	133
567	339	96	132
565	340	91	131
565	338	81	133
563	338	75	133
560	337	73	134
560	340	71	130
559	340	74	129
561	340	71	128
562	339	67	130
559	339	70	131
555	338	71	133
554	338	69	134
553	340	69	132
554	340	67	132
556	339	70	134
548	340	71	133
552	339	72	134
552	340	72	132
554	340	71	132
557	346	64	130
561	347	62	129
563	349	62	128
500	352	57	126
499	353	57	125
498	354	56	124
500	355	57	123
507	355	55	122
509	355	55	122
507	355	58	122
503	353	59	123
502	353	61	123
500	352	62	125
498	352	63	125
500	352	66	125
492	353	63	123
491	356	65	121
487	354	65	123
486	354	62	123
484	354	62	123
481	355	62	124
483	354	65	125
481	354	66	126
480	353	67	126
481	353	63	124
484	353	61	125
482	353	62	125
482	352	62	125
482	352	60	125
483	351	60	124
485	353	59	123
487	352	57	124
487	352	56	124
488	353	54	123
488	353	51	124
484	352	51	123
479	353	53	122
474	353	55	121
469	352	57	123
463	353	59	122
454	355	64	122
448	355	66	123
441	356	68	123
437	355	68	123
434	357	69	120
431	358	67	121
425	358	68	122
423	358	67	121
419	358	62	122
417	358	56	123
413	360	53	123
410	360	57	123
408	358	54	125
404	358	56	123
400	359	62	122
391	358	73	125
391	358	77	123
391	359	80	122
390	360	84	122
393	359	85	123
398	361	75	122
399	361	64	123
399	359	55	126
399	360	53	125
397	361	51	125
392	361	53	124
387	361	58	124
383	362	62	125
382	363	61	125
377	363	62	126
376	364	64	126
374	363	65	126
373	362	67	128
373	363	66	128
369	363	69	127
364	364	70	126
356	366	74	125
346	367	79	126
342	366	77	127
339	365	76	127
335	367	74	126
333	366	72	127
332	363	68	129
334	363	64	129
331	359	58	133
331	360	57	132
326	361	51	131
321	361	52	130
315	361	58	128
308	360	66	130
299	362	76	131
295	361	78	133
293	362	76	131
296	362	73	132
295	361	72	132
292	362	73	131
288	361	70	132
282	360	63	133
279	360	63	135
278	359	61	136
280	361	60	135
282	362	56	133
283	363	57	132
283	363	57	133
283	363	56	132
280	362	57	133
276	360	60	133
273	360	61	136
271	360	63	138
276	362	68	136
289	365	68	132
294	365	65	133
287	364	64	133
281	363	64	136
272	362	70	137
268	363	73	136
268	363	76	136
267	362	79	137
270	362	85	137
333	358	57	137
332	360	56	131
327	360	55	130
323	361	56	133
319	361	54	134
316	362	52	134
304	361	54	134
291	360	58	137
296	359	54	140
297	359	52	140
299	359	55	135
300	363	58	131
295	366	68	128
294	364	69	131
292	362	71	134
289	362	70	135
281	362	60	135
294	361	67	136
273	359	56	138
285	360	62	138
311	360	63	136
319	360	59	137
327	363	55	134
335	363	54	134
340	362	55	135
384	361	54	131
384	360	51	130
383	362	53	133
379	360	61	134
370	362	69	134
365	361	74	135
367	361	76	135
370	360	75	137
374	359	75	138
376	359	76	139
381	361	69	136
384	361	67	135
389	361	65	135
390	361	67	135
395	361	64	135
414	361	57	135
388	363	55	133
387	364	50	130
386	363	48	130
382	364	53	129
379	364	53	127
376	364	53	128
378	365	57	129
382	366	56	128
382	366	55	130
380	365	54	131
375	363	56	133
375	363	51	132
375	362	48	133
375	362	47	131
375	360	50	135
370	358	56	135
370	361	53	134
370	361	53	135
349	357	64	140
347	357	65	141
345	356	67	141
343	347	67	149
343	345	63	150
341	345	62	151
342	346	60	152
342	345	62	152
351	348	67	152
362	355	66	146
361	352	69	150
364	353	69	150
361	353	69	152
360	356	71	149
356	353	69	152
366	354	68	152
374	353	66	155
372	352	69	154
371	351	66	155
371	348	63	155
377	346	63	155
382	344	59	156
388	343	62	155
380	349	56	148
385	357	56	136
387	355	59	136
393	353	57	139
405	350	71	139
400	346	73	149
397	341	71	155
396	343	74	154
389	345	81	152
388	341	81	157
383	347	79	151
380	353	72	143
378	360	71	136
384	360	63	136
386	360	59	135
384	359	59	135
385	356	54	138
386	357	55	136
391	357	55	136
393	357	53	137
391	355	55	137
388	354	57	138
388	352	56	138
389	353	57	137
390	353	57	136
401	353	62	137
402	353	59	136
405	353	57	136
403	353	59	137
408	352	58	139
411	350	63	140
409	351	62	143
414	350	60	141
417	350	61	144
422	349	58	142
431	348	58	146
433	349	56	146
436	348	57	144
438	349	57	144
437	349	59	144
438	350	59	144
438	349	60	145
438	349	63	145
439	350	64	144
442	350	63	145
444	349	65	147
444	349	67	148
445	349	67	149
446	348	66	149
449	346	66	151
448	341	66	156
450	340	68	157
450	343	66	154
450	344	69	153
449	345	68	152
448	345	65	151
448	346	66	151
448	346	64	151
449	345	63	152
447	344	63	153
449	344	59	153
448	345	64	152
449	343	64	156
449	342	64	155
445	341	68	154
442	341	72	154
442	340	81	155
440	344	78	151
445	340	82	155
445	343	76	153
448	341	76	155
440	340	76	157
453	341	71	156
448	339	71	157
448	341	69	155
457	341	65	155
458	339	64	156
459	340	63	157
458	339	62	157
456	338	61	158
453	338	62	159
451	335	62	163
451	336	62	162
450	338	62	161
450	336	61	162
454	337	61	162
454	336	60	162
455	336	63	162
455	336	62	163
456	336	65	164
458	335	67	166
458	335	70	165
457	334	75	166
457	333	77	168
457	334	80	167
457	335	81	166
457	335	83	166
460	334	82	169
459	334	82	168
464	335	80	168
465	334	81	169
466	334	80	170
466	333	80	170
468	334	78	169
473	333	74	169
476	333	73	169
477	333	73	168
478	333	72	170
478	332	71	169
481	333	69	170
483	333	68	169
484	333	69	170
484	333	69	171
486	334	67	170
487	333	66	170
488	333	65	171
490	332	64	172
492	331	64	173
494	331	64	173
497	330	64	173
503	330	60	172
508	329	62	173
511	329	61	173
515	329	62	174
519	328	62	173
521	329	64	173
523	328	71	174
525	329	77	172
525	327	82	174
526	327	85	174
528	327	87	174
532	326	87	174
533	325	87	174
539	325	83	175
545	325	77	174
554	325	70	175
570	325	60	173
576	325	59	174
582	323	59	177
585	324	63	175
587	324	64	174
590	324	69	174
591	325	76	173
591	323	84	174
592	322	90	177
593	322	95	177
596	322	101	176
600	321	99	177
609	322	92	174
620	321	83	174
629	320	73	174
644	321	64	173
651	322	64	170
656	320	66	168
660	321	68	171
664	322	73	171
667	321	79	172
667	321	86	170
668	319	91	173
671	319	91	173
674	319	92	173
680	319	88	172
687	319	82	170
693	319	75	170
703	319	67	170
709	320	60	169
714	318	60	170
718	318	62	170
723	321	67	168
718	324	75	163
721	323	78	165
722	321	82	167
717	322	82	165
714	320	83	170
712	321	83	172
709	322	84	171
706	322	83	173
705	321	80	172
705	320	81	172
704	320	80	174
705	319	76	172
708	319	68	173
709	319	66	173
710	318	67	174
709	318	68	173
707	317	69	173
705	317	74	174
704	317	75	174
704	317	76	175
704	316	75	174
703	315	75	174
705	316	71	173
706	317	70	172
709	318	66	172
710	319	66	170
712	318	65	170
712	318	63	170
712	319	64	171
711	319	63	170
709	320	62	170
708	320	61	170
707	320	61	170
709	320	61	171
709	320	61	171
711	320	60	171
710	320	60	171
710	320	60	171
710	320	60	171
711	320	60	171
710	320	59	171
711	319	59	172
711	320	58	172
712	321	58	171
713	322	58	171
715	320	57	171
716	321	57	171
717	322	57	170
718	321	56	170
719	322	56	172
721	321	54	171
721	321	54	172
721	321	54	173
721	320	53	173
722	320	54	173
722	321	53	173
723	319	53	173
723	320	53	173
722	319	54	173
722	319	54	173
722	320	54	173
722	320	54	173
721	320	55	173
720	318	56	174
720	318	57	175
720	318	59	175
719	318	62	174
718	317	65	173
718	318	67	173
717	318	68	173
717	318	69	173
717	318	69	172
717	318	70	172
716	318	70	172
717	318	70	173
716	318	71	172
716	318	70	173
716	318	71	172
716	318	70	172
716	317	72	172
716	318	70	172
715	318	71	172
717	318	71	171
716	318	70	172
716	318	69	172
716	318	67	172
716	318	66	172
715	319	62	172
717	319	59	174
716	318	58	174
716	318	58	174
715	318	59	174
716	320	61	173
716	321	64	172
718	321	65	171
718	322	68	169
720	321	69	172
719	323	72	173
721	323	72	173
722	324	72	173
723	325	71	172
723	326	71	172
725	327	70	170
730	330	69	166
736	332	70	163
737	332	68	162
739	333	64	158
737	329	66	162
734	330	73	158
765	334	69	153
766	336	69	147
758	340	74	149
758	336	74	148
747	334	78	150
738	332	84	149
706	339	80	146
761	331	82	152
703	336	84	145
696	340	87	140
691	342	83	139
686	343	82	137
680	343	85	136
671	344	92	135
658	341	103	135
649	342	105	132
636	340	111	131
629	339	111	131
623	344	122	127
607	347	120	127
602	348	114	125
595	347	104	127
590	351	94	126
585	347	86	127
575	347	89	128
570	348	86	128
561	346	85	130
552	346	88	129
543	349	88	126
531	346	88	132
525	351	85	128
520	355	75	126
513	356	64	124
505	359	62	119
499	357	60	121
494	354	61	125
488	353	66	125
483	353	74	126
474	355	76	124
425	364	61	121
433	367	62	117
441	364	56	120
442	367	52	117
463	367	49	115
462	364	47	119
441	364	58	121
440	362	56	122
443	362	57	122
442	365	59	121
442	367	57	119
445	369	58	117
449	370	60	116
459	368	62	119
477	368	49	117
471	366	53	119
486	365	46	120
486	364	46	120
488	364	46	120
490	365	46	120
489	365	48	120
491	364	48	120
490	364	50	120
460	365	47	120
461	365	51	120
458	365	52	120
463	365	56	120
460	364	55	122
458	364	58	122
460	364	58	122
464	363	57	123
465	363	57	122
467	364	56	121
473	363	51	123
476	362	47	125
480	358	46	129
478	356	49	132
482	355	48	132
484	353	51	134
482	353	53	134
482	354	54	133
483	352	51	135
489	352	54	135
493	354	53	132
490	353	52	136
490	353	51	135
487	353	53	135
558	367	54	125
555	368	63	119
551	367	66	121
546	366	73	120
540	366	79	119
534	367	83	120
532	368	80	122
531	367	79	124
535	367	77	125
535	369	79	123
531	367	79	126
529	363	88	124
528	362	91	129
524	357	100	130
480	357	72	129
502	354	64	131
504	353	59	131
510	352	55	131
510	355	74	129
518	356	77	129
517	357	75	128
523	358	77	127
528	355	65	130
536	357	62	130
538	358	64	128
536	357	57	128
544	357	61	129
634	364	62	117
624	364	64	117
609	364	69	117
591	366	86	117
578	361	82	123
579	367	80	116
580	366	84	116
580	367	88	115
575	363	88	119
569	363	88	119
572	362	84	121
581	361	69	120
573	360	75	121
581	360	67	125
583	359	63	126
579	360	65	126
512	370	69	119
509	372	69	119
507	367	72	125
497	360	80	132
495	346	82	147
493	338	82	154
488	333	85	156
481	329	88	161
480	328	86	164
475	323	88	165
468	319	83	169
467	320	79	160
466	327	78	153
547	355	65	132
545	356	62	129
543	357	61	126
542	357	60	126
541	358	61	125
540	358	60	125
540	358	60	126
540	358	59	127
539	357	59	128
539	358	58	128
540	357	57	128
541	357	55	129
543	357	55	128
542	359	56	125
540	363	60	120
539	363	62	119
539	361	63	120
541	360	69	122
542	358	70	123
545	359	70	119
545	358	72	122
546	358	72	121
545	357	72	125
544	357	71	124
540	357	70	125
534	355	67	126
529	356	67	125
522	356	65	125
515	356	68	125
619	354	64	127
616	355	66	126
613	355	68	126
611	354	71	129
610	356	71	124
600	346	81	134
596	353	85	126
597	352	80	123
591	360	80	119
585	369	73	111
586	369	73	109
585	372	73	108
588	371	69	110
592	371	64	106
591	367	63	111
592	361	62	116
589	351	67	128
589	351	66	128
596	352	60	126
604	359	57	119
606	359	55	118
607	351	56	124
611	363	59	116
526	365	71	118
531	367	69	119
536	368	67	116
538	369	69	115
542	370	65	113
544	370	66	113
548	368	70	113
553	366	73	115
556	363	63	118
560	362	63	118
564	361	61	120
566	359	62	119
572	358	73	119
644	355	62	120
641	361	60	114
640	365	55	109
642	366	53	105
641	369	50	100
639	370	50	100
636	375	52	93
631	375	51	92
633	377	46	92
622	380	49	88
625	379	45	89
624	379	44	89
630	380	45	87
631	373	42	96
590	364	51	109
587	363	57	110
588	361	59	111
583	362	62	112
587	363	57	111
593	369	53	105
593	372	58	101
591	374	57	99
591	374	53	100
591	373	53	100
588	373	52	102
585	371	56	103
584	371	54	105
583	371	59	103
585	370	60	103
587	370	57	104
591	370	58	104
593	369	59	103
593	369	63	102
598	369	64	102
603	369	63	102
602	368	60	102
601	368	56	101
606	370	52	100
608	370	49	99
608	370	51	99
611	370	52	100
613	369	54	101
618	369	51	102
624	368	49	103
630	367	47	105
633	368	48	103
635	367	55	103
635	366	57	104
638	366	62	105
638	366	65	106
639	366	71	107
642	364	69	109
649	364	63	106
658	362	54	106
669	360	47	108
673	361	47	107
677	361	47	108
678	362	50	106
678	361	56	107
681	361	64	108
683	360	70	110
683	359	69	110
685	360	67	109
687	360	66	109
700	358	57	109
711	359	48	107
721	360	45	108
726	362	48	106
729	362	52	107
726	363	52	106
728	362	66	106
729	362	71	106
732	362	71	106
735	363	71	107
738	363	69	108
744	363	65	109
750	361	57	112
751	361	55	110
753	360	52	110
750	360	53	109
758	360	50	110
762	360	47	108
767	360	47	105
770	360	49	109
769	361	47	108
772	362	46	107
776	359	53	110
781	350	64	120
782	352	69	128
784	352	60	125
785	352	57	119
783	352	60	122
780	354	63	121
778	355	66	123
777	354	64	124
778	354	63	121
775	354	62	120
771	353	62	123
773	350	58	124
770	349	59	124
774	349	56	123
775	348	56	117
779	347	57	125
779	345	64	125
770	345	71	130
760	345	75	128
759	346	69	125
756	348	66	121
759	346	63	123
766	351	62	121
765	352	64	121
765	352	65	120
765	351	66	121
764	348	68	121
761	345	67	124
761	344	76	123
756	342	77	122
752	342	82	123
746	342	88	121
745	342	83	122
748	342	78	126
749	342	74	125
748	341	74	125
746	341	76	126
735	339	77	126
726	339	79	122
726	338	74	121
728	337	72	117
728	338	75	118
723	337	81	123
721	339	84	123
717	341	85	122
712	338	84	125
710	336	77	127
705	334	71	129
699	332	70	129
697	331	71	126
695	329	72	127
692	330	74	125
686	332	78	126
678	339	83	121
674	341	86	121
670	340	92	120
659	335	97	125
652	336	82	124
645	338	73	122
648	332	62	125
643	331	61	128
645	328	60	123
643	323	56	126
632	322	59	125
624	321	61	127
614	325	77	137
636	322	64	132
611	329	72	134
611	321	77	139
608	331	68	133
655	327	56	132
659	328	57	125
654	328	62	128
652	327	66	126
650	326	68	126
647	325	69	125
646	325	69	124
642	326	72	125
645	328	70	126
649	327	68	126
652	328	68	126
655	329	66	125
658	327	65	126
655	325	64	126
649	324	67	127
647	322	67	127
646	321	66	126
645	320	64	127
643	320	63	128
645	323	61	129
648	324	59	128
529	336	74	132
523	333	80	134
522	333	79	133
517	331	75	134
508	330	78	134
507	332	76	134
513	331	70	134
491	326	80	139
489	329	80	133
489	328	78	136
487	333	84	131
485	330	84	133
493	328	75	134
508	323	76	140
485	326	72	139
482	327	75	140
472	333	80	135
467	336	80	132
480	335	70	135
479	336	67	132
468	335	73	131
463	334	73	134
457	336	78	130
456	334	74	129
458	334	67	131
459	334	66	131
458	336	67	132
467	336	68	133
475	335	61	136
474	335	69	134
470	335	75	136
470	335	80	138
470	334	83	138
488	333	72	136
470	334	66	136
493	332	63	136
472	334	68	136
499	333	71	135
501	331	72	136
508	332	72	134
515	330	63	132
517	329	62	133
516	327	64	134
517	327	68	135
522	328	69	131
524	329	68	135
524	330	71	136
517	331	70	137
520	330	73	137
523	331	73	139
522	330	69	141
513	330	79	141
534	329	77	138
536	329	69	138
540	328	68	140
533	329	69	136
534	326	70	144
529	330	75	142
510	329	93	141
537	331	72	139
542	329	71	136
552	329	63	138
561	330	61	131
561	328	57	132
565	328	67	132
570	326	60	131
567	325	57	135
576	325	71	134
673	327	67	123
671	329	67	122
665	330	69	119
616	324	57	128
659	328	57	120
652	326	64	122
609	321	66	134
581	326	62	137
556	327	75	141
551	327	82	143
550	327	83	145
562	325	74	144
569	325	69	143
568	324	68	142
578	322	69	141
574	322	66	142
578	320	63	142
575	321	62	140
580	321	58	140
577	323	60	140
575	323	62	139
573	323	63	137
575	324	61	138
572	327	51	130
575	331	51	125
573	333	53	125
576	333	53	123
560	334	56	123
558	334	61	125
555	333	64	126
546	334	60	126
481	337	54	134
482	340	52	130
483	341	51	130
483	339	52	131
485	338	52	132
488	339	53	132
491	339	54	130
493	338	55	131
498	340	57	129
506	340	69	126
500	338	82	130
502	336	81	131
504	335	79	131
501	336	78	132
504	338	75	131
499	337	75	131
481	338	57	129
513	337	68	128
471	341	63	123
467	340	72	123
465	339	86	125
538	332	61	132
545	331	56	133
549	330	53	136
554	331	53	135
558	331	59	134
556	332	66	133
559	331	66	133
562	330	72	135
569	329	73	135
574	329	69	136
576	327	71	137
585	325	67	136
594	325	63	139
597	325	66	139
599	326	64	137
603	332	66	130
599	331	71	132
594	327	62	136
594	328	58	134
590	328	59	133
593	328	58	135
593	327	61	136
602	325	71	137
628	321	82	137
639	321	76	135
652	320	70	136
674	341	69	117
659	321	66	135
671	324	75	131
675	322	80	135
687	326	72	131
692	331	68	126
696	333	66	122
697	330	66	124
697	327	66	127
697	328	65	127
696	325	65	130
697	325	65	129
697	326	65	128
698	328	65	125
699	326	66	127
700	329	67	122
699	331	68	121
704	322	66	127
705	324	68	126
704	329	71	121
706	332	70	116
711	337	70	112
713	335	71	115
716	334	71	116
719	331	71	119
722	325	70	122
729	322	66	127
735	317	61	132
738	317	62	131
743	316	63	132
740	312	71	131
744	309	74	134
746	307	83	132
740	308	101	133
747	299	101	142
748	297	109	145
748	297	110	146
754	300	104	141
758	302	102	141
766	307	94	135
777	306	84	137
784	306	81	139
792	313	72	131
796	313	71	129
799	314	70	129
804	313	67	129
806	315	72	127
807	315	71	127
807	314	69	128
806	314	72	129
808	312	71	130
809	312	72	131
810	311	72	132
813	311	73	132
812	311	76	133
813	313	74	130
814	313	76	130
813	312	78	130
812	312	80	132
815	311	80	131
816	309	86	131
819	311	91	135
825	310	91	135
835	311	87	134
844	311	82	131
846	314	79	130
849	314	78	132
854	313	76	133
857	312	75	135
858	311	75	134
859	312	73	133
861	313	72	133
863	313	69	132
865	312	69	132
867	312	68	131
867	312	68	133
868	311	66	134
869	311	62	134
866	311	63	133
865	311	64	131
868	311	63	131
873	310	60	132
868	309	61	135
872	309	62	132
861	309	66	131
861	311	69	127
860	311	73	126
860	311	73	126
863	312	69	125
861	312	72	129
857	312	71	128
859	312	70	122
845	311	67	128
850	310	68	132
850	312	61	127
850	307	62	128
830	296	70	143
823	309	82	134
820	296	78	150
828	299	73	148
833	297	69	149
831	307	56	133
820	322	56	130
811	326	67	124
804	324	75	125
798	322	75	128
791	323	75	128
782	324	74	128
777	323	63	127
770	324	58	126
762	326	56	124
753	328	56	122
740	329	65	121
732	329	67	118
663	319	63	139
659	319	63	141
658	319	61	140
653	318	59	139
650	318	59	138
647	319	59	140
645	320	58	139
642	321	58	139
638	321	57	138
637	321	57	136
634	318	57	138
633	318	57	137
635	316	55	137
640	316	54	136
636	316	57	139
635	316	57	141
637	316	58	143
638	315	61	141
642	315	61	142
645	316	59	141
647	316	60	140
650	316	58	140
652	316	57	139
654	317	55	138
655	316	54	138
657	316	53	138
659	316	53	137
663	316	53	138
664	316	53	137
673	317	50	136
675	316	50	135
678	316	49	135
679	315	49	137
677	313	49	138
678	312	52	139
681	311	51	139
679	311	51	140
678	311	52	139
678	311	53	138
676	312	50	137
674	312	48	133
673	312	49	133
670	311	49	135
668	312	50	135
667	313	48	135
664	312	49	133
661	311	50	135
658	311	50	136
654	311	50	136
650	313	51	135
648	316	49	130
643	323	52	124
644	321	50	125
612	339	46	103
608	338	53	108
607	328	62	120
607	325	69	124
603	325	74	124
599	324	79	126
597	327	87	123
590	328	90	123
589	330	92	122
583	333	94	119
587	333	100	119
582	334	100	118
575	339	105	116
573	343	118	111
571	344	124	111
572	339	129	113
557	339	135	115
553	337	134	116
548	337	135	117
545	338	124	119
542	338	110	119
531	339	97	123
530	341	93	117
522	340	94	120
515	339	103	119
512	339	99	118
521	340	85	117
533	338	71	116
528	341	70	113
527	342	70	111
521	341	81	115
518	343	81	113
444	344	79	121
448	341	86	123
422	345	60	121
412	343	56	121
408	348	53	118
409	348	53	119
426	345	62	119
385	349	62	116
366	348	69	115
346	348	82	117
332	346	94	124
314	344	112	131
296	346	121	131
291	346	111	128
285	348	107	128
287	349	114	127
285	344	109	130
287	344	105	129
275	346	111	129
270	346	105	128
268	345	101	130
264	347	96	133
258	347	84	136
260	349	72	134
252	350	61	132
250	350	61	131
238	351	56	131
235	350	65	134
209	352	73	131
206	355	86	131
199	356	85	136
196	360	86	133
198	360	84	133
200	358	81	135
195	356	80	136
194	355	76	135
191	350	73	141
187	350	69	142
182	352	70	140
179	354	72	138
177	356	76	137
177	358	78	137
177	359	78	137
178	357	77	138
182	360	72	133
184	358	67	135
188	358	64	134
186	359	68	133
190	360	71	131
187	359	70	134
187	362	73	130
187	361	80	131
186	361	80	132
184	365	79	127
190	366	77	126
190	365	74	127
198	362	72	128
196	366	73	125
198	363	67	129
207	361	64	131
201	363	67	127
203	358	62	133
209	356	62	134
203	354	66	136
206	352	67	140
201	350	69	140
206	348	67	143
202	348	69	142
207	349	66	141
204	350	64	141
205	350	62	139
205	351	61	140
203	352	64	137
202	352	64	138
201	352	63	138
201	351	63	138
202	353	62	136
202	353	61	135
202	353	59	136
201	352	57	137
203	352	56	136
203	352	57	136
205	353	57	136
203	353	58	135
206	353	54	135
204	354	55	136
202	353	55	136
203	352	54	137
205	351	53	139
208	352	52	137
205	352	52	137
203	351	54	138
199	350	56	139
201	351	58	139
195	352	59	137
199	352	60	138
193	352	64	136
198	353	63	136
193	353	65	135
191	353	68	135
190	352	68	135
188	352	66	136
187	352	65	136
188	352	64	137
189	352	62	136
189	352	62	138
188	352	61	138
191	353	61	137
192	352	61	138
190	353	60	136
185	352	62	142
184	354	61	137
185	354	61	139
185	353	62	139
182	352	65	139
177	352	70	140
179	351	65	142
178	351	69	142
178	351	68	142
178	350	63	143
178	350	64	143
178	350	61	147
178	350	59	147
181	351	55	144
187	353	53	143
185	353	55	141
179	353	57	144
179	353	56	144
179	353	55	144
179	352	57	144
165	351	64	145
169	352	67	143
168	351	70	144
164	349	73	146
161	350	75	146
161	349	75	147
161	348	76	149
160	347	76	150
161	347	74	151
157	347	74	150
163	347	70	151
162	347	67	151
161	347	65	153
159	348	65	152
159	346	63	152
157	346	65	155
159	346	65	155
158	346	66	155
158	345	65	154
158	344	65	156
161	345	64	157
161	346	69	152
158	344	81	154
152	342	84	156
149	342	89	156
150	341	86	160
157	340	84	162
167	342	84	160
172	340	88	161
172	339	86	162
176	339	82	163
174	338	81	163
177	337	77	163
186	336	73	163
184	337	72	164
183	338	75	164
184	337	72	162
195	338	71	161
214	352	73	148
211	342	70	156
216	339	74	161
217	341	78	158
218	336	72	165
227	338	74	161
232	336	73	166
228	335	78	164
226	334	72	168
233	334	73	167
229	333	71	168
239	333	79	167
297	340	57	154
301	340	56	146
299	339	57	145
298	339	57	145
301	338	55	144
298	337	54	144
294	337	55	144
292	339	55	144
284	337	56	146
291	335	56	149
295	338	57	148
293	335	58	152
288	336	60	154
286	334	62	160
280	333	64	162
281	333	66	164
282	330	69	165
278	325	73	171
285	329	72	166
286	325	71	173
292	325	73	173
293	327	76	170
292	332	75	167
296	342	72	158
297	335	70	162
298	346	59	149
294	356	58	133
296	355	61	133
295	357	56	128
299	349	55	134
299	342	56	142
291	338	60	146
292	337	59	146
290	338	59	147
294	335	58	148
281	335	57	148
297	332	63	153
282	330	62	155
337	327	69	162
329	332	77	160
330	326	73	165
335	327	77	165
337	325	77	167
340	323	79	170
339	319	78	175
343	319	81	175
342	318	80	174
343	318	84	173
264	326	70	160
263	326	73	160
262	326	72	159
258	326	74	160
255	325	71	161
255	327	69	159
253	328	69	160
253	328	65	159
258	327	64	159
255	328	65	162
260	327	68	162
259	326	75	164
252	327	71	162
255	327	68	162
257	327	71	163
252	328	70	163
254	327	71	162
254	326	72	163
254	326	72	164
253	326	72	164
252	325	74	165
248	326	74	164
249	324	77	166
247	324	73	164
246	325	69	165
246	324	65	166
245	325	65	165
243	325	67	164
240	324	66	166
244	325	62	163
245	325	60	164
244	326	57	161
245	327	57	161
238	325	63	163
232	323	64	168
237	324	67	168
234	324	72	167
239	325	75	166
245	323	73	169
248	321	77	171
241	323	77	171
241	322	79	172
237	323	80	171
241	323	72	170
247	323	73	169
247	321	80	173
248	321	77	171
249	321	82	171
257	319	86	173
249	317	92	175
250	318	88	173
249	320	89	171
253	320	88	171
255	320	88	172
255	319	87	173
256	318	84	176
253	320	79	173
261	321	70	174
265	323	77	172
261	321	79	177
261	322	74	173
271	321	74	175
261	324	66	170
268	324	72	169
263	325	76	167
266	325	71	167
267	325	67	168
271	323	71	171
284	323	70	176
269	325	65	172
276	322	66	176
286	326	65	174
292	318	65	185
292	313	66	189
292	322	62	178
300	316	66	186
286	315	61	179
294	311	64	188
328	331	65	179
333	364	65	144
331	358	65	146
336	348	63	154
341	352	67	151
348	353	67	151
358	349	62	152
358	353	61	145
361	352	62	140
367	335	64	161
373	318	67	179
373	310	74	192
386	311	70	191
389	318	66	182
393	318	66	178
392	314	67	184
393	313	71	181
397	311	72	185
397	309	70	188
399	310	72	186
399	314	71	183
404	314	68	183
403	320	68	177
404	320	67	175
402	322	69	174
400	323	70	175
399	325	69	171
399	326	69	172
396	314	68	180
398	306	69	190
395	304	70	191
392	302	72	194
392	302	69	190
395	317	68	175
393	314	67	176
388	308	71	185
382	307	73	184
375	301	77	188
374	294	81	200
380	296	80	200
376	295	79	200
383	296	80	198
349	303	85	193
356	298	87	197
389	305	80	185
384	306	80	187
378	310	78	183
370	309	78	178
360	319	77	170
353	324	75	166
354	333	69	153
346	342	68	144
343	348	68	142
340	342	68	151
344	343	66	157
357	342	61	154
359	338	63	160
360	330	64	164
362	330	67	165
362	331	65	166
355	332	69	165
350	333	68	167
346	335	65	168
343	333	66	167
342	333	69	168
352	332	70	167
355	334	70	171
358	333	67	168
356	333	68	168
356	333	67	166
357	332	66	170
357	334	66	172
354	333	67	172
354	329	68	171
353	332	66	171
357	329	71	173
354	344	69	160
360	344	70	155
366	347	68	149
357	339	68	159
360	343	68	151
363	343	62	151
369	345	58	151
370	344	54	152
370	343	52	151
367	336	55	156
360	329	60	166
358	329	59	169
367	333	59	168
368	336	57	159
363	334	57	159
365	341	56	155
363	341	59	153
362	342	61	154
362	340	63	152
354	331	67	161
351	330	66	167
354	329	70	167
352	331	70	162
357	331	69	166
360	331	71	156
361	329	69	160
356	329	69	158
354	329	69	160
346	329	69	153
346	329	65	157
344	329	64	160
342	329	64	160
342	329	65	160
321	328	68	168
326	331	63	160
308	331	72	160
293	338	79	162
287	339	79	164
353	326	65	163
346	327	67	155
341	328	71	156
345	327	73	154
353	329	67	149
352	330	68	141
357	333	64	142
362	332	69	140
363	330	73	135
358	324	74	144
358	326	75	149
362	327	75	147
362	327	74	144
361	326	74	144
358	327	74	143
363	326	73	147
359	327	70	149
321	324	61	171
367	329	73	150
361	332	72	144
349	336	69	150
343	335	74	150
336	334	75	151
332	332	76	156
331	332	73	158
304	331	65	163
306	334	69	159
311	332	65	162
315	332	71	163
342	336	83	153
333	334	82	156
332	337	81	154
337	338	74	154
333	337	69	155
340	337	70	154
340	339	69	151
350	343	65	147
347	342	64	146
346	344	63	148
352	343	61	146
345	340	63	146
350	340	58	147
349	343	60	140
350	342	60	145
348	341	62	150
344	340	65	151
340	339	67	156
344	339	64	156
349	339	63	154
352	337	64	157
346	336	67	158
350	336	66	157
352	336	67	154
354	335	66	155
360	334	68	152
367	336	61	152
355	333	58	155
366	333	55	153
365	331	60	154
364	330	60	154
370	331	55	153
360	332	49	151
366	333	52	146
379	333	58	149
372	333	60	151
382	331	62	150
371	335	55	146
377	334	55	147
379	331	55	150
381	332	55	148
384	331	58	145
382	333	58	145
386	330	58	146
385	330	58	145
384	330	58	147
387	330	57	147
393	330	60	150
422	330	77	149
435	330	64	150
439	331	73	148
438	330	69	149
443	331	73	147
441	330	79	148
448	330	77	149
451	330	72	147
450	329	70	148
449	329	74	146
428	328	69	145
435	327	65	147
444	327	62	145
459	328	60	145
464	328	60	145
463	325	61	146
475	325	86	145
477	321	89	151
482	319	86	148
481	322	87	145
481	318	75	147
480	320	72	141
500	325	70	132
504	330	68	127
506	337	64	121
501	339	69	120
499	344	70	115
501	344	65	116
500	347	65	113
500	349	59	110
502	351	56	108
501	351	57	109
496	349	61	112
493	347	68	115
486	346	78	116
473	345	93	118
412	348	88	122
411	348	90	122
408	350	90	120
403	351	91	117
394	349	86	121
388	350	84	118
382	349	83	117
375	349	84	117
366	349	88	117
349	352	92	120
342	353	99	119
334	353	105	121
329	360	100	115
343	367	80	105
342	369	79	103
338	371	75	105
334	371	79	104
330	369	80	108
326	373	81	103
331	362	78	113
367	346	75	125
354	347	75	123
346	348	79	122
339	348	81	123
329	353	80	120
330	351	71	123
324	352	65	122
332	353	75	122
319	352	63	124
307	358	56	117
315	357	60	118
315	357	63	119
317	356	68	121
347	352	65	120
352	352	59	119
351	349	58	121
350	338	61	131
350	331	61	139
342	324	65	146
337	325	70	143
340	332	68	136
344	332	69	134
337	321	73	147
337	328	63	140
329	336	56	135
345	335	58	133
343	329	56	138
344	332	56	136
318	352	58	119
317	356	60	114
317	362	58	110
316	366	53	106
301	361	52	111
295	360	58	113
287	366	66	111
285	364	66	114
284	365	66	113
283	365	66	112
283	364	64	112
291	361	58	114
295	362	53	114
294	361	49	116
290	360	47	117
282	360	51	116
269	362	55	114
264	360	56	117
257	362	58	114
255	363	58	114
250	365	59	111
251	365	58	111
257	362	56	114
259	361	55	114
264	360	50	116
264	360	50	116
264	360	49	117
265	359	51	117
265	358	55	118
266	357	57	119
267	358	60	117
268	359	69	116
266	360	76	116
267	360	80	115
269	360	81	116
270	361	80	115
272	361	73	116
274	361	69	116
286	361	57	116
291	360	54	117
306	362	56	115
326	363	57	114
344	361	50	114
355	361	50	113
359	362	47	113
361	360	46	114
361	357	48	119
374	354	60	125
368	351	62	125
377	359	56	118
379	357	49	119
385	348	47	125
381	348	52	126
376	347	58	127
375	347	58	127
378	348	59	124
403	349	55	119
411	350	61	115
409	351	66	112
407	350	71	113
405	350	69	111
404	349	70	113
403	348	67	113
404	347	64	115
404	348	62	116
402	347	61	117
405	347	58	117
409	347	54	116
413	347	53	117
417	347	51	116
419	348	52	115
420	348	54	115
423	348	55	115
426	348	57	115
427	348	59	115
429	348	61	117
429	348	62	116
438	348	59	116
443	348	54	117
449	350	53	114
458	352	50	112
459	352	50	111
460	351	52	111
461	349	53	113
464	348	52	115
462	347	55	116
461	345	60	116
464	344	64	117
468	344	64	117
470	343	67	117
472	343	66	118
474	344	63	118
474	345	65	117
472	346	62	116
472	347	62	115
471	347	60	116
474	347	59	118
476	348	61	119
480	346	63	120
485	346	62	120
488	346	60	119
493	345	62	119
489	341	61	120
485	339	60	120
480	338	63	119
476	338	66	120
472	337	72	121
470	337	77	121
465	337	80	122
460	337	82	124
460	338	78	123
455	337	78	124
463	337	64	124
468	338	58	122
472	338	51	122
473	339	48	123
473	340	49	122
474	340	49	122
474	341	52	121
475	340	53	122
474	340	55	124
475	339	55	124
475	339	57	123
475	339	57	124
476	339	57	124
478	339	57	125
479	340	57	123
479	340	55	123
476	340	54	124
474	341	53	122
474	341	53	123
474	342	53	121
476	343	51	123
476	344	52	120
474	344	53	121
474	345	53	122
472	345	56	120
474	344	55	121
474	344	57	122
474	343	58	123
476	343	59	124
476	342	57	124
479	342	59	123
479	341	61	123
483	341	61	122
484	342	61	121
487	341	61	122
489	341	61	121
490	340	61	121
491	338	61	120
492	337	59	122
493	336	59	124
492	334	61	126
489	335	63	126
487	335	59	128
530	324	55	140
525	327	55	138
524	330	52	137
517	329	53	140
515	326	55	143
514	326	55	142
507	327	57	140
488	330	57	135
498	324	59	140
493	323	61	143
495	324	69	141
500	321	69	144
502	319	68	145
502	318	69	146
501	318	70	145
501	319	70	144
503	319	65	143
505	320	60	143
508	320	52	142
507	321	50	139
510	324	50	136
514	328	49	133
508	331	51	131
522	336	52	123
521	335	52	123
504	328	49	135
503	329	59	132
535	334	57	123
542	336	56	119
548	336	54	119
551	334	55	120
558	333	52	120
563	334	48	118
564	331	47	119
564	329	47	120
565	330	45	118
567	329	43	118
568	329	46	118
570	331	49	116
570	332	52	115
568	331	52	115
565	331	57	115
563	329	59	117
563	331	57	117
566	331	57	116
567	331	57	115
568	331	56	114
570	330	54	115
570	329	54	116
569	329	54	117
569	329	53	117
569	328	50	116
569	327	49	116
570	326	48	117
571	325	47	120
572	325	46	119
573	323	47	120
574	323	47	120
572	320	48	121
571	321	48	121
571	320	49	120
570	319	47	120
572	320	51	121
576	320	51	119
576	320	54	119
578	321	58	119
577	321	61	119
575	323	63	118
576	324	63	120
577	324	64	120
581	326	63	118
587	327	58	114
585	327	62	114
584	327	63	116
582	327	65	114
579	327	69	114
578	327	70	115
576	328	71	115
574	327	72	118
573	327	71	118
574	327	69	118
574	329	68	118
573	329	69	118
571	329	71	119
569	328	74	121
568	326	75	123
567	323	75	125
565	322	73	126
563	320	69	126
562	319	65	125
564	319	63	125
564	319	62	124
565	320	60	122
565	323	60	119
566	324	62	118
564	326	61	117
570	327	67	117
566	328	75	117
569	328	81	119
572	328	81	119
573	327	82	119
574	324	82	124
571	321	84	127
567	318	94	129
563	321	92	129
563	322	90	129
615	324	128	125
609	327	122	121
568	328	142	125
551	330	156	124
549	333	135	123
528	328	79	135
510	332	97	133
491	329	111	137
473	330	121	135
461	327	122	138
458	323	121	144
447	324	120	142
435	326	126	142
425	325	93	147
423	326	78	148
411	326	75	149
415	328	71	144
405	328	76	142
402	326	77	144
390	323	91	146
379	324	103	146
369	325	114	149
415	324	83	141
436	322	68	141
491	323	73	138
492	323	70	139
490	322	68	139
469	319	60	140
474	321	59	139
467	318	62	143
466	318	63	142
473	320	95	136
463	316	99	145
461	315	96	147
456	314	93	147
458	315	85	147
466	316	78	146
467	316	81	145
478	315	71	145
484	318	61	138
481	317	62	137
482	318	60	137
467	319	67	139
468	319	63	139
465	319	62	140
467	318	60	142
466	318	59	143
459	320	62	141
455	320	60	143
415	328	62	140
417	328	70	137
409	331	71	136
404	334	75	133
401	337	79	130
396	337	84	128
389	338	84	128
382	338	87	128
372	339	85	129
370	339	80	128
367	339	75	128
363	338	66	131
360	338	63	132
357	338	63	131
355	339	65	131
353	340	68	129
350	342	70	128
345	342	75	128
335	344	82	127
329	344	81	129
324	345	78	129
322	345	71	129
314	346	70	128
310	344	68	130
305	344	73	131
293	344	82	132
295	346	81	132
296	348	79	129
295	352	79	125
291	354	80	123
289	351	72	126
265	351	74	132
262	350	73	131
262	349	66	131
259	349	69	130
256	347	66	133
250	344	68	135
244	343	69	137
248	345	68	134
242	344	71	136
245	345	68	134
244	344	68	136
242	343	67	135
239	344	69	136
238	344	65	136
237	345	63	134
236	346	65	134
233	346	65	135
233	346	64	134
232	346	64	134
234	346	64	134
231	347	66	133
223	346	65	135
228	346	68	134
225	346	62	134
231	345	59	135
234	345	58	134
231	344	60	137
233	345	59	137
233	346	58	137
233	347	58	137
236	349	57	136
239	350	53	135
238	351	52	134
238	352	50	133
239	353	50	132
237	354	51	132
235	354	51	133
233	355	53	132
234	356	54	130
235	355	53	131
237	355	53	130
238	356	53	130
242	355	50	130
242	355	51	131
243	354	50	131
243	354	51	132
245	353	51	132
244	352	51	132
243	353	54	132
242	354	54	131
241	353	55	132
240	353	55	132
240	353	54	132
241	353	55	132
242	352	54	133
244	351	51	133
244	347	51	137
242	349	52	139
243	347	52	137
243	350	55	132
247	351	53	129
249	351	52	128
252	350	51	129
249	349	56	129
249	346	60	133
246	341	61	136
224	338	67	142
222	333	67	147
246	328	65	151
249	329	67	151
247	331	60	148
251	331	55	149
250	333	55	149
251	337	57	144
247	338	63	141
242	337	62	143
241	339	71	142
237	337	70	143
238	336	72	143
240	335	70	146
245	336	68	142
245	335	73	143
248	336	74	142
267	339	67	138
269	340	63	138
267	339	63	138
275	339	64	137
279	339	73	137
279	339	69	137
281	339	71	137
281	338	66	137
280	338	67	138
279	338	69	137
279	338	69	136
276	338	74	136
273	339	74	136
269	340	76	135
268	340	78	134
267	342	76	131
266	342	73	132
268	342	73	131
267	342	69	131
268	342	68	133
268	342	69	133
270	342	71	133
271	341	76	134
274	340	77	134
275	341	78	134
276	342	77	133
278	342	76	133
284	341	74	132
286	340	73	134
290	340	70	134
296	338	64	137
299	338	62	137
299	338	61	137
299	339	60	137
301	339	59	138
304	340	54	137
304	341	54	136
305	341	53	134
306	341	52	134
305	341	53	133
305	341	53	131
302	341	54	134
301	341	56	133
300	341	57	134
298	340	59	135
296	339	60	135
295	337	60	137
295	338	58	136
296	338	56	135
294	338	57	136
297	340	55	135
297	343	54	131
296	340	54	133
295	342	54	134
294	340	54	135
295	338	53	137
293	338	53	139
290	337	54	138
290	337	55	139
291	337	53	140
290	339	51	137
284	337	54	138
281	339	56	135
274	338	59	136
268	337	61	141
263	335	59	145
255	333	60	150
256	332	57	150
251	334	57	150
261	337	53	145
260	338	54	141
262	339	52	139
263	339	52	139
264	339	54	142
264	339	57	142
264	339	59	143
255	339	62	145
259	337	60	146
267	339	57	144
274	340	56	144
279	338	62	140
282	338	59	140
284	338	59	135
282	338	63	138
283	336	63	142
276	335	69	142
282	333	67	144
288	334	61	143
285	335	64	142
288	334	61	142
293	333	62	146
295	331	61	148
301	331	58	148
297	331	60	146
300	333	55	144
304	334	54	137
304	334	52	138
305	334	52	140
306	335	54	139
306	334	56	140
306	337	55	136
306	336	55	137
308	334	54	137
310	334	55	137
307	334	55	135
303	337	61	133
302	336	63	134
301	336	62	135
302	337	61	133
301	337	59	133
301	338	57	132
303	338	53	131
302	339	53	131
305	339	53	133
303	338	55	132
306	340	55	129
310	339	52	131
310	340	52	133
312	341	52	131
313	341	52	130
314	341	51	131
314	340	50	133
316	340	49	133
316	340	48	132
315	340	49	130
312	338	50	134
317	339	48	134
314	338	49	133
318	338	47	132
319	338	45	132
318	337	45	135
312	335	50	139
303	335	58	139
298	335	64	140
288	333	73	145
288	330	70	145
291	330	68	143
293	328	64	145
299	328	62	146
306	328	58	146
309	328	61	146
312	327	59	148
314	327	57	147
317	328	58	145
317	326	63	146
319	327	67	144
318	326	60	145
324	328	69	144
322	327	61	145
321	326	65	146
322	326	60	146
326	328	69	144
324	330	62	143
324	333	62	138
328	336	58	134
331	340	50	131
333	340	45	131
334	339	45	130
334	340	45	130
334	340	46	130
335	337	46	131
338	340	47	129
338	340	46	129
341	340	45	129
342	341	47	128
341	338	48	132
344	339	49	130
347	335	50	135
352	332	52	139
358	332	50	139
363	328	54	143
366	321	60	151
368	322	61	151
364	322	60	150
372	320	64	152
368	320	59	151
373	321	60	149
369	323	60	148
370	321	58	149
370	322	56	149
377	318	68	151
377	321	64	150
367	326	56	144
378	320	68	150
372	326	55	143
374	330	53	140
374	330	51	136
377	328	50	139
377	328	50	140
378	326	52	144
378	326	54	146
391	318	70	157
376	323	58	150
372	327	54	147
370	328	51	145
369	327	52	145
369	325	54	148
370	324	56	149
372	324	59	150
372	323	60	150
372	325	58	148
378	325	56	147
376	325	56	149
378	326	55	147
378	325	54	147
379	326	53	147
379	325	55	149
378	326	54	147
380	325	54	147
380	327	55	145
380	328	57	142
382	328	57	143
381	326	58	145
381	327	58	144
381	325	59	146
383	324	60	147
381	326	59	145
383	324	60	147
381	325	64	146
380	323	64	147
383	323	64	148
377	322	63	147
379	322	64	147
377	323	63	146
378	323	64	146
376	322	65	147
374	323	63	146
374	323	63	145
373	325	63	144
374	325	63	145
374	325	64	145
376	326	64	144
375	326	65	144
376	326	65	145
376	326	64	145
376	327	64	144
376	327	64	144
377	327	66	144
376	327	64	144
377	327	65	144
377	327	64	144
379	327	64	145
380	326	62	144
382	327	63	144
383	326	62	144
385	326	61	143
386	325	57	144
386	325	56	144
387	325	54	143
388	325	54	143
391	322	54	146
390	318	58	151
398	310	66	157
406	312	79	148
403	305	78	159
406	308	70	160
406	306	62	163
397	304	66	165
387	307	69	162
377	305	75	163
375	305	77	166
370	304	77	168
371	305	75	169
364	307	80	168
366	305	76	171
363	306	75	170
354	307	77	170
354	305	72	174
353	304	68	171
349	304	67	174
349	305	66	173
342	306	66	169
337	307	72	170
333	309	76	167
330	313	79	165
341	321	71	157
340	327	63	150
338	330	62	146
334	330	63	146
330	330	60	144
321	330	68	149
322	330	63	149
314	329	60	144
315	332	59	149
314	331	55	149
309	333	56	150
309	331	52	146
307	332	54	144
306	332	53	143
307	332	55	143
303	333	55	143
301	332	56	145
298	334	54	145
297	334	55	144
295	335	52	143
295	335	51	143
289	336	50	142
287	336	52	141
286	336	53	141
285	335	53	142
282	335	54	141
278	336	53	141
275	336	54	141
273	336	54	143
268	337	53	145
266	337	52	144
260	338	52	149
256	338	52	152
252	338	53	151
251	339	51	150
249	339	51	151
247	338	50	151
248	338	50	149
248	338	49	151
248	338	48	149
247	337	48	147
250	338	47	142
249	338	46	144
250	337	46	145
249	337	46	145
248	337	46	145
248	337	45	145
246	338	46	145
244	340	50	142
244	342	52	139
244	343	55	139
244	344	55	138
245	344	55	139
245	345	55	139
247	345	54	138
248	345	54	135
248	345	56	132
249	345	58	135
253	344	57	135
254	344	59	134
255	344	62	136
258	343	64	135
257	342	69	133
260	342	70	133
261	341	74	134
264	345	79	131
266	343	81	132
269	341	82	134
273	342	81	132
284	343	72	130
289	341	67	130
292	340	70	131
292	337	74	132
295	336	72	131
300	338	72	129
312	338	63	129
310	339	68	127
323	343	68	121
330	353	70	110
326	352	73	112
330	354	70	110
330	355	69	108
334	358	65	104
336	358	61	104
336	357	61	106
338	341	61	120
330	326	68	134
328	322	73	140
324	322	76	142
324	317	67	145
318	320	68	142
317	320	63	139
434	337	54	115
433	338	51	114
436	339	50	112
440	339	51	112
451	340	50	110
450	340	50	111
452	340	48	110
454	341	47	109
458	342	45	108
455	342	45	107
453	342	45	107
452	342	47	108
452	343	46	106
454	344	46	106
454	344	47	106
452	344	49	105
455	344	49	105
455	345	49	104
455	344	49	104
456	344	49	104
455	344	53	105
459	343	56	106
462	342	52	106
464	343	54	107
464	343	52	107
460	342	53	108
461	341	54	109
464	340	53	111
465	338	55	112
465	339	55	111
464	338	56	111
461	338	57	111
463	338	58	110
465	337	56	111
464	337	54	111
463	338	54	108
465	337	51	108
465	338	49	110
466	338	50	108
465	338	49	109
464	339	50	108
463	338	50	109
461	338	52	110
459	337	53	110
457	338	54	110
460	337	55	111
457	335	56	112
458	335	57	112
460	335	59	112
456	334	58	112
456	335	60	113
457	336	60	112
459	336	59	112
456	335	60	111
454	336	61	110
449	336	64	111
449	335	63	113
448	335	63	114
447	335	62	115
445	335	59	115
442	335	57	114
441	334	57	116
441	335	56	115
441	335	53	116
441	336	53	115
442	337	52	114
440	337	55	114
438	337	56	115
438	337	56	116
436	338	59	117
436	338	59	117
434	339	61	117
434	340	62	115
433	341	68	115
430	339	68	117
428	340	67	117
424	338	64	119
418	338	59	120
415	337	58	120
413	337	58	117
411	338	57	119
406	338	60	117
401	338	64	116
396	338	67	117
390	339	66	118
387	339	65	122
377	340	69	120
372	336	68	133
276	323	75	156
280	321	76	157
283	323	77	155
278	323	86	156
274	324	79	155
279	327	76	150
326	333	69	135
307	333	64	137
299	332	62	140
270	324	75	154
271	326	83	151
267	327	89	151
270	328	93	152
273	330	91	152
277	330	84	151
267	335	66	144
257	345	58	131
262	346	60	131
259	344	59	132
249	347	66	131
244	342	71	138
279	329	65	148
220	350	68	128
220	352	67	126
213	350	74	130
207	349	71	131
200	352	71	128
195	352	71	128
191	354	66	127
191	355	65	127
188	356	60	127
183	355	58	130
176	355	60	130
169	354	60	131
163	356	57	131
159	357	58	129
154	358	56	128
145	358	55	129
141	358	52	128
138	358	50	126
134	359	50	123
130	359	49	123
131	359	53	125
124	359	50	125
128	359	54	125
122	360	53	124
124	362	52	124
119	362	52	123
117	363	51	125
114	364	55	125
110	364	55	122
105	365	57	123
100	365	59	119
90	362	58	121
84	360	60	126
76	359	59	124
68	358	58	124
56	357	61	124
37	355	63	127
24	354	62	122
14	352	59	127
4	351	54	123
1	348	46	133
0	338	33	145
0	364	28	120
1	361	27	116
0	391	37	88
2	387	45	83
40	394	37	72
30	406	42	70
22	388	40	72
12	379	38	81
6	394	37	71
2	384	29	88
0	368	30	103
1	355	30	116
2	373	44	92
2	352	58	114
0	329	57	135
0	317	60	140
0	310	64	140
0	315	66	135
0	324	69	124
0	325	83	130
88	324	86	127
207	314	79	146
306	339	63	118
309	339	59	118
307	340	59	115
307	341	58	116
307	341	57	115
307	341	57	115
308	341	56	114
308	341	55	113
308	341	56	113
307	340	56	114
306	340	57	114
306	340	57	114
306	340	56	113
307	340	55	114
309	340	54	114
309	340	55	114
310	340	52	114
310	341	52	112
309	341	52	113
316	341	51	113
317	342	50	112
320	342	49	110
321	340	52	107
323	339	52	106
321	337	52	108
321	338	54	110
318	340	57	105
320	346	58	102
317	346	58	102
321	350	60	100
318	352	58	99
326	354	62	94
327	359	67	91
373	363	60	78
365	363	59	79
366	361	52	83
359	363	59	80
352	359	68	86
343	350	75	96
335	321	61	133
343	327	76	116
330	316	67	138
324	318	64	139
308	325	56	135
296	356	58	93
288	356	62	93
286	356	66	95
283	356	81	98
271	359	79	96
267	357	59	99
259	359	70	96
257	357	61	100
260	358	62	99
262	356	60	100
259	357	62	101
256	358	62	102
257	361	58	99
254	363	57	96
252	363	57	96
250	363	59	97
244	365	66	97
239	365	71	98
241	365	69	100
238	366	64	98
241	366	53	98
248	367	45	98
250	367	45	97
249	365	46	98
251	363	48	100
249	361	48	103
251	360	50	105
252	359	54	106
256	359	54	106
256	360	56	106
256	359	59	106
257	359	52	107
258	359	53	107
255	362	51	105
250	363	50	103
244	366	48	100
235	369	50	99
229	370	51	97
218	373	55	94
218	372	51	94
216	372	53	93
213	371	56	95
210	372	55	96
207	372	59	96
204	370	60	100
197	369	68	102
190	368	76	105
184	365	80	104
180	366	80	104
171	368	91	103
168	370	93	100
171	372	89	96
168	373	91	96
170	378	93	91
172	384	94	82
169	386	90	81
172	389	78	77
176	391	69	78
171	396	72	74
174	389	65	80
176	392	67	77
181	395	66	75
182	395	66	75
186	391	63	79
191	387	60	83
195	381	58	90
193	378	60	93
193	386	61	85
196	371	56	99
194	380	58	89
197	382	54	89
200	381	54	90
201	381	55	89
201	379	54	90
201	386	57	85
204	392	57	81
209	392	56	78
213	390	57	81
214	387	56	83
214	385	60	85
215	383	64	88
318	354	62	110
320	353	60	112
325	352	58	112
329	352	57	112
332	352	56	112
333	354	58	111
334	353	59	112
335	353	59	111
336	354	61	110
338	353	60	110
340	353	64	111
338	352	69	113
269	363	65	104
283	363	57	102
290	362	54	102
297	360	51	104
303	359	51	106
312	358	55	107
319	355	58	109
324	354	66	109
330	353	69	109
340	351	73	111
344	350	77	112
353	346	75	115
412	322	64	138
412	324	63	135
412	323	57	138
404	326	62	134
399	330	63	132
379	337	55	126
385	345	51	115
391	347	49	112
396	346	50	112
408	333	67	127
410	320	69	141
413	319	69	143
420	318	70	143
497	316	74	145
496	314	69	147
497	313	66	147
500	313	67	148
504	312	66	149
506	312	68	150
509	311	67	151
511	312	65	150
510	313	63	149
508	313	58	148
506	313	59	149
499	317	65	142
499	315	68	147
501	313	70	149
498	318	79	144
499	316	78	147
498	313	76	149
496	314	79	149
493	313	81	149
488	314	81	149
479	313	82	153
472	310	87	155
467	307	88	157
470	305	85	161
471	306	84	161
470	306	81	162
472	306	77	162
473	309	77	160
472	310	79	159
471	311	78	157
468	314	78	152
468	314	75	153
464	314	77	155
483	315	73	153
459	310	72	155
459	309	81	158
496	311	72	155
507	314	64	149
512	314	64	147
514	312	63	143
511	315	64	137
513	315	73	139
571	330	55	112
577	330	56	114
578	330	55	108
522	313	62	144
515	315	67	135
518	316	72	133
519	311	67	142
518	310	70	147
519	309	76	148
515	311	83	145
513	311	87	146
511	311	90	146
519	308	85	149
519	308	78	147
522	306	74	150
519	303	72	151
516	302	69	153
515	303	66	156
516	301	63	153
517	301	64	157
512	301	62	154
515	299	61	159
514	299	60	158
515	299	61	160
514	295	58	157
517	294	61	162
517	292	60	161
519	292	61	162
519	291	60	162
523	291	59	164
521	290	60	164
519	291	62	163
516	292	63	163
514	293	63	162
510	294	64	157
511	293	65	165
508	293	63	160
509	292	62	162
509	292	63	164
505	295	64	158
504	291	64	165
503	292	62	164
502	293	63	162
498	291	66	164
501	290	62	166
500	290	64	167
499	288	65	168
500	289	63	169
498	289	64	169
499	289	65	168
497	291	68	165
495	291	69	165
493	291	68	161
494	290	68	166
493	294	69	157
493	292	66	160
491	291	67	164
488	293	66	163
484	296	67	162
480	300	62	163
478	298	66	168
477	309	72	148
479	304	67	161
479	302	64	161
476	303	64	160
478	302	66	163
477	300	67	166
479	299	67	166
479	301	69	159
483	302	73	159
483	303	69	160
484	301	69	161
484	302	69	160
485	301	68	160
485	303	70	158
484	301	70	160
482	303	72	157
482	301	70	159
480	301	69	160
481	299	68	162
480	300	69	162
480	300	68	162
482	299	66	161
482	301	67	159
482	300	67	160
483	302	69	157
483	302	68	156
485	304	66	155
485	302	65	153
485	304	67	149
488	303	67	152
490	304	70	152
590	325	73	111
591	325	72	113
592	324	74	113
594	323	75	112
592	323	79	111
591	322	82	111
594	321	85	111
591	325	85	109
644	319	69	111
636	319	70	111
589	318	67	116
592	315	68	120
585	311	69	124
582	309	70	127
579	309	72	127
576	313	77	125
580	315	76	123
597	321	59	117
585	325	61	115
584	329	62	113
580	330	62	112
573	333	63	110
570	334	62	109
564	335	62	109
559	337	66	107
557	338	67	106
556	337	68	109
556	336	70	110
555	332	71	113
551	328	77	115
549	323	78	120
545	319	75	123
542	314	74	128
456	309	65	146
419	312	67	147
408	306	73	158
406	309	73	158
413	309	76	161
425	312	76	155
421	310	81	157
429	313	80	155
430	314	85	151
460	318	75	148
465	322	65	139
467	324	62	133
467	326	61	126
468	329	64	123
470	331	64	120
472	331	64	119
473	332	64	120
474	331	63	122
479	328	65	123
540	329	50	117
541	329	50	118
541	329	50	118
541	329	49	118
540	329	49	119
540	329	50	119
539	328	51	119
538	328	52	121
533	328	56	122
522	327	64	123
507	326	77	129
520	326	67	123
522	325	61	129
529	326	54	124
531	326	50	124
531	327	51	127
529	327	52	129
527	325	55	130
515	325	65	131
509	321	76	139
498	322	85	139
509	319	80	140
503	316	83	144
510	318	80	141
462	318	82	141
445	318	80	138
451	320	77	135
454	320	75	132
436	321	64	132
433	319	59	135
432	320	57	136
428	319	56	136
427	320	53	135
423	321	55	133
420	320	54	132
417	320	53	134
416	320	54	134
414	320	54	135
412	320	54	136
412	320	54	136
411	321	55	136
410	318	54	136
412	318	57	138
412	316	57	138
414	315	58	138
411	315	63	138
405	313	70	142
540	320	63	128
535	321	65	120
536	323	62	119
543	322	62	121
546	327	65	125
549	328	64	121
553	329	55	120
556	329	54	120
553	331	56	120
540	331	64	120
535	326	69	124
534	324	73	126
535	325	76	123
536	321	74	126
537	324	73	124
538	320	70	127
541	325	65	122
548	320	58	126
548	323	62	123
553	323	64	122
564	323	59	121
573	323	60	120
574	322	69	121
573	325	80	119
570	324	82	120
566	324	84	121
564	325	85	120
562	323	84	122
566	323	75	123
566	322	73	123
573	320	64	123
582	320	55	122
585	321	58	122
586	321	61	121
587	324	67	117
585	321	76	121
586	327	83	115
588	327	85	116
589	320	87	123
592	317	88	125
597	314	86	127
604	316	79	123
607	321	75	117
612	315	68	125
615	314	64	126
618	313	61	125
617	313	63	125
618	313	69	126
617	314	76	126
617	314	85	127
621	315	85	127
621	314	86	128
623	314	85	127
625	314	84	127
628	313	81	127
632	312	78	128
643	310	68	127
651	312	62	125
651	312	62	126
653	311	63	125
655	310	65	126
661	309	68	127
665	311	71	124
668	312	72	122
671	310	74	123
672	308	77	124
672	308	78	126
675	309	76	125
676	308	77	126
678	308	74	128
680	306	77	130
681	306	76	130
683	306	74	129
683	306	75	129
689	305	70	129
698	305	64	128
708	305	62	127
711	306	64	127
715	305	65	127
711	305	74	126
714	304	76	129
718	304	79	131
723	303	77	130
731	302	75	129
733	302	73	128
736	301	73	129
737	300	74	131
738	297	74	132
739	297	75	131
740	297	74	132
742	297	73	133
744	296	73	132
746	295	73	132
747	296	72	131
749	297	71	131
748	296	72	133
752	296	69	131
750	297	71	128
763	296	63	129
764	298	66	128
770	297	62	129
773	298	58	130
774	298	57	131
777	298	55	130
776	297	55	132
775	297	56	130
773	297	57	132
769	298	60	132
765	298	64	133
761	298	68	132
750	299	76	133
743	297	76	133
737	296	76	133
732	296	75	133
731	295	69	133
726	296	74	135
729	296	69	135
726	297	70	135
727	297	67	136
724	298	69	137
724	300	67	136
722	301	66	137
723	302	61	138
721	303	58	136
719	304	59	139
716	304	56	138
714	304	56	137
710	303	55	137
707	303	55	137
700	303	55	137
695	306	54	134
689	306	55	131
689	307	52	132
678	308	58	130
674	311	57	128
658	310	68	135
652	307	75	138
647	305	81	141
643	305	86	142
639	305	85	143
637	304	84	145
636	304	80	144
634	305	77	144
633	302	77	145
632	302	75	143
629	302	76	144
633	301	70	144
637	300	67	143
643	301	63	142
647	302	62	140
653	303	61	139
657	303	61	138
662	303	61	138
665	303	62	138
667	303	63	139
673	302	61	139
674	302	62	139
675	301	63	139
675	301	62	140
676	301	62	139
677	301	62	139
679	302	60	138
681	302	60	138
682	302	60	138
683	302	61	137
684	302	61	137
686	302	60	136
687	302	60	136
685	303	60	136
684	303	62	138
686	303	60	139
685	302	61	139
684	302	61	140
681	300	63	141
678	300	66	142
675	299	68	143
674	298	69	144
670	299	73	143
667	299	77	141
663	299	80	142
660	300	82	142
664	299	78	143
666	300	75	141
665	301	76	140
659	301	81	140
649	302	91	139
650	303	89	141
645	304	92	141
644	305	90	139
644	305	86	141
646	310	77	136
646	310	72	138
647	312	73	137
647	314	74	135
654	314	70	136
659	315	71	134
666	326	73	126
673	323	74	130
677	321	77	132
681	319	83	133
691	322	83	131
695	319	86	134
690	315	93	137
694	312	91	141
697	312	91	139
700	313	90	136
707	312	87	137
709	311	88	137
706	310	93	137
709	311	95	135
710	307	94	137
714	306	94	136
709	303	96	139
704	296	93	145
697	288	93	147
695	286	82	148
690	289	81	144
692	291	78	141
693	293	70	140
693	295	73	136
684	299	86	133
681	302	90	132
677	304	95	135
677	307	93	137
670	313	99	134
663	323	104	125
663	322	102	126
661	322	99	126
654	322	100	128
655	319	96	129
659	317	79	129
658	315	75	132
657	314	71	134
657	313	65	136
662	313	59	136
660	315	61	135
660	315	60	135
660	314	60	135
659	314	61	135
659	315	62	135
659	314	60	136
659	314	60	135
658	314	62	135
657	315	61	136
657	315	60	136
656	315	60	135
655	315	60	136
654	315	60	136
654	315	63	136
655	314	61	136
655	314	61	135
654	314	62	136
654	314	61	135
652	313	61	135
652	314	63	136
653	314	63	135
651	314	63	135
651	313	64	135
651	313	64	135
651	312	66	136
648	312	67	135
652	311	65	136
655	310	62	137
655	311	62	137
660	310	58	136
659	310	60	135
659	310	62	135
662	309	62	136
659	308	64	136
660	308	63	137
661	308	63	137
663	308	62	137
663	308	62	137
668	307	61	137
669	307	61	137
674	308	61	137
679	308	60	136
682	308	59	135
685	307	61	135
687	307	61	134
689	307	66	133
691	307	69	135
693	310	71	133
695	309	75	133
702	307	72	136
699	306	77	137
705	307	77	135
708	306	76	136
711	303	76	139
714	301	75	140
718	301	73	139
729	302	64	138
739	302	62	136
741	302	58	136
749	303	59	135
752	303	63	133
755	302	67	135
763	301	70	137
769	299	74	138
776	299	74	138
778	298	77	139
783	299	78	138
784	299	80	139
789	298	80	139
792	298	81	139
798	297	77	140
802	296	78	140
807	295	76	140
815	293	70	141
823	293	62	140
826	295	64	137
833	293	62	139
838	293	63	142
845	292	67	141
850	291	72	141
851	290	81	142
852	290	93	143
855	288	96	144
858	288	99	145
860	286	98	145
865	285	94	147
877	286	82	146
891	284	68	143
898	287	60	137
902	288	57	139
901	288	56	142
901	287	56	144
905	287	52	142
905	287	51	144
906	286	52	144
903	285	54	144
898	286	60	144
896	285	61	140
893	284	64	135
891	282	67	130
892	279	65	137
896	279	62	138
899	278	58	130
888	281	69	121
902	284	57	116
898	282	60	117
911	282	48	119
919	282	38	129
922	282	35	118
919	281	37	118
922	280	35	116
921	278	36	117
920	280	37	116
921	279	36	111
924	279	34	111
925	279	32	109
925	281	32	104
926	281	30	108
927	280	29	111
927	279	29	113
929	280	27	113
931	280	26	112
934	280	23	115
935	283	23	108
934	280	23	114
937	281	22	118
936	277	22	125
935	276	21	127
935	278	22	127
932	280	26	124
928	282	29	115
922	276	35	123
915	278	42	118
919	277	40	113
911	275	45	115
916	276	42	110
922	274	36	118
923	273	34	119
926	272	32	122
927	273	30	115
929	271	27	121
935	270	22	121
935	298	23	96
938	299	21	96
932	292	26	109
907	281	37	111
825	297	61	103
788	304	56	91
773	331	72	74
680	321	46	102
646	315	60	117
641	314	70	118
643	313	68	119
639	313	67	119
639	313	66	120
637	313	65	120
639	313	61	120
638	314	62	119
639	313	60	119
644	312	58	119
637	313	60	119
643	313	58	120
639	313	57	119
642	314	57	120
643	314	55	120
643	314	55	119
644	315	58	120
644	315	56	120
643	316	57	120
643	316	57	120
642	316	58	120
641	315	60	120
641	315	59	120
638	315	59	119
637	315	58	119
632	316	59	120
628	316	57	119
625	316	59	120
622	316	57	120
620	316	55	120
616	318	54	120
612	318	51	120
608	319	51	120
604	319	52	120
602	319	53	120
598	320	53	119
596	320	54	119
594	320	54	119
592	319	56	120
590	318	57	120
589	318	57	120
587	318	59	120
584	318	60	120
582	318	61	120
580	317	61	120
578	318	61	120
576	317	60	121
573	318	59	122
570	319	60	121
570	319	57	120
570	320	57	119
565	320	56	120
544	321	69	118
554	318	63	127
564	319	54	122
563	320	53	119
561	321	53	119
564	320	57	119
567	319	56	118
568	320	60	119
574	319	59	119
576	319	62	119
581	318	62	120
582	318	65	120
582	317	68	121
585	317	69	121
588	316	68	122
591	315	67	124
594	315	70	124
600	314	70	124
605	314	68	123
608	313	68	124
614	312	66	123
616	312	66	123
618	312	67	122
623	312	66	122
625	312	67	122
625	311	67	122
627	311	70	123
627	312	70	122
626	312	70	122
625	312	72	123
624	313	74	123
627	313	83	123
623	313	85	122
628	313	85	122
629	312	91	123
675	309	97	123
677	308	85	123
671	310	76	121
663	311	70	121
653	311	74	120
608	313	76	121
608	313	85	123
610	311	86	126
619	316	100	120
608	314	106	124
599	318	109	119
586	314	105	123
585	313	83	126
583	311	79	128
581	307	79	132
582	307	76	130
583	309	78	127
579	313	82	124
576	316	90	122
574	316	96	125
569	318	101	122
572	317	100	122
573	317	96	122
579	315	93	121
586	316	90	121
598	312	83	120
614	315	76	116
615	313	84	117
615	311	88	117
623	312	83	116
635	313	86	112
615	309	69	117
613	310	64	117
618	308	67	119
652	310	83	113
647	310	86	114
644	310	81	118
649	307	71	121
649	309	65	119
654	310	56	120
648	310	57	123
639	309	60	124
632	310	67	123
629	310	71	122
626	314	75	121
553	325	79	113
555	324	84	112
548	325	79	113
552	323	76	114
549	323	72	116
548	322	65	116
555	321	68	116
560	320	64	119
565	320	58	120
569	320	57	119
573	319	57	118
576	318	60	116
576	317	60	116
577	316	61	117
579	315	61	119
582	316	60	118
584	315	57	117
584	314	56	120
588	315	57	120
594	315	66	121
621	320	86	112
606	323	98	109
597	310	71	124
596	311	79	122
596	314	107	120
595	315	107	122
596	313	96	123
594	315	88	120
594	310	74	125
585	314	70	121
588	313	70	122
608	309	59	122
605	312	62	120
608	313	62	120
600	313	65	122
567	319	59	119
564	320	63	116
558	324	62	111
558	331	59	105
553	333	56	104
552	333	54	104
552	333	54	105
551	333	52	106
551	332	51	108
553	336	52	105
552	333	52	105
552	332	50	107
550	331	50	107
548	331	51	107
547	327	53	111
584	325	54	110
582	325	55	110
579	327	54	108
575	328	54	108
571	327	55	111
565	329	56	111
561	328	59	110
561	328	60	110
560	330	59	109
559	329	59	110
542	329	57	111
539	331	60	109
542	332	62	110
544	333	60	108
548	333	67	109
553	331	74	109
554	332	81	109
556	333	83	108
560	333	84	107
560	333	84	106
558	334	86	105
555	335	92	105
554	338	95	104
550	340	92	104
547	342	89	104
541	346	85	100
535	342	83	105
532	339	81	109
527	346	78	101
524	341	76	107
521	338	74	110
518	335	69	112
434	312	53	139
431	308	54	145
430	309	55	146
425	307	57	146
422	309	60	145
420	309	60	144
423	309	59	146
421	309	59	146
421	310	59	144
417	310	62	142
413	310	64	144
410	310	68	145
409	310	71	143
413	311	67	144
410	312	68	141
412	313	67	141
419	314	61	139
419	313	60	140
420	316	59	137
418	317	62	132
415	317	65	133
412	319	68	130
414	321	69	127
438	321	62	125
452	322	59	123
456	322	57	124
461	321	55	125
417	315	66	131
466	315	57	127
434	308	56	138
475	314	56	127
475	314	65	125
479	315	67	125
488	316	62	123
496	319	55	120
498	320	55	118
505	322	51	117
510	324	52	114
511	323	52	113
513	323	56	113
515	322	59	115
514	322	59	116
514	324	58	114
514	325	60	113
516	324	61	114
528	324	51	117
531	325	52	115
533	324	57	114
536	323	54	113
538	323	60	113
541	321	62	116
545	321	60	116
551	323	55	114
560	325	51	113
565	325	54	110
568	320	57	111
569	320	61	114
567	320	68	116
571	320	73	117
574	321	73	117
579	323	71	111
587	323	69	109
601	322	59	111
617	319	52	114
623	317	58	111
624	313	64	115
627	312	72	114
633	310	79	118
639	309	76	119
674	310	92	125
689	307	97	126
691	307	88	125
699	305	83	125
715	305	75	129
714	305	73	124
712	307	70	119
746	306	64	122
752	308	70	122
751	310	69	119
754	308	61	120
761	306	56	120
768	308	53	119
771	307	52	119
778	307	46	117
777	303	48	121
778	308	51	118
792	306	52	119
789	314	52	113
780	310	62	117
789	305	62	124
790	306	62	123
794	303	62	126
801	303	59	126
806	302	59	125
808	302	61	125
810	301	63	124
811	300	67	125
810	300	79	126
808	301	91	126
808	302	99	127
811	302	103	126
816	302	97	128
819	296	93	133
830	300	82	128
842	295	75	130
859	296	61	130
869	296	56	128
876	296	51	125
894	295	51	118
872	293	67	126
873	290	68	129
869	292	73	129
873	293	71	128
876	290	71	128
885	290	62	125
894	292	55	123
897	292	49	120
896	293	54	119
895	292	59	120
897	293	60	120
901	288	58	122
903	286	55	124
897	290	61	127
895	295	64	119
896	296	63	119
895	292	64	125
895	292	64	125
894	290	65	127
894	289	65	128
894	291	65	125
895	290	64	125
897	289	62	124
900	290	56	123
900	291	53	123
896	292	53	122
892	291	52	125
892	292	55	125
892	292	53	127
887	292	52	124
889	290	58	126
883	288	68	129
880	288	65	131
880	288	66	129
879	293	64	125
880	292	63	121
896	292	52	127
899	294	46	125
899	295	46	122
900	296	44	121
898	296	47	121
897	297	48	122
894	298	51	118
891	298	52	118
889	298	53	117
883	297	57	121
879	298	59	121
873	299	61	119
871	299	56	121
871	300	54	120
864	301	55	118
855	302	62	120
853	302	65	119
849	300	62	119
839	296	64	127
838	296	62	130
800	286	66	144
798	284	68	148
805	287	69	145
803	273	67	161
804	279	68	153
804	269	66	165
802	269	67	166
801	269	67	166
797	275	67	160
741	299	60	131
733	305	63	123
730	308	61	122
724	311	62	120
720	312	63	119
714	313	65	118
705	314	68	117
701	313	69	120
699	312	69	121
697	313	69	119
696	313	70	120
691	312	78	121
683	312	80	121
680	313	81	120
681	315	80	119
678	316	81	118
674	318	80	116
673	317	89	115
664	318	93	116
669	318	87	116
667	318	89	118
671	319	83	116
666	319	81	116
665	318	70	119
664	318	64	117
663	317	65	118
656	315	64	120
654	316	66	118
653	315	67	119
650	317	74	117
719	309	75	128
713	309	70	128
690	308	79	128
690	308	73	132
688	310	71	129
680	314	80	125
707	312	61	127
706	314	53	124
706	316	52	121
706	316	51	120
698	316	54	120
688	315	63	121
614	309	78	136
606	305	81	139
601	306	85	138
596	306	91	139
655	319	98	121
655	315	92	127
657	315	79	127
652	314	75	128
644	316	73	125
645	315	65	126
636	316	70	124
589	318	73	127
553	314	71	136
550	317	73	132
543	315	77	133
533	317	83	135
532	318	77	135
528	319	77	134
523	318	72	136
515	317	75	137
511	315	76	138
507	314	72	136
506	315	77	133
397	315	68	145
379	315	66	150
381	314	63	151
384	314	61	150
381	316	60	148
377	314	68	149
374	314	72	150
378	314	69	151
389	316	62	147
387	317	61	145
394	315	59	147
398	316	56	146
402	316	55	145
400	316	58	146
403	315	57	145
398	317	62	145
405	317	61	144
403	317	66	143
408	316	64	144
408	315	67	144
408	315	73	145
404	314	80	147
404	317	82	145
406	316	82	145
409	317	80	145
412	316	76	146
416	315	74	145
416	314	76	146
415	314	76	146
418	315	75	145
415	315	79	144
412	318	82	142
424	319	85	140
425	324	88	133
429	326	92	129
437	330	86	125
444	335	79	120
412	333	78	125
446	333	64	122
446	338	60	118
444	337	57	120
444	338	64	118
447	338	84	117
445	347	97	106
446	347	93	105
443	342	84	108
427	335	80	119
400	336	95	121
402	334	89	122
385	336	106	122
390	338	97	120
374	337	109	122
370	335	105	124
366	336	102	122
348	336	76	123
338	340	82	120
335	340	84	117
333	340	88	118
330	338	95	120
327	341	96	117
320	342	81	119
307	344	91	116
305	347	89	112
292	346	103	115
289	350	104	109
284	352	107	107
280	353	117	108
280	356	113	111
280	356	111	109
284	358	96	109
279	356	79	112
279	353	62	113
268	349	65	118
265	347	63	119
257	346	77	121
244	347	91	120
230	346	108	121
214	346	118	122
198	345	120	121
221	346	93	124
197	348	109	123
215	345	82	123
224	349	67	120
220	345	66	122
217	345	63	123
213	342	61	126
208	342	66	124
207	342	67	124
207	344	64	124
209	348	63	121
208	350	64	118
210	352	64	115
211	353	64	115
209	353	66	114
298	357	65	110
296	359	81	108
291	354	97	115
287	353	102	116
286	353	88	117
283	349	78	123
283	346	77	125
281	344	79	127
278	341	77	130
283	338	67	132
287	336	62	134
283	335	61	135
286	335	64	135
298	333	66	136
298	333	67	136
302	331	65	138
300	329	69	140
296	328	73	140
301	327	73	141
295	334	80	135
298	328	76	144
297	327	73	145
298	325	70	147
297	330	67	139
280	344	60	121
290	335	55	133
291	341	52	126
292	337	52	129
292	349	53	114
292	340	50	123
293	344	51	119
296	342	51	121
293	346	53	119
293	345	52	120
296	351	52	112
299	353	52	110
296	343	52	118
299	347	52	114
296	342	54	121
295	341	54	120
295	339	53	123
294	337	54	125
292	336	59	125
290	335	62	125
291	336	62	124
290	336	62	126
288	335	63	124
289	335	62	125
288	334	62	128
291	335	61	130
291	335	61	130
291	334	62	131
290	334	62	132
291	333	60	132
291	334	58	132
290	334	58	130
291	334	57	130
291	334	56	132
290	334	59	132
284	332	63	135
285	331	63	135
284	331	65	137
284	331	67	135
286	330	66	136
289	331	66	131
290	331	66	132
290	332	66	132
291	333	66	132
290	335	67	131
290	334	67	132
289	335	68	131
290	335	68	131
291	335	69	132
291	334	69	133
289	334	71	133
288	334	73	134
287	332	74	136
287	331	73	137
284	330	72	138
284	331	71	139
283	328	71	139
284	331	71	136
282	331	72	140
279	331	73	139
278	332	72	139
281	332	69	139
282	332	68	139
282	333	68	139
281	332	68	139
284	332	64	140
284	333	65	138
287	333	63	139
288	333	59	140
288	333	61	138
294	333	59	139
296	338	62	132
300	341	64	128
304	341	63	127
309	345	64	123
311	343	66	126
316	341	65	130
317	338	65	132
320	339	64	129
322	338	67	127
323	336	71	129
325	335	74	132
325	332	80	135
326	331	85	136
331	327	88	139
332	328	93	137
335	328	91	139
334	325	95	142
333	319	95	149
342	310	85	158
345	316	83	151
347	316	80	151
349	316	79	150
353	316	77	149
356	316	74	149
357	315	72	150
359	317	71	147
359	317	70	147
359	317	69	148
357	317	70	149
356	318	70	147
354	320	70	146
351	320	73	146
348	319	73	147
345	321	75	146
343	321	77	146
340	319	81	146
338	318	80	149
336	318	82	150
333	316	82	152
330	316	84	153
327	316	86	154
323	315	88	155
320	315	88	156
318	316	84	154
312	317	85	154
309	317	82	155
307	318	79	156
303	319	77	155
296	318	78	155
293	318	80	157
291	319	80	159
287	319	80	159
285	318	78	159
284	319	77	158
282	319	76	159
282	319	75	159
282	320	73	159
282	321	72	158
281	322	72	155
278	322	75	155
276	322	79	155
272	323	84	155
268	323	88	156
263	324	89	155
261	326	89	153
259	327	82	150
257	327	81	150
254	328	80	149
249	328	76	148
250	328	72	149
248	327	68	151
246	327	63	151
247	326	63	152
247	327	63	152
244	325	64	154
246	326	60	155
247	326	56	155
248	325	59	156
245	327	65	153
243	327	69	152
248	327	71	151
247	327	71	149
254	327	70	151
254	327	74	151
255	331	72	146
256	329	72	147
260	330	76	145
260	330	80	147
263	329	85	148
263	329	94	148
263	329	101	147
272	329	96	146
278	329	96	147
278	328	92	147
286	328	86	147
295	331	92	142
298	331	80	140
376	333	57	128
379	336	53	123
374	336	52	122
370	337	52	119
371	338	55	117
370	337	57	121
368	344	58	113
417	340	80	110
412	339	74	112
392	343	69	112
402	343	59	111
398	344	54	109
378	346	49	105
366	348	49	106
367	348	47	107
379	346	49	107
375	345	48	107
376	344	50	109
380	342	51	111
380	340	50	112
380	338	46	112
380	338	47	115
377	338	53	115
378	339	58	114
383	339	57	115
381	338	62	113
383	334	65	118
373	331	71	125
387	325	62	130
383	319	68	133
384	313	63	143
388	317	58	140
403	312	55	140
401	309	59	143
403	306	64	142
405	304	70	146
405	298	76	154
408	305	79	145
406	304	80	147
414	308	74	143
418	309	71	143
413	310	71	140
419	315	71	136
422	308	68	141
417	310	74	137
418	308	78	138
422	311	75	137
424	317	74	132
423	318	73	131
423	318	72	130
428	317	69	130
432	316	68	133
434	320	65	128
434	319	68	129
440	318	63	129
440	321	62	128
443	319	64	129
444	319	62	128
374	332	51	124
381	329	46	126
374	332	46	126
380	334	46	122
376	333	43	122
378	335	42	120
378	335	46	121
374	336	47	118
379	339	47	116
375	339	46	116
378	339	47	115
374	338	49	116
380	339	47	116
376	338	48	117
381	339	48	116
377	338	46	117
381	340	46	116
379	339	45	117
379	339	46	115
380	339	48	115
379	338	50	117
379	338	51	116
380	338	51	117
379	337	52	116
380	337	53	116
381	338	54	113
382	339	55	112
381	339	56	110
384	339	58	112
382	338	58	114
381	339	56	113
380	340	57	111
379	340	56	112
380	340	54	114
380	341	53	115
380	341	54	115
380	341	54	115
380	339	54	117
379	339	55	117
376	336	57	118
374	336	57	119
372	338	58	119
370	335	59	121
370	335	60	120
333	330	67	127
334	331	56	128
327	329	57	130
333	331	55	129
332	331	57	128
330	329	57	129
331	328	59	129
329	332	54	125
336	330	54	126
335	332	51	127
339	333	50	128
341	333	59	128
341	325	59	134
339	324	52	136
341	325	51	136
341	327	51	131
342	328	51	131
342	330	52	129
339	331	57	128
338	331	59	131
338	331	66	130
330	328	71	133
325	328	67	132
325	328	65	133
317	331	59	131
325	329	71	131
405	314	63	129
399	314	62	130
391	312	65	129
379	312	70	133
366	322	60	127
364	325	59	126
363	325	58	126
366	326	62	124
368	325	60	126
369	330	62	121
369	330	57	120
372	327	58	123
374	329	56	122
378	329	53	122
381	329	54	121
386	329	52	120
387	330	51	118
389	330	52	119
390	329	59	120
389	329	64	119
392	329	63	120
395	329	65	120
394	328	67	122
395	327	69	122
400	327	75	122
407	326	69	121
414	328	64	120
420	327	62	121
424	327	63	121
423	325	59	123
431	325	61	122
433	323	69	122
435	322	77	121
437	322	79	121
438	320	80	122
542	308	76	128
539	304	82	134
536	307	83	131
529	308	85	130
527	307	84	132
515	308	91	132
504	309	92	131
507	310	80	128
503	310	72	129
498	312	67	128
497	311	65	130
494	311	66	129
489	311	69	128
486	311	74	129
486	311	80	129
482	312	87	129
480	314	95	128
474	312	102	129
472	314	96	128
466	317	105	126
459	315	82	129
453	317	71	125
449	317	65	125
445	318	62	126
441	317	61	126
433	318	67	127
431	317	65	127
426	318	69	128
420	318	77	128
412	321	82	125
408	321	89	126
405	322	85	126
404	321	78	128
402	321	73	129
399	321	68	130
394	322	60	129
390	323	60	127
385	322	59	128
383	322	61	128
379	323	63	126
373	326	66	123
370	326	67	124
368	328	66	123
369	327	64	124
366	329	65	121
360	331	65	117
362	330	56	120
361	327	55	122
359	329	53	121
358	326	52	126
356	323	50	130
355	322	51	130
354	325	51	129
353	323	51	131
351	323	53	131
350	325	53	130
350	324	54	130
350	325	54	129
348	325	56	129
346	325	58	130
340	326	62	129
340	325	63	131
338	327	63	129
335	326	64	128
331	327	67	127
330	327	70	128
324	326	75	130
317	325	82	133
314	323	83	136
312	326	85	134
310	327	89	131
309	327	84	132
305	329	82	133
302	329	80	132
300	328	77	132
300	329	71	134
298	331	68	133
294	330	65	132
297	331	68	130
294	330	69	130
290	330	70	130
283	331	75	131
280	331	79	131
269	331	82	134
263	334	87	132
256	336	88	131
251	336	87	133
246	339	85	133
240	337	79	135
234	337	68	134
225	338	61	135
218	337	59	135
210	338	59	134
201	337	64	136
190	336	66	139
163	337	74	138
148	339	79	139
138	339	79	138
131	339	84	137
125	338	86	137
121	338	82	136
122	338	83	137
125	338	79	137
126	337	75	137
136	337	66	137
137	337	63	136
137	336	64	137
141	336	66	138
147	337	67	138
154	337	66	139
159	338	68	136
157	339	70	137
153	339	72	138
145	337	73	139
139	337	72	139
132	338	66	141
137	338	60	141
137	339	59	141
144	339	55	146
146	340	58	140
150	336	58	138
150	332	58	141
147	326	57	149
147	322	57	143
143	315	58	152
135	311	62	148
126	307	64	154
113	305	59	158
97	306	62	170
81	301	64	177
61	298	69	182
58	295	69	185
58	299	75	184
58	302	79	180
57	300	82	184
57	292	86	194
0	281	58	202
0	279	57	208
3	279	63	200
3	284	69	196
2	282	64	196
2	278	67	198
5	280	69	196
8	284	69	190
7	300	76	167
18	307	78	164
88	310	66	161
87	311	66	164
91	312	68	169
98	313	65	157
90	312	73	155
100	311	70	155
92	306	72	171
98	302	73	167
99	304	70	174
93	298	74	178
96	283	72	192
86	287	79	191
86	278	79	198
80	276	85	205
80	269	87	209
76	260	94	213
80	259	88	210
81	256	86	211
81	255	81	210
82	252	79	209
70	250	81	209
67	252	81	210
60	252	90	208
53	254	92	203
49	255	91	198
46	258	93	203
44	260	106	200
44	262	109	204
45	263	112	201
48	264	105	204
67	268	81	204
52	276	82	198
63	284	69	188
50	287	59	179
46	297	64	169
46	298	68	169
39	299	73	171
35	300	68	164
35	297	64	167
33	297	64	167
30	296	62	167
27	296	60	166
24	295	57	170
22	293	58	176
20	293	60	179
19	296	61	174
14	296	66	169
12	296	69	168
9	296	73	167
6	297	72	166
2	297	70	166
2	297	69	166
0	298	68	165
0	299	60	163
0	300	53	161
0	301	45	162
0	301	41	162
0	302	45	157
6	299	71	163
3	296	79	172
1	297	80	167
4	295	78	164
1	291	80	170
0	293	74	171
0	298	61	164
0	298	51	161
1	301	44	157
3	299	42	159
2	299	48	157
4	301	57	159
14	302	68	159
9	301	77	162
15	301	81	161
11	299	90	163
13	299	95	163
45	300	71	160
47	300	66	155
48	300	68	157
39	298	70	157
35	297	77	160
44	298	77	157
35	296	83	163
35	298	84	160
40	297	76	156
38	297	75	153
37	298	73	153
39	298	71	153
39	299	72	151
42	301	70	150
44	301	70	150
48	301	71	147
54	299	70	140
63	299	69	139
69	298	71	148
73	299	69	148
72	297	74	151
78	296	75	152
84	296	76	152
87	297	79	150
91	299	79	149
94	298	80	150
94	296	81	153
95	294	82	155
97	294	82	155
99	294	81	156
102	295	78	152
104	295	77	152
107	295	77	151
108	297	75	149
108	297	74	147
105	296	71	148
96	296	71	148
87	295	69	145
80	296	70	141
79	295	68	141
78	294	66	144
79	295	69	144
82	294	65	145
80	294	65	145
74	296	63	141
63	296	66	143
41	294	73	138
30	292	73	140
21	289	74	141
15	287	77	141
9	287	78	141
3	285	82	141
1	286	76	139
0	286	71	138
0	284	64	141
0	281	56	147
0	279	41	142
0	278	34	131
0	273	33	130
6	287	59	131
4	275	89	129
123	239	87	172
122	225	86	180
108	226	80	175
102	228	79	174
114	225	87	171
101	221	89	181
95	219	96	182
83	214	101	186
74	213	98	185
67	210	92	186
67	211	91	184
50	210	88	182
31	209	86	184
16	208	79	186
5	204	81	186
0	200	74	189
0	197	67	191
0	190	59	196
0	186	55	193
0	177	49	191
0	179	53	163
25	208	152	117
63	101	196	228
262	66	244	242
243	42	202	254
221	41	212	222
204	36	247	229
200	17	214	238
206	36	205	234
308	48	128	201
317	124	93	125
306	169	66	98
305	161	62	105
307	144	59	125
309	92	117	164
216	87	203	172
226	44	210	211
217	36	238	224
223	36	239	238
252	60	251	242
0	162	101	194
5	186	102	172
21	193	109	168
52	199	110	166
117	202	103	172
144	213	100	160
194	210	88	167
232	216	85	166
265	225	85	161
175	247	62	137
214	256	62	128
253	256	68	133
283	259	76	132
311	261	86	135
360	265	75	133
389	266	76	132
418	267	72	133
445	266	69	137
469	265	67	138
492	266	66	138
528	265	64	138
550	266	63	139
561	267	63	137
568	267	64	136
575	266	66	135
584	267	68	134
587	270	68	135
591	272	69	136
597	274	65	135
601	276	64	132
601	280	66	134
597	281	67	136
597	283	69	135
599	283	68	134
599	284	69	134
598	284	74	133
599	283	80	136
600	281	82	138
601	282	84	135
602	282	84	137
604	282	81	136
604	282	80	134
604	284	78	132
604	284	77	131
604	285	76	130
602	288	76	125
603	290	77	124
602	291	77	123
600	295	78	119
597	299	78	117
592	300	81	115
588	302	78	113
586	304	78	112
582	304	78	111
578	305	77	110
574	307	79	108
569	306	79	109
566	306	79	108
563	305	78	110
560	305	79	110
555	305	80	109
552	304	80	110
550	304	80	111
547	304	80	111
544	302	80	112
541	304	82	110
540	302	83	113
540	303	83	112
539	302	82	114
539	301	82	116
538	298	82	118
537	297	83	122
536	295	84	124
