494	146	130	124
496	141	128	121
495	142	128	119
496	143	128	119
496	143	127	119
496	144	127	119
498	145	127	119
499	145	128	119
500	145	126	119
501	146	126	119
501	146	125	119
502	147	125	119
502	146	125	119
502	146	125	118
503	146	124	118
505	146	125	119
507	145	125	120
510	146	127	119
514	144	126	120
519	144	127	120
527	143	128	120
533	142	129	121
537	142	134	120
548	142	135	123
557	142	134	124
571	144	133	124
578	145	136	123
583	147	137	122
590	145	137	125
597	144	137	124
602	143	136	124
605	142	136	124
610	140	136	125
613	141	136	124
615	140	136	123
616	139	135	123
612	138	136	123
606	136	133	122
598	133	132	122
586	131	131	122
565	131	133	121
550	131	133	120
536	131	131	121
524	135	125	120
506	135	132	122
478	136	137	126
464	136	133	127
449	137	133	127
436	138	130	126
420	138	130	129
396	136	131	128
385	136	129	128
377	135	129	129
371	131	127	129
364	132	126	128
358	129	125	129
355	128	127	129
352	129	127	128
349	128	128	129
349	129	128	126
352	131	127	125
355	134	127	124
359	138	128	123
370	141	127	123
378	145	128	123
392	149	127	123
403	151	125	123
413	151	123	122
422	153	123	121
431	154	120	122
442	155	119	122
450	155	120	122
458	155	120	119
466	154	119	118
473	153	119	119
482	152	119	118
489	153	118	115
494	154	117	114
499	155	117	111
503	156	117	110
509	157	115	110
510	158	116	108
512	156	116	109
512	157	116	108
512	157	115	108
512	156	115	108
512	157	116	108
510	157	116	108
507	156	116	108
504	156	115	109
499	159	112	108
493	159	114	110
487	160	116	110
481	160	117	110
476	160	113	111
468	162	111	111
460	162	111	111
452	165	112	110
445	167	112	109
439	168	112	110
431	171	112	108
426	171	111	108
421	172	111	107
417	173	112	108
414	173	112	109
412	173	111	110
411	172	112	110
410	174	112	109
409	174	112	109
408	174	112	109
408	175	112	109
408	175	112	109
408	175	112	109
409	174	112	110
409	173	112	111
411	171	112	111
413	169	112	111
415	169	112	111
420	169	112	109
424	172	112	108
431	176	111	108
435	179	111	107
442	180	110	109
447	183	110	108
453	185	110	109
460	187	110	110
465	189	109	109
470	192	109	108
475	194	109	108
481	198	109	106
489	200	109	105
492	203	109	105
499	206	109	103
504	209	109	104
509	210	108	102
516	212	107	102
519	211	107	103
522	213	108	102
523	214	109	103
524	215	109	101
523	216	109	103
522	219	110	103
521	224	110	101
519	228	110	101
517	229	109	102
511	229	108	104
506	230	110	105
500	230	109	105
495	230	109	106
490	229	109	107
483	224	107	110
476	218	110	111
470	211	111	112
464	206	110	112
458	203	111	111
453	197	110	110
451	192	112	110
449	186	111	109
446	178	110	110
446	172	110	108
445	165	109	106
444	163	109	108
444	160	109	110
445	160	110	109
445	160	109	108
445	162	109	107
446	166	109	105
446	171	108	105
448	175	109	104
449	178	110	105
453	182	110	105
456	185	111	105
459	186	110	107
464	185	111	110
470	184	111	111
475	184	111	109
479	180	111	109
485	176	111	108
491	171	110	107
496	168	111	106
501	165	112	103
509	165	110	101
512	164	110	100
514	165	110	101
517	165	109	102
519	165	108	101
521	168	108	100
522	169	109	102
523	173	109	100
524	176	108	98
526	177	107	100
526	177	107	99
525	178	107	98
523	179	107	97
521	179	108	99
519	181	106	98
516	182	103	96
513	181	104	97
511	182	104	95
508	181	104	96
505	182	103	95
502	187	102	94
501	189	102	95
500	193	101	94
500	199	102	91
500	203	101	91
501	203	101	93
503	204	100	92
506	205	99	91
507	203	100	91
511	201	99	92
515	200	100	90
517	198	99	89
519	198	99	90
521	198	98	90
522	198	99	91
523	200	99	90
523	204	98	89
524	207	97	88
524	208	97	88
526	209	97	88
528	211	97	89
531	214	97	88
533	219	96	87
535	226	96	84
536	231	95	85
539	238	94	85
540	241	94	87
541	243	93	86
542	245	93	87
544	245	93	86
550	244	91	85
551	244	91	84
553	243	91	83
554	243	90	83
555	243	90	82
555	243	91	82
555	243	90	82
554	243	90	81
554	243	90	81
552	243	89	81
549	242	89	81
548	242	89	82
547	242	90	82
545	244	89	81
543	244	89	82
541	247	87	83
539	249	88	82
536	251	87	82
534	253	88	81
531	254	86	81
527	255	86	81
524	255	85	81
521	254	85	81
518	254	85	81
516	254	85	80
514	255	83	79
513	254	84	80
512	253	83	79
511	253	83	79
510	253	84	79
510	251	83	79
511	250	83	79
511	248	83	79
512	245	82	80
512	242	82	79
513	240	82	78
514	240	82	78
515	239	83	78
517	239	83	77
519	240	83	77
524	239	82	77
525	237	84	78
527	237	84	77
529	235	84	79
531	236	84	77
532	235	83	78
533	235	83	77
533	233	83	77
533	234	83	77
533	231	83	78
533	228	83	79
534	224	83	79
535	221	84	79
537	218	84	79
537	214	84	80
539	210	84	79
543	206	84	79
549	203	84	79
555	200	84	80
562	199	84	80
568	198	83	79
570	199	83	77
571	200	83	77
570	200	83	76
569	200	83	77
565	200	82	77
561	197	83	78
558	197	83	78
555	199	83	76
553	198	84	78
552	198	83	78
550	197	84	80
545	197	84	80
541	196	81	79
534	194	81	79
527	192	81	79
523	192	81	78
521	190	81	77
519	191	82	76
518	191	81	75
518	195	81	71
515	198	81	72
515	201	81	71
510	204	81	70
508	202	83	72
507	204	81	71
505	202	81	73
503	202	80	72
502	202	82	73
499	200	83	75
496	202	80	75
490	200	80	76
486	200	79	76
481	201	80	76
478	200	79	76
474	202	79	73
470	201	81	74
469	200	81	74
467	201	81	74
467	201	79	74
467	202	79	73
467	200	80	74
467	199	81	76
470	197	81	78
474	197	80	77
480	198	80	77
480	197	81	76
484	197	80	76
485	198	80	76
486	197	81	77
489	199	80	75
491	199	80	74
494	198	81	76
499	199	80	74
504	198	80	76
511	198	80	74
520	199	78	72
529	202	77	71
537	201	78	72
547	202	77	70
555	200	78	74
563	198	81	76
574	198	83	77
580	196	83	80
587	196	82	81
594	194	83	82
600	194	83	83
606	194	85	83
611	195	82	84
617	195	80	83
622	196	80	85
626	195	77	82
628	195	77	83
630	196	77	82
631	195	76	82
631	194	77	84
632	194	79	84
632	194	78	83
632	195	78	83
632	195	77	82
633	194	78	84
632	195	79	86
632	194	79	87
628	197	80	91
622	200	80	93
617	204	78	95
606	205	83	92
601	205	83	93
596	205	80	91
593	207	79	88
586	209	78	87
578	209	80	88
570	210	81	89
564	211	78	89
554	211	79	89
551	211	75	84
540	211	78	85
530	209	80	88
522	207	79	88
513	211	80	87
502	213	81	91
497	213	76	83
487	216	76	89
474	217	79	89
465	217	78	88
457	218	76	84
449	217	74	84
440	214	75	87
435	214	74	91
431	211	77	93
425	209	77	94
424	211	77	93
418	208	79	98
417	209	78	96
413	211	79	96
411	211	78	95
411	216	76	89
408	218	75	88
406	218	76	88
402	220	75	88
398	222	75	87
395	227	73	83
389	234	74	82
387	230	73	88
382	232	75	88
381	232	74	89
380	237	74	87
380	238	73	85
379	239	71	84
379	241	72	84
379	244	72	84
379	245	75	87
380	244	79	96
383	244	82	97
387	246	84	98
394	247	84	98
401	247	85	99
411	248	84	97
419	244	87	99
429	241	87	100
439	238	88	101
454	234	85	100
466	230	86	97
475	227	89	101
486	225	87	98
491	222	89	100
500	221	87	100
504	221	87	97
510	220	87	97
515	218	87	97
520	214	87	95
526	212	85	93
529	211	86	93
533	208	83	93
536	207	82	93
538	206	81	94
539	205	83	90
542	201	81	92
541	198	79	93
542	196	80	92
543	193	80	92
544	191	80	91
543	188	79	91
542	188	81	94
542	187	82	93
541	187	79	91
538	186	83	93
535	183	84	94
531	184	86	96
527	183	86	97
522	181	90	99
518	182	85	95
515	182	86	93
513	182	82	89
506	181	83	89
499	183	82	88
491	183	80	88
484	185	80	88
477	186	80	88
471	187	83	89
465	186	79	91
461	186	77	89
457	185	78	88
453	183	78	86
449	181	78	85
442	180	79	85
439	180	77	85
435	182	76	84
432	182	79	84
431	184	79	84
430	183	79	84
431	184	78	84
432	184	78	84
433	183	78	83
433	182	78	84
432	181	79	85
433	181	78	84
432	182	77	83
433	184	77	84
435	185	77	83
436	185	78	85
437	184	81	89
438	183	84	91
440	183	86	96
443	184	86	95
448	186	85	96
452	186	87	95
459	188	86	96
461	186	89	99
470	189	87	98
477	189	86	98
487	191	85	95
493	192	89	100
499	193	91	102
506	194	95	102
512	195	92	101
519	197	85	96
521	195	84	95
521	194	83	95
519	192	84	95
520	187	83	94
521	186	81	92
520	184	83	94
520	183	82	94
521	184	82	92
523	186	81	90
525	186	80	91
527	187	79	87
528	188	80	90
531	190	79	88
532	190	78	88
533	191	78	86
531	191	79	83
529	191	78	82
526	192	78	79
524	192	80	79
521	192	80	79
519	195	81	77
516	192	80	77
514	193	80	78
511	193	80	79
506	193	80	79
501	194	81	82
497	194	80	81
490	195	82	82
483	195	82	81
476	195	80	80
466	194	81	82
456	197	81	80
448	198	83	81
440	198	81	80
434	199	77	79
427	197	78	78
426	196	77	76
425	195	77	75
425	193	77	77
425	191	78	76
427	188	78	77
427	189	78	75
428	188	78	75
429	187	78	76
430	186	79	76
434	188	78	74
436	188	78	75
439	187	78	75
442	188	78	75
443	188	78	74
444	189	78	73
442	188	78	74
441	188	78	75
438	188	78	74
437	188	78	74
436	189	78	73
436	188	77	73
438	190	78	72
441	191	78	73
443	192	79	76
449	197	77	77
452	197	78	82
455	203	80	81
458	210	81	79
462	217	81	76
471	224	79	80
477	228	80	83
486	234	81	82
494	238	80	83
503	242	82	83
516	248	79	83
525	252	81	83
533	258	83	81
543	261	84	81
552	265	86	80
567	269	83	81
575	274	83	80
583	278	82	77
591	281	83	79
596	281	84	81
600	287	83	80
601	287	84	79
598	288	85	79
593	288	85	79
585	288	87	81
571	287	90	83
558	287	91	84
542	285	91	84
523	280	93	84
504	276	94	86
474	270	93	85
449	266	94	87
425	265	97	92
400	259	99	95
378	254	95	92
338	248	92	88
324	241	88	89
313	233	87	90
305	224	84	85
302	213	83	86
301	199	84	83
304	187	83	82
309	176	82	84
313	167	82	85
320	165	81	84
328	161	81	81
334	157	79	79
340	153	80	80
343	149	81	79
348	144	80	79
351	134	80	77
352	127	80	79
351	123	80	78
351	120	80	79
349	118	81	77
348	114	80	78
345	110	81	78
341	108	79	77
336	109	78	75
333	111	78	74
331	116	80	74
335	119	79	76
339	122	79	76
343	126	79	75
348	127	79	75
354	130	78	74
358	131	77	73
362	132	77	73
364	131	77	75
366	131	77	76
371	133	77	75
372	134	78	76
374	136	78	77
375	142	78	76
377	147	79	76
382	157	78	79
386	163	79	76
393	166	77	76
399	168	76	74
405	170	77	73
418	170	77	74
426	173	77	74
436	174	78	75
448	180	79	74
459	182	78	75
476	185	81	75
488	187	79	78
501	188	79	78
514	186	81	80
527	188	79	78
544	189	80	76
548	189	79	77
552	190	80	76
555	192	81	76
560	192	82	77
569	192	80	76
575	191	78	74
578	191	78	74
580	190	78	74
582	191	76	74
583	194	76	74
585	197	75	72
585	199	75	72
586	200	75	73
586	203	74	72
585	207	74	73
582	209	76	75
577	213	77	77
572	218	77	78
567	222	79	77
559	228	77	78
553	231	77	76
546	232	77	76
539	232	80	74
532	233	78	75
524	233	76	74
517	231	77	75
510	229	79	75
502	226	78	75
496	223	79	76
490	221	79	76
485	217	81	79
481	216	83	78
477	213	85	78
472	213	86	77
468	209	85	80
466	210	84	76
464	205	84	80
461	202	83	80
457	200	83	81
453	201	84	79
447	200	82	82
443	200	81	81
437	200	80	83
435	202	77	80
429	200	80	82
424	199	79	80
422	196	81	81
421	195	80	81
421	195	79	81
420	195	78	81
420	195	79	80
420	194	81	80
420	193	84	80
422	194	85	80
424	193	85	81
429	194	85	82
433	193	86	82
438	196	86	79
443	194	86	81
450	192	88	83
460	194	85	81
467	192	86	82
473	194	88	80
482	194	87	78
488	192	89	80
496	192	90	81
503	190	90	82
508	190	92	80
515	189	91	81
520	190	90	80
527	188	89	80
531	189	89	80
535	189	89	80
539	190	88	79
542	191	87	80
548	194	82	79
552	194	84	82
554	196	87	84
558	198	88	84
561	197	88	88
566	199	85	90
570	199	86	90
574	202	85	93
580	202	90	95
579	202	86	93
585	202	83	90
590	205	79	85
593	204	77	88
594	203	77	89
595	204	74	88
596	205	75	88
597	205	76	89
597	205	78	89
598	207	78	88
598	207	78	87
598	209	79	87
596	209	80	85
596	207	77	88
594	207	75	85
591	208	78	86
587	208	80	85
579	210	81	87
577	210	81	87
572	211	78	91
566	212	77	91
560	216	76	88
553	216	76	88
543	220	77	87
533	218	77	89
523	224	76	87
513	225	76	86
506	228	74	83
496	230	74	84
489	232	73	83
484	230	69	83
480	229	66	81
475	228	68	83
469	226	69	83
462	225	71	83
461	224	70	81
461	222	69	80
459	222	69	78
460	220	68	79
460	219	69	82
461	217	68	82
461	216	69	80
462	214	68	82
463	213	68	82
461	213	68	81
461	212	68	81
461	213	67	81
459	214	67	80
459	213	68	80
457	214	67	80
455	214	69	80
454	216	68	80
453	213	69	81
452	215	67	80
452	214	68	81
451	216	68	80
451	215	68	82
451	215	69	82
453	215	69	83
454	216	70	83
456	217	71	85
459	217	72	86
463	215	73	88
465	216	76	88
469	213	76	91
471	212	77	92
471	209	79	91
474	207	79	90
475	205	79	89
477	201	80	89
478	199	81	88
481	197	83	87
484	195	81	88
486	194	81	86
490	194	81	85
492	193	80	85
494	192	81	86
494	191	82	83
496	192	80	84
498	193	79	85
497	195	81	87
497	196	81	89
496	195	81	88
494	194	83	87
494	193	83	88
493	193	83	87
493	192	81	88
493	193	82	88
492	192	82	89
491	191	82	90
491	192	81	90
490	193	84	91
489	194	87	93
489	197	88	93
490	199	89	92
490	201	89	92
491	202	88	91
490	203	89	91
490	205	90	92
489	203	91	93
489	202	91	94
487	200	91	94
485	197	92	97
483	195	94	97
481	194	95	98
480	192	93	97
477	189	95	96
475	186	97	95
473	183	97	96
472	177	96	96
472	172	93	97
469	164	97	97
469	158	96	100
468	152	95	99
467	147	94	102
465	142	97	98
466	140	94	100
465	138	96	101
466	137	96	102
467	137	96	101
466	134	97	103
467	134	97	103
467	134	96	103
467	134	95	102
468	136	94	103
468	138	96	104
468	142	96	106
468	146	98	107
467	150	99	110
467	158	101	109
469	159	100	113
471	164	101	111
472	168	103	109
474	169	105	109
475	169	103	107
476	167	105	111
477	165	107	112
479	163	107	112
480	161	109	114
482	161	111	113
484	161	111	113
487	158	113	117
488	156	113	115
491	153	113	120
493	151	113	122
495	149	114	121
496	147	116	122
498	146	116	121
500	145	113	119
499	144	113	118
500	144	113	120
498	143	113	119
499	143	113	120
499	143	113	120
499	142	114	120
496	143	113	119
494	143	115	121
491	144	117	121
489	145	117	121
486	149	117	119
482	155	118	119
482	160	115	121
480	167	114	117
478	176	111	118
476	184	112	119
474	191	110	122
473	200	110	124
472	207	111	127
470	217	110	125
471	224	109	125
471	230	110	126
470	237	111	125
470	242	110	127
470	246	111	127
470	250	111	125
470	252	110	125
469	252	109	124
468	253	109	123
466	253	111	123
464	253	110	123
461	253	110	123
459	252	112	123
456	253	113	123
455	251	113	124
454	252	113	123
455	251	112	124
454	250	111	124
454	249	111	125
453	248	111	125
452	247	111	124
450	245	110	125
449	244	112	126
447	243	113	127
445	241	114	127
445	240	113	126
445	239	112	126
446	239	111	125
447	240	112	126
451	241	111	126
453	243	111	126
456	243	112	127
458	243	113	128
463	243	114	127
468	242	113	125
473	241	113	126
479	242	112	127
483	243	115	126
487	242	117	127
491	242	118	127
495	241	119	128
499	240	120	129
505	239	120	128
510	237	121	130
515	235	123	131
522	232	123	135
526	231	124	136
531	229	122	135
535	228	122	135
536	226	122	133
536	225	122	135
534	225	123	131
531	226	121	134
528	227	120	133
522	229	122	134
517	228	124	135
514	229	123	135
510	230	122	134
506	231	122	133
499	232	122	134
496	232	122	135
490	234	122	135
483	234	124	137
476	236	123	137
470	236	122	137
460	239	126	139
454	238	125	139
446	239	124	140
435	236	124	141
427	233	126	145
421	228	125	146
416	223	125	145
413	218	126	146
411	213	125	143
409	211	124	142
410	210	124	143
413	209	127	143
421	211	128	145
430	215	128	145
437	218	128	144
445	219	128	144
449	218	128	146
453	217	128	146
454	216	127	147
454	216	127	146
453	216	126	145
452	218	129	144
451	217	129	145
449	219	130	144
449	219	129	144
448	220	129	145
447	218	129	147
445	218	130	146
441	217	131	143
437	217	132	142
432	218	131	140
427	219	132	139
419	218	133	139
412	219	133	139
405	217	133	137
399	218	135	136
394	217	135	134
390	217	136	134
390	216	134	134
389	216	134	133
390	216	134	133
390	215	134	133
392	215	134	132
392	214	133	133
395	214	133	134
395	212	133	134
397	212	133	133
400	212	132	134
401	212	133	133
402	211	133	132
404	211	133	133
404	212	133	132
404	211	133	132
401	212	134	131
399	211	134	132
398	210	134	133
397	210	134	133
396	212	135	132
396	212	134	135
398	213	133	134
396	214	134	135
395	213	135	135
396	212	135	136
396	213	135	135
397	212	135	136
398	212	135	136
398	212	136	136
399	213	136	136
399	213	136	136
398	212	136	136
398	213	136	136
397	213	136	136
396	213	136	136
396	213	136	136
396	213	136	135
396	213	136	136
397	213	136	136
398	213	137	138
399	214	137	138
401	213	136	138
401	213	136	138
401	212	135	138
402	212	135	137
402	212	134	139
402	214	133	137
402	213	134	141
400	214	138	138
398	216	143	140
393	218	146	138
388	219	151	139
385	220	153	139
384	219	154	140
383	218	154	140
382	217	154	140
382	217	153	139
381	217	153	139
382	216	153	138
383	216	153	136
384	218	153	135
390	219	151	133
397	221	151	133
404	223	151	131
411	223	152	132
418	225	151	133
427	229	149	133
433	233	145	130
438	235	141	130
442	240	138	128
447	241	134	129
451	241	130	127
453	237	126	126
453	229	119	121
447	219	121	116
441	207	120	118
434	194	115	112
429	185	115	117
426	177	117	116
425	171	118	116
424	165	119	114
421	163	120	109
417	163	122	109
411	165	124	113
407	168	124	113
400	174	125	115
393	177	126	115
387	180	125	113
382	180	124	112
379	177	123	113
376	175	123	113
375	170	123	114
377	164	122	116
379	161	122	115
383	154	121	119
388	149	120	119
394	147	121	117
398	142	120	120
401	140	120	121
405	139	119	121
407	137	120	121
409	136	120	120
412	133	119	120
416	133	117	118
419	133	116	115
423	131	116	114
429	129	116	116
432	129	115	113
438	129	114	113
442	131	113	111
448	130	112	111
452	133	112	107
454	133	111	106
458	133	111	106
461	133	110	106
464	134	109	105
468	133	108	104
470	133	108	103
471	133	107	102
474	131	106	99
475	126	106	101
477	124	105	99
478	121	106	101
481	120	105	100
482	121	106	100
484	120	105	100
486	119	105	100
487	120	105	99
489	120	104	100
491	121	104	99
494	123	104	99
499	126	103	97
502	129	103	96
505	131	103	96
510	131	102	96
515	132	101	95
520	132	99	91
522	131	99	91
524	127	98	90
526	124	98	91
527	121	98	90
524	117	97	86
518	112	99	88
511	108	99	87
503	103	102	88
494	101	103	89
479	101	108	88
472	100	107	92
460	103	109	91
449	104	113	93
438	109	117	93
427	116	121	94
418	122	115	91
409	127	113	88
402	136	134	87
394	144	133	85
386	151	136	84
379	160	126	80
373	169	113	78
372	177	121	78
369	185	128	77
365	195	115	74
366	201	118	74
365	203	117	74
364	206	109	74
362	205	106	75
361	206	106	75
362	205	107	74
364	204	106	75
364	203	106	75
364	203	106	74
366	204	106	73
366	203	106	74
367	204	105	74
368	205	106	74
369	206	106	74
371	209	107	74
371	211	107	74
372	211	107	75
372	213	108	75
372	214	109	74
371	215	107	73
372	215	107	73
371	217	110	73
370	219	109	72
369	219	107	72
368	222	104	71
367	225	106	71
367	226	103	72
366	227	103	71
365	228	99	70
365	231	93	70
362	231	86	70
364	234	87	70
363	235	94	71
362	237	95	73
360	239	90	75
361	238	91	79
359	238	92	74
358	239	94	75
358	238	102	76
356	240	98	75
355	238	104	74
353	239	101	76
351	237	105	77
350	235	102	77
349	238	97	77
347	237	96	78
347	233	95	76
349	235	90	76
350	232	89	74
349	233	85	73
353	231	91	74
352	233	92	75
357	231	93	75
356	233	91	75
361	230	97	75
361	231	93	75
368	228	100	74
368	229	97	76
376	225	104	77
377	226	105	80
386	224	107	85
390	222	115	87
394	218	120	84
399	217	121	87
406	214	120	91
414	210	118	91
419	207	118	86
422	208	115	85
429	203	114	83
431	204	110	88
437	199	112	84
440	199	111	88
441	194	116	84
440	194	114	83
440	192	113	84
438	189	113	83
435	190	111	82
434	190	110	84
431	190	115	85
428	192	123	84
422	195	115	83
419	197	118	83
416	198	119	86
411	199	119	85
407	199	126	86
402	195	124	86
396	192	125	85
394	190	127	86
391	189	125	86
388	188	124	85
386	188	124	83
386	187	118	83
385	188	111	83
386	188	108	83
386	190	109	83
385	194	110	83
385	199	108	83
384	203	109	83
382	210	110	83
384	217	116	83
380	225	108	84
379	232	113	85
380	237	119	90
379	242	121	95
379	245	125	100
378	251	127	98
380	259	127	96
379	263	126	99
380	264	135	101
387	271	117	109
395	283	116	106
396	283	113	97
397	295	107	104
396	296	115	95
398	297	118	111
397	298	115	102
401	302	112	100
401	306	130	108
403	304	142	122
401	301	153	125
402	307	156	127
401	313	164	123
406	308	167	128
406	320	164	118
408	319	167	120
405	316	161	120
406	311	156	123
406	311	162	122
399	307	147	121
401	311	162	114
405	317	161	120
416	317	159	119
413	315	155	122
412	314	162	119
411	314	160	123
409	319	164	120
422	328	155	123
426	329	141	120
416	326	148	122
417	327	157	116
395	287	149	113
400	271	134	110
392	266	153	115
392	255	140	111
395	246	143	107
398	230	144	115
380	220	143	105
377	204	141	94
384	185	138	93
390	165	136	97
399	143	137	99
406	127	135	102
417	110	125	105
425	102	126	106
436	93	127	108
445	80	128	115
454	68	130	118
463	62	129	120
474	56	126	119
489	54	120	120
502	48	117	123
511	49	114	117
521	51	112	114
531	51	108	114
536	52	108	110
540	52	108	109
541	52	109	108
543	53	108	106
544	53	108	107
545	53	107	105
544	54	106	106
545	54	106	106
545	54	105	106
545	54	104	105
544	54	104	104
545	55	104	104
542	58	104	103
542	63	103	103
541	68	104	102
541	72	102	104
540	78	101	104
539	81	100	106
539	85	98	106
538	90	97	105
538	94	98	106
540	100	97	101
544	103	98	102
551	106	97	104
558	105	99	107
566	104	99	105
576	102	99	104
584	101	98	106
589	99	99	106
595	97	97	105
596	97	97	100
597	95	97	98
599	96	97	96
598	95	97	96
595	94	100	98
591	95	100	98
589	94	103	100
588	97	101	101
586	99	100	101
584	103	102	105
583	106	102	110
582	114	105	107
581	122	110	102
585	133	110	100
584	142	113	96
585	150	116	95
595	149	115	98
607	156	111	93
613	160	110	94
620	171	109	89
628	177	108	90
634	189	107	84
647	197	102	83
637	207	115	81
658	213	105	82
662	220	108	80
663	224	111	81
664	224	116	87
671	225	115	90
671	231	113	88
670	233	113	92
663	242	121	89
656	248	125	87
654	251	130	89
659	256	126	90
657	257	123	92
656	262	121	90
653	267	126	92
649	275	128	91
655	282	129	86
652	284	125	90
650	288	129	90
646	294	131	87
645	297	133	84
647	301	123	80
645	301	121	82
637	304	124	81
629	303	124	83
622	304	126	83
620	305	128	86
621	309	124	85
627	317	125	80
623	317	124	83
622	319	127	84
622	322	131	85
622	325	135	84
622	326	136	89
622	330	133	88
623	331	137	88
624	336	137	90
622	336	140	96
624	338	138	96
625	342	137	97
625	342	138	101
621	343	142	103
618	343	142	104
620	344	139	103
619	345	138	106
613	347	132	107
613	344	133	104
601	341	132	100
595	344	145	103
593	344	137	107
594	348	135	109
597	347	128	113
592	343	128	116
599	340	122	116
598	348	123	111
598	341	119	114
596	338	121	111
601	341	116	106
597	345	116	101
598	343	116	107
594	338	114	107
597	332	113	105
591	324	113	110
596	325	109	108
593	323	108	106
591	323	108	108
589	328	106	102
589	328	104	100
588	331	102	96
588	332	99	94
586	332	99	93
585	331	99	96
584	330	98	96
582	332	98	97
581	331	98	96
579	335	99	97
580	334	97	94
580	340	95	91
580	340	95	89
578	338	96	90
577	339	99	91
577	339	99	90
576	337	100	91
578	336	100	93
576	331	100	95
574	332	104	95
575	332	102	97
566	329	108	98
566	331	114	95
561	328	113	100
579	328	103	101
576	325	108	97
596	336	102	87
596	336	107	87
602	335	105	82
601	332	108	82
611	331	102	79
612	331	106	78
614	329	108	78
617	325	111	80
622	322	111	78
628	316	111	79
633	308	112	80
640	300	110	79
645	289	112	78
646	284	114	78
646	279	113	77
644	275	115	76
644	271	115	75
648	267	111	77
653	264	107	79
656	262	102	78
658	260	99	77
654	257	100	77
646	253	104	77
644	248	103	80
644	241	100	81
638	236	104	83
637	226	102	86
630	217	105	89
626	208	107	93
621	204	107	94
620	200	106	96
615	197	104	99
608	193	103	100
601	189	104	100
595	186	101	100
588	185	102	101
580	182	101	104
572	183	99	104
565	183	100	104
558	181	99	103
551	180	98	103
544	177	98	104
535	174	97	102
530	172	96	100
524	169	96	98
519	167	97	98
515	166	97	97
510	164	96	95
506	163	97	96
502	163	98	94
501	160	98	95
501	159	99	97
501	158	98	96
500	158	98	95
502	161	98	95
505	167	99	95
509	171	99	94
516	175	97	96
523	177	99	98
532	176	99	101
540	176	99	100
548	176	98	98
557	178	96	98
563	179	96	98
571	180	96	96
578	180	96	97
587	180	96	96
594	178	96	96
601	179	96	94
606	179	95	92
608	179	96	92
610	180	95	92
609	183	94	90
606	187	95	89
605	192	95	88
605	198	93	86
608	203	93	87
613	206	92	87
620	209	91	86
623	209	93	86
626	207	93	89
628	206	93	88
630	204	91	89
632	203	91	88
634	204	90	87
635	204	89	87
633	206	91	88
628	207	92	87
625	212	92	88
621	215	91	88
618	216	88	88
617	216	88	86
616	217	88	83
616	217	87	83
617	219	87	82
619	219	86	82
620	221	85	81
620	222	85	81
620	221	84	81
619	222	85	81
617	223	85	81
617	227	84	79
616	228	83	79
613	230	84	80
612	231	84	80
612	230	83	82
612	226	83	83
612	221	84	84
611	213	85	82
608	206	86	83
603	201	86	84
597	196	86	91
586	191	86	87
570	188	87	83
560	185	85	85
556	183	83	82
553	182	83	81
550	183	83	80
548	183	83	81
544	184	84	81
540	186	84	81
536	189	84	81
533	190	84	81
530	194	84	80
529	194	84	81
529	194	84	81
529	194	83	82
526	193	85	82
520	191	83	84
512	193	85	83
506	194	85	84
499	195	86	84
493	195	86	84
488	193	85	83
484	191	86	83
480	189	86	82
475	187	86	81
469	187	86	81
461	187	84	82
454	187	86	83
448	188	86	82
443	188	86	83
439	189	85	82
433	190	85	83
429	190	86	82
425	187	86	83
422	187	85	81
418	184	85	82
415	182	84	80
414	179	85	81
413	179	84	78
413	178	84	79
412	178	84	78
411	176	84	78
411	177	83	77
411	176	84	78
411	177	84	78
411	177	84	78
412	177	83	78
414	176	84	79
416	177	84	79
418	177	84	81
420	179	85	80
423	177	85	83
425	177	86	82
426	176	87	83
431	176	87	84
434	175	87	83
439	174	86	83
443	173	86	81
447	172	86	82
452	172	86	82
457	169	87	83
464	166	85	84
468	165	84	86
473	164	91	89
477	162	92	94
482	164	92	97
483	160	93	102
482	160	97	101
486	157	99	102
488	153	100	101
494	147	95	98
499	141	95	96
505	133	92	100
508	134	91	100
513	132	88	99
514	130	89	99
517	130	89	98
517	130	91	100
518	130	90	101
520	129	89	101
520	132	91	103
519	131	89	101
518	133	91	103
516	134	91	104
515	135	90	103
516	137	89	104
515	139	90	106
516	139	91	102
516	141	91	101
517	141	91	104
516	143	91	102
517	145	91	98
517	146	90	98
516	148	90	94
517	147	89	93
516	150	88	85
515	154	86	81
513	156	86	83
511	157	86	82
507	158	86	90
505	159	87	87
501	163	85	88
500	164	86	88
496	166	86	88
495	167	86	88
493	169	86	86
490	171	85	85
489	171	86	86
487	171	86	90
487	169	86	87
485	174	84	86
486	172	84	85
483	174	85	85
485	173	84	84
483	176	85	88
484	175	85	89
483	176	85	86
483	178	84	86
483	178	84	88
482	179	86	89
484	176	84	90
485	175	84	89
486	174	84	91
487	173	85	92
487	172	83	88
488	172	82	83
488	174	81	80
490	175	81	80
491	173	81	80
492	174	82	79
494	174	81	79
494	174	83	82
495	172	82	83
496	170	84	85
497	167	84	90
497	166	84	94
496	163	86	103
496	159	84	102
497	157	85	99
496	156	88	102
497	155	85	99
497	155	85	98
498	155	84	98
497	155	85	97
497	154	85	96
498	153	86	97
498	152	86	101
496	152	87	102
496	152	86	97
498	155	89	99
498	149	87	98
501	152	87	96
502	148	86	100
503	147	88	100
504	144	90	102
506	143	90	102
508	140	90	103
511	137	91	104
513	135	92	104
514	132	91	103
518	130	93	105
517	127	93	106
521	123	94	105
523	119	91	106
525	118	91	106
527	116	92	107
526	113	92	107
528	112	92	109
527	109	92	109
528	106	91	108
526	106	94	110
524	102	95	110
523	100	97	113
521	96	95	109
518	97	96	111
517	95	97	108
516	94	94	109
512	92	96	109
508	93	95	108
504	90	97	108
500	89	98	111
497	89	96	111
490	87	96	107
486	87	96	107
483	85	93	108
476	84	95	108
470	84	95	111
463	82	97	107
458	82	94	108
456	80	93	111
450	80	94	108
449	79	93	111
445	78	94	110
445	78	92	109
443	75	92	107
442	78	91	106
439	74	90	101
437	77	88	100
435	74	87	97
434	78	88	93
431	78	89	90
431	77	87	91
430	77	88	92
430	76	86	95
429	74	87	97
430	74	86	97
429	71	86	95
428	73	87	95
428	72	87	98
429	68	85	98
428	70	88	97
429	70	88	99
431	68	88	99
431	70	91	104
434	66	92	107
436	67	93	107
439	66	94	109
441	67	97	107
443	67	99	105
453	66	96	104
457	67	97	109
463	67	98	110
466	66	103	104
477	65	99	107
485	62	97	111
496	61	93	104
502	61	95	113
509	60	98	110
515	57	97	112
520	55	96	115
525	54	96	114
530	53	95	119
533	52	96	119
535	51	98	118
538	51	97	118
541	49	97	120
543	48	96	119
546	49	95	118
547	49	96	118
549	48	95	117
549	50	95	116
550	47	94	117
553	48	94	117
552	46	93	116
553	46	95	116
553	45	93	113
553	46	94	115
554	44	94	111
554	47	96	112
553	43	94	111
554	48	97	113
553	43	94	112
554	46	96	113
552	42	94	113
553	47	94	112
553	42	92	110
553	47	96	110
552	45	94	117
552	46	93	112
550	46	95	116
546	45	95	116
543	46	97	118
542	46	94	121
535	47	96	123
533	47	98	124
525	46	101	124
529	49	102	124
517	47	102	124
517	47	95	125
511	47	96	120
504	47	99	121
498	46	104	125
495	47	103	124
490	47	102	122
489	49	97	120
483	49	100	118
483	47	98	116
476	48	102	119
471	44	102	118
469	46	99	120
468	43	100	120
467	42	98	119
464	43	100	122
463	41	101	124
461	41	102	124
460	40	101	124
461	41	100	124
459	39	99	125
460	39	100	124
461	38	97	122
463	40	96	119
464	40	96	118
467	40	96	120
468	43	97	120
473	46	97	124
472	45	99	123
475	49	101	125
478	48	98	126
483	51	101	124
487	53	100	126
491	53	100	127
495	55	99	125
501	58	100	122
504	61	102	122
504	58	102	123
507	63	100	124
509	62	98	121
512	64	99	122
513	63	100	120
514	65	98	119
515	66	98	120
515	65	96	115
516	70	96	116
516	69	95	116
516	70	95	113
514	73	96	113
510	78	99	114
507	82	101	116
504	96	103	114
500	97	100	115
499	108	96	113
497	117	99	114
498	128	95	116
499	135	94	118
497	146	94	117
498	157	92	117
498	166	93	118
497	176	94	117
497	188	95	118
497	198	96	117
497	209	94	116
497	220	94	117
496	228	97	117
496	238	95	117
493	246	95	115
492	252	95	117
490	259	96	117
490	263	96	119
487	268	97	119
488	271	93	118
486	272	95	120
484	273	96	119
484	274	96	121
483	273	94	117
482	273	91	117
481	273	89	116
479	278	94	118
475	276	93	119
476	278	94	120
475	279	93	119
475	278	92	116
475	277	91	118
474	277	91	116
475	276	89	114
474	276	91	118
473	275	89	114
474	275	86	112
474	275	86	113
475	274	85	114
474	273	85	114
474	272	86	116
473	271	86	118
474	271	86	120
473	270	86	120
473	273	91	120
474	269	86	104
475	264	84	110
475	263	86	111
475	260	86	112
476	258	86	105
478	261	85	118
476	255	83	91
478	256	79	86
478	254	78	84
478	253	78	85
479	251	78	86
479	252	77	84
480	251	77	84
480	251	77	84
480	251	77	83
480	251	77	83
480	252	77	82
480	252	77	81
480	253	76	80
479	252	76	80
480	252	76	80
478	252	77	80
479	253	77	82
480	253	76	87
480	251	78	85
479	251	78	86
479	249	79	89
480	249	80	91
479	248	80	94
479	248	81	96
478	248	81	98
478	247	81	101
478	247	81	108
476	243	85	114
476	243	84	116
477	242	84	115
476	243	83	114
475	264	90	102
477	248	83	105
470	274	98	90
474	260	92	101
473	250	86	106
476	243	83	105
470	261	94	100
475	243	84	108
472	262	95	98
474	243	90	109
480	241	88	116
472	264	102	98
477	244	94	112
476	243	92	114
477	244	93	114
477	245	92	111
475	243	93	111
478	240	89	112
478	240	89	113
477	239	87	111
475	242	86	111
471	240	88	109
468	243	88	112
465	241	92	111
465	244	92	113
463	241	92	112
465	240	90	110
468	239	89	109
470	238	87	108
472	238	89	112
472	236	86	110
471	235	87	111
472	234	87	110
472	232	87	112
472	231	87	111
472	230	86	110
472	229	86	112
471	229	85	109
470	230	86	112
469	229	87	110
470	229	86	111
472	229	86	111
472	229	88	113
472	228	88	112
473	228	86	110
473	227	87	112
473	226	87	111
472	226	87	113
474	226	86	113
475	226	85	111
474	227	87	113
473	228	86	111
474	228	88	113
474	229	85	112
473	229	87	111
474	228	86	112
474	228	86	110
474	229	88	112
474	229	85	109
475	231	87	112
474	230	86	110
475	231	86	112
475	232	85	110
477	233	84	112
479	234	86	111
480	235	89	110
477	234	96	108
478	232	94	109
477	234	106	108
474	231	100	105
478	236	102	104
474	235	107	101
481	241	113	102
481	249	126	95
487	250	118	95
489	245	112	98
491	248	115	93
493	245	113	95
489	242	118	97
482	237	124	98
495	241	119	98
481	237	128	96
509	244	109	88
501	240	113	84
505	237	112	87
470	230	89	88
471	231	76	87
471	232	77	85
471	232	74	86
471	232	72	86
472	232	69	86
471	232	70	86
471	233	69	87
470	233	69	88
470	233	68	88
470	233	69	88
470	232	68	88
471	232	68	88
471	234	67	88
472	233	67	89
471	233	68	88
472	233	67	88
471	232	69	89
471	233	69	89
471	233	67	89
469	231	69	90
470	231	68	91
470	231	68	90
470	229	69	92
470	228	70	91
470	229	69	91
469	227	71	93
470	227	72	93
471	227	71	93
471	227	70	94
471	226	71	92
472	225	70	93
472	225	70	92
473	224	69	91
473	225	69	89
473	224	68	88
473	224	66	88
474	223	66	88
474	223	67	88
475	224	67	87
476	224	69	87
475	224	69	87
477	223	70	86
475	223	78	86
477	223	86	87
474	224	85	86
476	223	81	87
476	224	80	87
476	223	81	86
477	223	82	88
476	224	79	87
479	224	81	87
477	224	88	86
478	224	93	88
477	224	89	86
476	224	89	85
477	224	95	86
477	225	109	86
481	223	110	89
480	222	115	89
482	222	117	90
482	222	121	96
482	222	120	96
483	221	113	96
481	220	116	94
480	217	120	98
479	214	121	104
481	213	119	102
478	211	121	104
478	209	122	107
478	208	127	105
474	208	125	109
476	207	122	104
473	204	125	105
474	203	126	102
471	203	124	100
471	203	122	101
471	203	122	104
469	202	127	103
469	203	123	107
470	201	126	105
468	202	122	112
468	201	126	109
468	201	126	109
466	200	126	110
467	199	124	112
466	198	125	113
466	199	124	112
466	199	123	114
466	199	122	111
465	200	122	112
464	200	122	113
465	200	120	110
463	200	120	111
464	199	119	114
462	200	120	112
464	199	119	114
464	199	117	114
463	198	118	113
461	198	119	116
462	199	117	115
461	198	116	116
460	198	117	113
459	197	115	113
458	198	116	110
457	197	115	107
461	196	114	100
461	200	111	107
453	197	115	108
453	196	117	101
456	197	113	106
452	196	115	104
452	194	117	102
453	195	114	109
450	193	116	105
450	195	117	101
453	192	115	98
452	194	113	109
449	191	116	101
449	193	116	104
450	192	114	107
448	187	115	103
449	189	113	105
450	190	112	104
451	190	110	106
447	191	113	108
446	190	113	107
446	191	113	100
444	188	112	96
446	190	108	102
447	189	107	106
447	188	109	109
441	186	112	102
450	191	103	105
441	188	111	102
444	188	106	104
441	187	107	99
451	190	100	102
438	188	108	102
446	187	103	102
442	188	103	95
444	188	101	106
430	186	112	97
448	192	95	118
435	189	107	110
436	190	107	103
433	190	108	105
431	189	109	97
441	195	99	107
433	192	106	105
437	190	104	104
435	191	103	105
437	190	102	107
433	189	105	105
436	190	101	108
435	190	102	107
432	190	104	105
434	189	103	107
429	191	106	108
431	189	106	108
429	191	106	113
437	192	101	114
429	191	108	113
434	191	106	115
432	190	107	113
440	191	100	116
435	190	105	112
445	190	98	114
440	189	103	114
441	187	107	114
446	188	105	115
444	189	105	115
447	186	107	117
450	188	105	116
446	187	110	115
450	186	109	115
446	186	113	115
453	185	109	116
452	186	110	115
448	185	114	116
450	185	113	118
454	185	110	118
453	187	112	116
453	186	114	115
456	185	114	116
461	185	111	117
463	185	113	118
459	183	123	118
462	181	127	119
469	182	126	116
477	183	122	115
481	183	124	118
486	184	125	118
493	186	127	115
500	186	134	116
506	197	139	108
515	191	145	115
517	196	151	112
510	224	121	100
516	235	91	87
520	236	92	82
523	238	93	83
527	240	93	83
533	245	92	83
538	247	92	83
541	249	93	84
546	252	92	83
552	253	91	82
555	255	91	81
558	257	89	80
558	258	90	80
557	256	91	82
556	252	93	83
552	247	91	84
546	243	90	85
540	240	90	86
532	234	87	87
523	229	84	87
505	224	88	88
488	223	90	90
470	222	93	90
452	226	97	88
438	230	99	89
424	239	99	86
417	245	100	86
413	252	97	84
414	258	89	78
414	260	92	74
416	256	97	78
420	249	98	85
433	240	97	93
448	232	95	94
467	228	95	91
493	228	96	92
511	231	100	92
525	239	104	91
541	249	101	89
549	259	102	87
558	268	96	81
565	272	91	74
566	272	89	75
560	265	94	80
552	256	96	83
534	244	99	89
522	233	93	90
504	230	91	90
484	229	93	91
463	232	98	90
440	241	104	93
431	252	103	91
427	263	105	89
426	272	97	80
427	274	96	76
435	268	99	80
445	256	103	89
462	246	100	92
484	234	98	94
509	230	95	90
537	232	95	93
556	239	100	90
568	249	100	92
583	261	97	86
586	273	98	81
591	277	95	76
585	273	100	79
576	264	98	83
564	252	98	89
551	240	94	91
525	229	93	92
500	227	94	91
477	229	98	91
456	237	103	90
440	245	104	88
428	259	108	93
425	271	100	85
423	278	97	78
425	280	99	76
434	276	100	82
450	259	103	88
471	245	100	90
495	234	97	92
522	228	94	90
547	230	96	89
571	238	97	88
582	247	97	84
593	256	92	80
598	263	90	80
597	266	92	77
592	264	92	78
582	256	93	82
572	245	94	87
558	233	92	89
539	223	92	92
512	218	96	92
490	219	98	91
471	224	101	89
457	232	102	89
448	241	101	91
440	252	101	87
440	260	95	81
441	261	92	76
446	257	97	80
453	246	99	91
475	234	98	89
493	225	97	90
518	221	91	89
539	223	92	89
555	228	95	88
569	237	94	87
580	247	95	86
586	255	93	80
589	258	92	78
587	257	93	79
584	251	92	82
577	244	92	86
567	235	91	89
555	228	91	90
543	224	90	89
533	221	86	91
519	222	85	92
506	225	84	95
490	229	92	100
479	233	93	103
468	237	93	97
463	241	90	95
461	244	90	94
458	243	92	94
458	242	91	97
461	241	90	100
466	237	90	95
472	234	90	96
483	230	86	93
495	227	84	93
509	228	82	92
522	229	85	90
531	232	89	93
537	237	94	92
543	242	95	90
549	248	92	87
550	249	92	85
553	250	90	84
549	251	92	85
547	248	93	89
544	244	93	91
540	239	92	92
536	234	91	91
529	230	91	91
521	223	94	92
511	216	93	98
505	213	92	94
493	208	95	95
487	201	92	95
472	194	96	94
459	187	101	98
446	179	101	97
438	169	102	100
429	161	105	101
426	150	103	103
428	140	99	106
432	131	96	96
439	123	93	96
447	116	93	89
459	113	90	88
468	107	90	86
488	104	88	85
500	98	91	84
513	97	88	82
523	93	90	81
532	90	93	81
538	86	92	82
544	81	91	85
546	78	93	87
548	75	95	87
549	72	93	88
549	69	90	85
547	68	90	91
543	66	89	95
539	64	84	96
533	60	83	99
525	56	84	99
518	55	83	98
510	52	83	97
502	54	82	94
493	52	82	95
484	48	83	90
478	48	82	91
472	46	84	90
471	45	81	90
469	43	81	90
466	42	81	89
464	39	81	90
462	35	80	93
461	29	81	96
461	23	82	98
460	22	84	97
463	21	84	90
461	21	86	90
462	20	86	88
461	22	86	90
460	20	91	86
462	20	90	87
463	20	90	83
465	19	91	80
466	20	90	77
468	19	91	78
469	20	92	85
471	21	94	92
476	22	92	99
477	24	95	107
479	37	95	104
482	46	94	102
484	56	93	100
485	64	95	101
489	73	95	104
493	85	95	102
497	97	93	97
502	103	91	100
504	110	90	99
505	111	90	103
504	118	89	100
504	120	88	98
501	126	87	93
498	130	88	93
493	132	90	93
489	139	89	93
486	139	88	94
481	143	86	96
475	149	87	94
469	151	87	96
465	157	85	94
460	161	86	95
455	161	87	96
451	166	86	94
451	167	83	92
449	169	83	91
448	170	82	90
448	171	81	90
448	172	82	90
448	172	83	88
449	170	83	90
450	169	85	91
453	169	84	91
455	169	84	92
457	168	86	94
462	169	86	94
465	168	88	96
469	165	89	95
474	161	87	95
479	160	86	94
483	159	85	91
485	158	86	91
489	157	84	92
490	156	84	93
491	157	84	90
492	157	84	94
493	159	83	91
491	163	84	91
490	165	85	92
487	165	88	93
484	165	89	92
482	165	88	92
479	164	89	94
477	163	90	91
474	161	90	94
471	158	91	94
469	153	91	95
465	148	91	97
462	144	92	95
460	145	92	95
456	141	96	99
455	137	95	102
454	135	95	100
453	133	94	99
452	132	94	98
451	129	95	102
451	126	95	104
450	125	96	103
451	125	97	105
450	124	99	106
448	124	102	107
450	123	102	110
451	124	103	112
455	124	102	114
461	124	102	115
463	126	104	115
469	125	106	113
475	121	105	116
479	118	107	114
483	117	108	116
488	115	106	112
490	114	107	111
491	111	108	113
492	108	111	114
492	107	110	116
493	104	110	117
492	103	110	117
493	101	109	118
492	101	110	120
491	101	111	122
486	105	114	124
483	114	116	129
480	128	115	126
478	138	117	130
476	148	118	130
475	158	119	129
472	164	122	132
470	169	123	136
467	174	124	137
465	178	125	137
460	179	129	135
459	180	130	135
455	181	135	138
451	180	138	141
450	181	138	143
450	182	137	145
448	184	139	144
447	185	136	149
447	185	137	149
444	186	140	150
442	188	141	151
442	191	139	153
440	192	142	154
441	196	140	154
439	197	142	154
440	200	142	155
439	201	141	153
438	204	141	154
436	207	141	151
436	209	142	150
435	210	140	150
434	211	140	150
432	211	143	149
432	211	140	149
432	212	140	150
431	214	138	148
431	215	139	151
431	217	139	148
431	219	137	146
431	219	138	146
431	219	140	144
432	219	142	140
434	220	144	140
436	222	142	135
434	224	142	132
436	223	142	138
441	224	139	137
440	224	142	137
443	223	140	137
443	222	140	138
443	222	140	137
443	223	140	137
444	225	140	136
441	225	142	137
442	226	141	136
441	227	142	136
440	226	143	137
440	227	143	136
439	227	143	136
439	227	142	137
439	227	142	137
437	227	143	137
436	227	143	137
437	228	142	136
436	229	143	137
435	228	144	138
435	230	144	137
434	230	144	139
436	232	145	137
436	235	145	135
437	237	145	138
439	239	146	140
439	241	145	138
438	242	146	140
441	243	146	138
440	244	146	139
441	245	146	138
441	245	147	139
440	244	148	141
440	244	147	140
442	245	146	140
441	244	147	139
442	245	147	140
440	244	147	140
442	245	146	140
442	244	147	141
442	245	146	141
442	245	146	140
442	244	146	140
443	244	146	140
441	243	147	139
441	242	148	141
440	241	148	139
439	239	149	138
439	239	147	142
438	238	149	140
437	238	150	141
438	239	149	141
437	239	150	141
437	239	150	142
437	240	150	142
437	239	151	143
438	239	150	143
438	241	149	142
438	240	150	142
439	241	150	142
439	240	150	142
440	242	150	142
439	241	152	143
440	242	152	141
439	241	152	142
440	240	150	142
442	239	148	143
442	238	149	144
441	238	148	142
441	238	148	142
442	238	148	141
441	237	147	139
441	237	147	139
440	237	147	140
441	235	147	140
442	235	148	139
442	234	147	140
443	234	146	139
443	234	146	140
443	234	147	140
443	236	147	139
442	235	147	140
442	236	147	139
442	237	146	137
441	238	147	138
441	239	147	138
441	239	147	139
441	239	148	139
442	242	147	138
442	240	148	139
444	241	148	139
445	241	147	140
445	239	149	141
447	239	149	141
448	238	147	141
449	235	149	142
450	236	148	141
452	235	147	141
453	235	147	142
452	234	148	142
454	233	147	141
455	234	146	141
455	234	146	141
455	233	146	141
456	232	146	142
455	231	147	142
455	228	148	141
455	227	147	144
456	226	147	142
455	225	147	142
454	224	148	141
454	223	148	141
454	221	147	143
454	219	148	143
454	217	143	144
457	214	132	143
455	212	127	143
450	217	122	131
452	209	115	136
452	211	117	132
451	216	119	127
443	216	137	140
449	204	170	150
450	199	189	161
450	189	197	171
443	197	191	163
435	210	161	152
437	210	149	145
447	210	140	140
450	214	138	133
460	214	131	136
456	215	136	139
453	216	139	139
446	217	143	144
444	217	147	149
441	218	149	149
444	219	146	150
442	220	147	151
443	221	148	154
442	222	149	148
442	224	151	145
442	225	150	143
444	225	148	143
445	226	148	144
445	226	147	143
445	226	147	144
445	226	147	144
444	225	148	143
443	225	149	144
443	224	149	143
443	225	148	144
441	225	149	141
442	225	148	142
441	226	148	140
439	225	149	140
439	224	149	141
437	224	150	140
437	223	149	141
437	224	149	141
436	223	148	141
437	223	149	140
436	223	150	140
437	223	148	141
437	221	149	141
436	219	150	146
439	217	148	148
437	214	146	143
438	214	144	149
442	211	139	154
447	210	139	156
451	209	147	160
444	208	179	175
439	208	201	184
439	204	207	179
438	210	208	185
441	204	213	173
445	212	214	174
438	210	209	164
439	219	211	167
438	211	219	164
449	216	209	172
445	210	210	165
451	215	201	167
455	208	207	168
449	209	208	170
457	205	211	170
460	206	215	164
470	210	214	159
454	202	239	162
425	191	159	150
434	189	137	155
439	187	140	154
437	183	150	157
435	180	159	157
433	174	164	153
431	169	165	155
432	164	163	155
430	160	162	155
429	157	160	156
429	155	159	155
429	153	158	154
430	151	157	155
429	151	156	156
432	152	151	155
431	151	151	155
433	152	148	154
434	153	147	153
436	155	147	152
438	157	145	153
439	161	144	149
439	164	144	146
446	170	138	141
452	175	135	140
457	180	134	139
465	187	131	137
471	192	128	135
475	196	128	134
478	198	128	134
482	199	130	135
484	199	132	136
487	197	132	136
489	195	130	133
491	192	129	135
493	190	126	132
493	189	124	134
494	189	123	133
493	188	122	132
492	189	122	131
491	191	121	129
489	195	121	127
486	198	121	127
483	210	117	119
480	214	118	119
479	220	116	116
477	222	114	117
473	227	116	117
470	228	113	119
469	228	114	120
469	228	113	119
467	229	112	118
468	230	110	116
468	230	108	116
468	231	105	115
467	233	104	113
467	234	105	113
466	234	105	113
468	236	99	110
467	238	94	109
468	239	95	104
471	236	98	106
469	237	96	102
473	235	102	101
474	238	97	97
477	236	103	101
476	238	97	100
479	235	102	102
477	239	100	98
481	235	100	100
482	239	100	95
485	238	104	99
486	237	106	100
490	240	109	99
493	240	103	97
501	242	107	97
505	244	108	99
513	242	120	108
520	245	138	113
515	239	134	120
526	244	132	115
526	241	131	117
530	243	138	119
533	239	146	125
554	241	143	120
550	232	146	124
547	229	146	124
550	224	145	124
550	217	149	123
545	213	148	122
555	209	140	122
542	197	147	127
547	200	136	121
545	184	132	128
544	180	123	126
543	175	113	120
542	172	113	117
541	170	114	116
540	172	112	109
538	172	111	109
535	177	114	108
530	176	115	110
529	182	121	106
531	183	126	104
526	184	127	106
522	183	128	109
518	186	128	108
518	187	125	107
514	186	126	105
508	189	123	104
506	190	122	104
503	192	123	102
500	191	124	105
497	192	121	103
500	195	118	97
493	195	120	97
494	197	118	97
493	197	122	99
494	198	124	103
491	198	127	109
489	198	129	113
483	199	136	121
479	200	137	125
476	202	140	126
477	204	137	129
472	204	140	131
470	203	143	134
469	204	141	132
469	206	130	127
471	208	126	123
479	208	117	119
474	208	111	117
481	206	103	113
487	208	97	114
487	209	97	117
490	210	99	114
490	210	99	116
493	210	101	117
497	211	101	116
502	211	99	117
507	211	97	116
511	214	98	118
516	213	96	119
516	213	97	121
520	214	96	124
523	212	94	126
522	214	97	124
527	215	97	122
531	217	94	121
534	214	94	122
536	215	95	117
534	218	97	116
537	217	96	115
538	217	95	113
539	216	95	112
540	220	94	113
542	220	95	114
542	221	95	114
544	222	93	112
544	223	93	108
548	225	90	107
548	226	87	107
549	225	87	105
550	225	88	107
553	224	85	97
555	224	83	98
555	225	85	90
558	224	82	97
557	225	82	93
557	223	82	93
556	224	83	96
558	225	83	89
557	225	83	97
554	223	85	94
556	222	83	96
553	220	88	99
548	220	90	100
547	219	91	104
542	219	92	108
541	218	92	109
539	218	91	111
533	218	95	113
529	217	98	118
525	215	99	117
520	214	101	120
516	212	102	123
512	210	103	128
509	205	105	127
505	203	106	127
500	200	102	125
492	205	105	116
490	205	102	118
485	205	102	121
482	201	102	121
471	194	108	121
466	197	107	121
461	190	105	126
458	186	111	129
460	187	112	127
453	195	112	121
456	191	106	119
462	194	98	113
462	191	95	102
460	193	97	101
461	191	98	102
459	189	100	102
460	191	99	100
460	189	100	105
461	188	99	104
462	188	99	105
464	188	100	105
464	185	101	110
465	183	99	111
467	184	98	111
470	182	99	109
471	181	102	111
472	180	102	115
475	179	102	118
479	178	103	118
484	176	103	119
485	174	104	121
489	172	105	118
493	171	104	117
496	171	105	119
502	167	103	119
504	167	102	124
506	164	103	123
508	164	102	123
513	161	101	120
516	163	102	115
517	160	104	119
519	161	105	120
522	158	104	124
525	157	102	126
525	155	104	130
525	152	104	127
527	153	104	112
528	154	104	109
527	153	106	111
526	150	105	108
527	150	104	112
524	147	106	112
524	146	104	118
522	142	106	118
517	143	106	115
515	141	107	111
512	139	105	111
511	136	105	110
507	132	104	115
502	129	104	112
501	128	103	111
500	126	102	110
497	124	102	102
496	125	103	104
495	122	103	109
493	121	106	113
491	120	107	113
491	120	109	115
489	118	111	113
488	118	111	108
487	121	110	102
485	120	112	105
485	120	114	110
482	119	112	102
481	119	116	110
479	120	117	110
479	119	119	107
477	120	120	108
477	120	120	108
477	122	122	109
475	121	123	110
476	124	123	108
476	125	122	105
476	128	120	104
477	129	119	106
477	131	115	105
478	134	114	105
478	136	113	106
479	140	114	104
479	146	113	102
478	151	114	103
478	154	113	103
478	157	114	104
480	161	113	103
483	163	112	104
490	166	108	104
495	168	108	104
500	172	107	104
504	173	108	105
513	177	105	103
516	178	107	104
521	181	107	105
527	183	105	105
532	186	106	104
542	190	103	105
547	193	104	106
553	195	105	107
559	198	108	107
567	199	107	104
574	199	108	103
583	198	110	105
591	198	111	102
601	198	109	101
609	198	105	101
616	199	102	98
623	199	102	98
626	200	102	96
630	202	102	94
632	202	101	93
636	202	100	93
637	202	101	92
639	202	101	92
639	201	100	92
640	201	100	91
640	202	101	91
638	204	101	92
636	206	101	92
635	208	100	92
634	209	99	92
633	210	98	92
630	211	97	90
628	210	96	91
626	210	96	91
625	210	96	91
623	210	96	90
622	210	95	90
622	211	94	88
622	212	93	87
623	212	92	87
621	213	92	86
622	216	92	85
622	217	92	86
623	218	92	86
625	221	92	86
626	224	92	88
629	229	91	86
633	232	91	86
634	234	92	87
638	237	91	87
641	239	91	87
647	243	89	85
651	245	88	87
655	246	88	85
659	247	87	86
661	250	88	85
666	255	87	85
668	257	87	85
670	262	87	84
672	265	86	83
674	266	86	82
676	267	85	80
678	267	84	81
678	266	84	80
680	266	84	80
682	265	83	80
683	266	83	80
683	268	82	81
682	268	83	81
680	270	83	80
679	271	83	80
677	273	83	82
678	276	81	79
677	276	81	79
675	276	80	79
674	276	81	79
676	277	80	78
677	276	82	78
676	277	85	77
678	276	86	80
681	275	85	80
682	273	84	81
682	271	84	80
680	271	84	81
679	271	84	81
677	272	82	80
675	271	81	80
675	270	81	77
676	271	80	76
676	270	79	74
677	271	78	75
678	271	78	72
678	270	76	72
677	269	77	75
674	268	75	76
671	270	74	77
669	271	74	80
667	271	75	78
666	272	75	79
665	273	76	79
663	273	77	82
662	269	78	89
661	268	80	91
658	266	83	93
654	264	83	94
652	264	83	95
648	262	83	97
645	260	82	97
639	260	82	96
633	260	86	100
626	257	89	99
619	257	89	100
612	257	90	99
606	257	90	97
599	258	87	94
592	257	83	97
582	257	81	98
574	259	79	95
563	259	81	98
554	259	82	102
545	260	82	107
537	261	78	100
534	261	80	104
528	265	78	102
524	262	78	97
517	261	79	102
516	260	79	96
513	259	79	102
510	262	80	104
506	261	81	103
503	260	79	104
503	258	79	99
501	257	74	87
499	260	72	81
499	259	72	83
498	259	69	78
498	260	68	77
496	259	68	77
497	260	66	76
494	260	69	77
493	261	67	76
493	261	68	76
493	260	68	78
494	259	67	78
494	260	66	77
495	259	67	79
496	259	68	80
495	258	70	82
497	258	70	83
498	257	72	83
501	256	72	86
505	255	73	84
508	254	73	84
511	252	72	86
516	251	72	84
520	250	72	82
523	247	72	83
525	245	73	84
528	245	73	85
530	244	73	86
532	242	72	86
534	243	72	86
536	242	73	85
537	241	73	85
537	240	73	84
539	240	72	84
539	238	73	84
540	237	73	84
539	237	72	83
539	235	74	86
538	235	74	84
538	234	74	84
535	234	76	84
533	234	77	84
530	230	79	87
528	229	79	87
526	227	80	86
523	224	80	86
521	222	79	87
518	221	81	85
517	219	80	84
514	218	81	85
513	216	81	86
510	214	82	84
508	212	83	85
507	209	83	86
504	207	84	84
503	205	84	86
503	205	83	86
501	203	84	86
501	203	82	85
501	203	82	84
499	202	83	85
500	199	82	87
500	199	83	87
499	198	83	87
500	196	84	88
500	196	85	88
502	195	85	88
503	193	86	90
504	192	85	89
505	189	86	89
505	187	88	89
507	185	89	92
508	184	90	92
509	182	90	93
510	181	91	94
512	179	90	95
514	179	90	95
514	178	90	95
516	177	90	95
517	177	89	95
517	177	89	93
517	176	89	92
518	175	89	94
518	176	89	93
518	176	90	95
518	177	89	94
517	177	90	95
517	178	88	95
517	177	88	96
516	180	87	93
514	180	88	94
511	182	88	93
510	182	89	92
509	183	89	92
506	186	88	89
504	186	88	89
503	187	87	90
501	189	86	89
498	190	86	90
495	192	86	90
491	194	86	89
490	197	86	88
487	199	86	88
485	200	85	88
484	200	85	88
480	202	85	87
479	203	84	88
478	202	85	88
476	203	85	88
475	203	84	86
475	203	85	88
475	203	83	87
474	204	84	87
474	205	83	87
475	204	83	88
476	203	83	91
477	204	84	92
479	204	84	92
480	205	86	93
484	206	86	90
489	209	85	92
494	208	84	89
499	212	82	92
501	211	84	96
506	214	84	95
511	215	85	92
517	217	81	93
521	219	79	95
524	221	80	91
528	222	79	90
531	223	78	88
535	223	78	89
537	226	78	87
541	226	77	88
542	229	76	85
544	228	75	86
545	229	75	87
546	231	74	86
546	230	74	85
546	234	74	83
546	233	73	83
547	234	73	83
547	235	71	82
546	236	71	82
544	236	70	82
544	236	69	82
542	237	70	81
540	237	70	82
537	237	70	82
535	237	70	83
532	237	69	82
530	238	68	82
528	237	68	81
526	238	67	79
525	240	67	77
522	241	67	76
520	242	67	75
518	242	67	76
517	242	66	76
512	242	67	75
511	242	67	75
509	245	65	73
506	248	66	70
506	246	66	72
503	245	66	73
500	245	69	73
500	244	68	73
499	243	67	74
498	243	67	75
499	243	66	76
499	242	67	77
499	242	70	78
500	244	68	77
501	246	69	76
502	246	69	77
504	246	68	77
505	249	68	78
507	248	68	76
510	249	69	78
513	252	69	79
517	251	67	77
520	253	68	77
522	253	68	77
524	252	68	75
526	253	68	76
528	254	68	76
530	254	68	78
532	255	67	78
534	254	66	78
536	256	67	77
537	256	67	78
538	256	67	76
540	257	66	77
542	257	66	76
543	259	65	75
544	259	65	74
544	260	65	75
546	261	65	74
547	260	63	74
547	261	64	74
548	261	64	75
548	262	65	76
548	262	65	74
547	262	65	74
548	261	64	75
547	262	64	75
547	261	65	74
547	261	65	75
546	261	65	74
545	261	65	75
543	260	66	76
542	261	65	75
541	259	65	76
539	258	65	77
537	257	66	79
536	257	65	77
532	256	66	78
531	256	66	78
528	255	66	76
526	255	67	76
524	254	67	74
521	253	66	72
521	254	66	73
518	254	66	70
516	252	67	72
515	251	67	73
514	250	67	72
513	249	66	73
513	249	65	71
512	249	65	70
511	248	64	71
511	246	65	71
511	244	65	71
511	243	65	72
511	242	66	71
513	240	67	71
513	239	68	73
517	238	69	72
518	236	69	74
523	235	70	74
526	234	70	74
531	233	71	74
535	231	72	75
541	228	72	76
547	227	73	77
554	223	75	77
561	219	77	76
568	217	79	80
575	212	79	87
583	210	80	85
589	207	82	86
595	204	82	83
599	205	83	83
605	201	83	87
611	199	84	91
617	194	85	95
621	193	86	99
624	194	86	106
625	193	90	113
626	192	92	111
628	192	90	116
630	192	90	113
632	191	88	110
633	190	88	110
635	191	88	107
635	190	87	105
635	192	90	108
632	192	87	109
632	192	88	111
624	194	91	112
617	193	99	116
610	195	100	115
602	196	105	117
593	198	107	114
584	197	103	114
576	200	100	117
561	203	100	120
545	205	103	122
529	216	102	122
510	213	100	120
490	223	102	122
447	222	109	120
430	226	106	129
417	232	111	129
404	228	115	126
391	223	118	130
359	210	110	119
345	199	104	122
336	191	106	121
324	186	110	118
315	184	107	119
298	185	107	118
294	183	110	123
283	190	109	124
275	193	106	128
267	194	104	128
243	198	101	118
234	200	101	123
229	201	98	120
220	202	101	117
213	203	101	116
208	200	100	115
205	199	98	117
202	199	96	116
196	199	96	113
192	200	95	117
185	203	98	113
186	202	94	111
182	202	96	110
181	203	93	108
181	203	92	108
182	202	91	106
182	209	91	103
184	206	89	104
183	204	90	106
185	205	92	107
185	203	92	110
186	205	94	108
190	202	95	109
195	201	97	111
200	202	97	112
203	201	100	115
213	205	97	110
219	202	96	116
230	202	97	114
241	203	99	117
258	205	98	116
275	207	103	114
297	212	100	114
306	212	101	119
333	212	100	122
365	215	102	120
384	221	103	114
393	216	101	118
409	213	98	118
422	208	97	115
450	197	100	114
461	184	96	120
469	178	98	118
479	173	97	116
489	176	98	116
501	178	97	111
510	181	96	115
519	184	95	117
529	196	100	114
535	200	101	114
544	206	99	113
551	209	96	114
563	212	98	115
574	211	98	115
586	210	100	116
597	207	100	117
607	207	104	115
617	205	93	110
621	205	97	109
628	202	96	109
638	201	94	110
644	201	97	114
654	200	98	112
664	199	98	112
669	199	101	113
679	197	96	107
686	195	93	112
686	195	95	113
689	196	94	110
691	192	90	111
685	191	93	114
680	188	94	116
672	189	97	117
666	188	97	117
661	189	98	119
654	190	103	117
646	194	104	116
634	193	105	115
629	198	102	117
617	201	103	114
605	203	106	114
592	203	108	117
580	204	107	118
564	202	116	117
550	196	120	115
541	189	111	113
536	181	111	112
531	174	111	113
527	166	105	111
527	164	99	109
529	161	94	110
525	165	94	110
517	166	96	109
510	171	98	112
501	173	102	111
485	177	103	110
461	176	107	112
445	178	105	108
426	179	107	108
406	174	113	113
385	167	115	118
372	159	115	122
356	153	124	120
344	147	126	119
339	143	123	119
337	139	118	120
328	140	113	117
325	139	103	119
317	143	106	124
313	142	108	124
310	142	107	127
307	140	104	126
308	139	100	127
309	138	100	126
311	137	98	127
318	139	101	129
327	139	106	132
340	139	104	136
357	141	100	136
370	138	99	96
388	138	96	99
401	140	100	102
416	144	100	102
431	147	100	103
451	151	99	103
472	157	97	98
492	157	97	100
509	157	99	101
527	152	99	105
542	143	102	106
553	131	104	114
573	118	98	113
587	109	101	108
605	109	99	106
620	113	101	109
638	122	99	113
653	138	105	102
669	150	104	101
686	159	108	103
703	167	107	100
722	174	106	98
741	177	106	97
757	178	103	97
764	176	103	96
770	173	104	97
776	172	104	94
781	169	101	96
783	169	101	94
783	170	103	94
780	172	102	93
774	175	100	94
759	179	101	93
747	183	101	92
734	183	102	93
721	186	104	93
702	190	108	95
664	203	107	95
642	212	110	99
617	220	107	101
594	227	110	98
567	233	108	98
522	240	106	96
508	241	99	94
498	241	97	92
487	234	91	91
481	226	90	91
471	197	88	93
472	185	91	87
471	175	90	84
471	167	89	85
469	164	90	84
464	166	88	84
455	171	89	84
447	175	88	85
434	185	90	86
418	189	92	91
386	203	89	87
370	207	88	84
355	206	88	86
341	204	88	87
331	202	89	85
318	197	92	85
317	192	86	83
314	189	85	83
313	185	85	84
311	181	85	83
310	177	85	84
310	176	85	82
310	176	85	81
307	176	85	81
305	176	85	81
300	175	85	80
298	176	84	78
294	175	85	77
292	175	86	77
291	174	86	80
291	174	87	80
296	174	89	82
302	175	90	82
312	177	92	82
326	180	90	82
342	181	92	84
357	185	90	86
373	191	92	86
390	194	93	87
407	195	93	87
431	194	96	89
448	190	97	92
465	183	94	92
475	174	96	87
488	160	93	87
498	142	94	89
505	133	94	89
511	132	92	88
515	134	92	86
517	139	94	86
523	153	92	88
524	162	96	88
528	172	96	83
534	178	96	88
539	180	97	89
550	181	96	88
559	178	96	90
563	173	99	92
572	165	95	95
570	168	109	112
575	166	118	103
574	147	128	100
568	150	140	91
577	152	100	93
579	152	94	87
570	153	98	88
561	157	98	89
554	161	98	91
545	166	101	91
536	173	103	91
518	182	105	92
500	183	110	97
483	184	110	100
466	183	111	100
446	182	116	101
426	177	110	96
418	175	103	90
405	163	103	94
400	154	100	97
401	146	99	97
397	140	96	94
397	139	93	93
385	144	97	93
377	153	101	88
368	160	100	89
349	161	103	95
333	169	107	95
315	177	111	94
297	176	107	96
275	179	112	94
251	178	105	92
236	176	108	93
233	172	101	88
225	168	100	87
218	167	98	84
213	162	93	84
209	163	92	83
203	161	93	83
197	165	94	86
193	169	93	85
188	172	95	88
183	175	94	82
183	176	94	84
184	177	91	80
185	177	91	81
187	177	91	79
194	176	91	79
197	173	96	82
208	172	96	84
215	175	99	89
225	178	104	88
234	183	108	93
251	186	105	93
266	191	102	97
282	197	103	95
301	207	101	91
333	204	102	97
352	207	101	94
373	197	103	100
388	195	106	96
409	187	104	96
428	175	107	98
439	161	111	104
451	145	113	104
467	136	113	103
486	130	107	98
501	131	107	97
508	134	117	105
517	136	124	114
525	141	132	120
535	154	139	117
578	166	121	114
604	169	117	107
623	179	113	103
640	184	114	100
658	186	112	98
676	183	109	97
684	180	113	97
693	175	108	96
697	172	106	95
699	169	105	95
701	167	102	95
701	166	102	95
695	166	105	98
689	166	106	97
674	169	117	98
652	177	116	96
635	178	132	98
615	182	137	97
594	182	139	104
570	185	141	105
541	183	147	107
527	182	142	112
506	180	131	114
495	178	117	106
485	182	115	97
478	179	109	87
473	156	108	105
466	152	106	109
471	176	114	87
479	177	111	88
493	171	99	88
500	168	98	87
506	168	98	90
509	166	97	88
512	162	95	83
513	159	96	80
515	161	97	81
511	166	98	95
508	161	103	107
500	156	111	112
489	148	112	108
482	149	107	113
476	145	107	104
467	143	107	109
463	141	115	105
456	135	110	103
455	132	104	101
447	131	104	103
438	130	105	104
430	126	106	100
423	122	102	100
414	120	103	98
407	117	103	97
396	113	104	100
385	110	114	103
373	110	116	104
364	111	109	104
354	111	105	104
345	110	105	106
337	111	104	111
327	109	105	113
320	108	106	115
313	107	105	116
304	104	106	115
298	104	109	118
296	101	108	117
294	98	108	119
294	96	107	119
294	94	107	118
293	91	108	122
295	89	109	121
296	86	111	122
299	85	111	125
300	82	115	122
304	81	113	124
306	81	115	123
308	78	115	127
309	78	116	130
309	80	115	123
306	79	118	130
299	78	121	132
289	76	127	136
274	67	131	151
256	68	139	159
240	74	143	162
223	83	150	165
217	92	149	175
215	115	155	162
221	136	156	154
234	149	153	148
247	152	166	159
263	155	172	163
281	154	179	167
299	146	182	175
312	132	190	188
326	130	202	192
338	131	210	202
353	133	212	207
366	132	218	219
375	131	224	220
383	135	228	219
392	133	233	222
398	131	236	221
407	129	234	222
410	129	237	219
414	127	233	219
417	127	232	217
418	128	228	213
421	132	225	208
423	136	219	203
430	143	209	193
433	142	205	193
435	143	201	193
439	144	193	179
441	152	187	177
456	163	171	146
465	172	162	146
472	170	155	155
479	173	149	156
484	173	144	148
492	167	139	151
498	158	138	141
505	152	134	137
514	159	130	134
522	159	126	138
530	165	121	131
539	167	115	127
543	168	113	123
548	166	109	118
551	165	107	109
551	169	101	108
548	180	99	105
544	187	97	101
541	186	95	102
540	186	92	99
541	184	92	95
545	184	91	96
552	186	92	99
559	191	92	100
564	193	88	102
566	193	87	93
567	190	84	92
566	187	85	91
563	183	82	91
556	179	83	87
547	174	83	90
538	171	83	88
529	167	82	91
520	163	82	91
513	162	77	92
504	163	78	95
495	168	78	96
485	176	80	96
476	187	78	94
466	193	77	90
457	194	78	94
451	194	77	91
444	194	75	87
440	192	74	85
438	192	74	84
436	190	72	83
436	188	74	82
435	187	73	80
432	188	72	79
430	190	72	79
428	189	73	81
426	191	72	79
423	190	71	80
421	189	73	81
420	190	71	82
418	188	73	82
419	192	70	80
417	191	70	82
416	191	71	82
415	187	72	85
417	184	71	80
419	180	72	82
424	181	72	81
428	181	75	81
433	186	77	77
441	187	76	77
454	193	74	71
461	192	76	73
470	192	77	74
479	192	79	75
493	193	78	74
520	195	77	74
533	194	77	76
545	196	75	75
554	196	76	75
561	196	76	75
570	193	74	73
572	189	75	73
578	185	76	72
583	180	76	74
591	180	76	74
600	181	76	73
605	181	76	73
611	182	76	74
615	184	76	72
619	185	77	72
622	185	76	71
623	185	76	71
622	185	76	73
618	187	77	76
615	192	76	76
609	197	76	75
607	199	75	73
605	201	75	71
602	199	75	71
600	196	76	72
595	194	76	73
591	193	77	74
586	193	76	73
579	193	74	73
571	193	74	73
556	192	77	75
544	193	78	78
533	193	78	77
520	193	78	77
507	193	78	77
486	191	78	78
475	188	78	78
468	188	75	76
462	186	73	75
456	183	74	76
447	181	73	76
442	180	73	75
435	178	73	75
429	177	73	73
424	173	74	73
420	168	73	72
416	162	75	73
414	160	74	72
412	161	74	70
411	160	75	71
407	162	74	72
404	161	75	73
402	162	76	72
402	160	76	75
401	157	76	76
402	152	78	77
403	148	79	77
406	147	79	76
407	145	80	75
407	144	80	75
408	141	81	75
408	139	81	75
410	136	83	76
411	133	83	78
413	128	85	79
416	121	85	79
418	116	83	80
419	115	82	78
419	114	82	78
419	115	81	78
417	116	82	79
415	117	82	78
415	117	83	78
414	115	84	78
414	115	83	79
415	115	83	80
415	116	84	82
414	118	85	82
413	122	88	81
412	128	88	83
412	137	89	84
412	146	91	86
411	154	91	85
409	161	92	85
408	166	92	86
409	172	90	86
411	174	90	85
414	174	91	85
419	172	91	85
423	168	92	87
431	162	91	87
437	158	92	89
446	153	93	89
456	150	94	89
468	149	94	89
483	149	93	88
493	151	92	89
502	153	92	88
511	157	91	89
518	161	92	87
529	171	90	84
535	174	91	84
543	180	90	82
550	182	89	84
559	185	89	83
569	187	87	81
573	186	87	82
577	186	86	81
580	187	85	81
583	187	85	79
584	187	85	79
585	186	85	80
580	186	83	80
573	186	83	81
565	187	84	80
550	188	85	80
537	190	85	80
523	193	85	77
509	194	85	78
492	196	86	79
476	198	86	79
450	199	83	80
432	197	85	82
416	196	85	82
404	196	83	80
391	195	81	78
386	195	77	76
383	195	79	76
381	197	78	74
382	197	78	73
384	198	78	74
388	199	78	75
390	199	79	75
396	199	79	75
405	198	77	75
413	198	78	75
431	197	82	77
441	195	82	79
454	195	82	79
467	194	83	80
480	193	81	80
500	192	83	79
511	192	80	79
520	191	81	79
528	192	79	77
534	191	78	76
541	191	77	76
545	192	78	74
548	192	78	74
551	190	80	77
556	188	75	84
556	187	76	82
559	192	72	75
555	189	71	77
549	187	74	80
544	193	71	76
537	193	71	78
527	188	74	83
514	188	78	87
501	188	80	90
488	187	80	91
458	185	80	93
443	188	84	96
427	187	84	97
415	186	82	94
411	184	76	90
406	189	74	83
407	190	74	80
405	188	75	81
412	188	77	87
417	188	81	90
430	188	79	93
438	185	83	94
450	186	83	96
465	185	83	98
477	185	84	98
489	182	87	97
506	180	88	101
521	179	86	102
536	181	84	100
546	187	83	91
555	187	76	85
553	185	76	86
546	184	75	84
538	186	75	81
528	183	74	84
517	182	75	85
509	180	74	87
500	184	77	80
496	186	75	74
492	186	78	74
490	188	76	72
484	188	75	73
477	188	75	73
468	189	76	73
456	190	76	74
437	190	78	73
426	190	77	74
418	189	76	74
414	188	75	73
414	188	76	72
417	188	77	72
423	187	78	73
434	187	76	73
445	188	77	73
458	188	78	73
475	186	80	74
488	186	79	75
500	185	79	75
510	184	79	75
518	185	77	74
525	184	76	73
524	184	77	73
519	182	77	74
508	181	78	75
492	179	79	75
463	177	79	78
448	178	79	76
436	176	80	78
426	175	80	78
420	175	75	79
417	175	71	81
417	175	73	80
418	175	74	80
421	175	75	83
428	175	77	91
437	175	77	94
444	174	81	94
452	176	81	95
461	176	82	95
469	175	81	90
474	174	79	87
477	176	76	85
480	177	74	81
480	176	73	82
476	180	72	79
471	180	71	82
464	179	73	84
457	179	75	86
449	177	75	86
441	177	75	85
435	177	73	88
429	178	73	85
423	180	73	85
422	180	72	83
420	181	74	80
420	181	73	80
423	181	75	83
429	182	76	83
437	182	75	86
444	182	74	87
451	182	74	85
458	182	72	83
462	182	73	84
466	181	73	84
468	181	73	84
469	186	74	75
471	187	74	74
472	187	74	74
472	189	74	73
471	190	74	73
469	192	74	75
468	192	74	75
464	199	74	72
462	200	73	73
458	205	72	71
450	208	70	69
447	207	72	70
445	207	72	70
444	207	73	70
445	206	72	70
448	206	72	70
454	206	72	70
459	207	72	70
465	207	72	70
472	205	72	72
483	205	70	72
491	205	71	70
499	205	72	70
507	206	72	70
516	207	70	69
520	206	69	69
518	207	70	68
511	206	70	68
503	204	72	71
491	205	74	71
463	207	73	72
449	206	73	73
433	205	75	74
418	206	75	74
403	205	76	76
389	207	74	73
365	208	71	73
357	208	70	71
351	210	68	69
348	211	69	70
348	212	69	68
349	213	69	69
355	212	70	70
360	210	70	71
365	208	69	71
370	203	69	70
371	200	69	70
372	200	69	66
373	199	69	66
374	199	68	65
373	200	68	65
370	200	67	66
366	199	68	67
361	198	68	68
354	198	67	70
345	197	68	75
335	197	68	77
324	198	69	74
316	200	67	76
306	198	69	83
301	199	66	81
300	199	65	77
298	198	66	79
301	203	68	78
306	203	67	77
311	203	68	80
316	203	69	83
322	203	70	82
328	203	70	84
337	204	71	84
344	205	73	87
357	206	69	86
369	207	69	85
379	206	70	85
387	205	70	87
392	203	67	85
393	203	67	85
391	203	64	82
383	204	65	82
377	203	65	81
371	205	65	84
368	203	65	82
365	204	66	80
366	203	66	80
370	202	67	86
377	201	69	86
386	201	68	84
398	200	67	82
409	199	68	84
420	198	69	86
432	196	68	85
439	196	71	87
446	195	70	85
451	193	72	83
455	191	71	83
460	189	70	84
464	188	72	84
469	186	74	85
474	184	73	86
478	182	73	87
480	181	72	85
480	180	70	84
476	177	72	83
467	174	73	85
459	170	73	86
454	165	74	86
447	161	75	87
441	157	77	89
437	153	78	89
436	151	77	89
436	150	77	91
436	148	78	89
437	146	80	90
440	144	82	92
444	140	84	92
452	137	86	94
463	136	87	93
472	137	88	99
480	136	93	100
483	134	94	101
490	135	90	99
493	134	87	96
488	129	88	93
480	124	92	95
474	117	91	99
468	109	92	105
462	104	92	103
456	99	93	105
450	97	94	106
446	94	93	104
441	92	95	102
436	90	94	102
426	85	99	109
424	82	95	105
418	78	94	104
417	75	95	97
414	75	98	101
413	72	102	106
418	70	101	108
423	68	102	105
425	72	102	106
427	73	101	112
427	73	102	106
425	73	103	110
426	64	100	112
425	50	103	116
421	51	110	120
413	45	121	143
405	40	124	147
401	43	124	152
392	46	128	152
378	52	126	155
369	59	129	153
363	66	132	154
356	66	133	155
359	70	127	155
356	79	129	156
357	83	128	154
360	90	124	155
360	96	126	155
359	106	128	155
360	121	130	154
361	122	124	149
363	127	120	152
365	129	121	143
367	134	121	145
374	139	119	138
379	148	122	131
384	159	124	134
384	170	123	140
386	178	121	138
392	191	122	134
399	198	118	132
408	200	115	130
413	203	114	129
416	203	113	125
419	203	111	125
416	198	112	123
410	194	115	129
398	185	120	130
394	181	122	132
385	173	116	126
390	174	108	120
393	175	105	118
393	175	104	116
397	174	105	118
405	176	102	111
412	176	102	108
417	175	101	110
423	176	107	111
432	181	111	116
437	182	109	116
453	191	127	113
458	189	132	114
463	192	130	114
464	194	123	109
456	195	121	105
445	195	113	103
426	205	109	116
370	266	174	121
397	226	143	131
384	228	145	124
372	229	141	117
364	229	133	118
322	260	159	117
349	192	109	98
355	200	95	94
360	204	91	94
367	225	85	88
376	204	94	95
383	210	95	99
394	213	93	94
408	233	102	90
417	216	92	101
428	241	108	89
436	236	95	92
439	241	95	96
447	238	87	89
450	241	83	81
451	242	80	77
443	238	81	79
431	236	82	83
413	238	86	95
397	261	116	99
407	241	115	103
397	244	124	110
372	245	140	105
358	245	134	108
331	241	137	116
326	250	122	117
308	250	124	123
293	249	132	111
290	246	113	113
271	242	96	99
265	241	93	95
262	240	89	90
256	242	88	89
255	242	87	91
258	240	85	86
260	241	85	83
262	237	84	80
264	246	83	84
257	251	85	91
253	256	95	94
230	250	106	108
226	240	106	97
218	244	107	103
186	272	125	127
200	246	130	104
173	240	116	108
165	240	116	104
172	247	120	99
166	242	109	92
169	243	96	87
175	226	88	95
188	233	96	89
204	240	99	94
221	229	99	101
219	284	128	120
192	434	176	141
220	273	184	229
165	268	275	307
179	222	291	337
196	231	296	329
218	234	286	334
234	214	281	354
241	233	290	313
258	229	273	335
258	206	268	361
269	212	258	351
265	203	253	368
268	198	244	371
269	213	238	354
269	209	236	357
272	214	238	325
269	218	244	334
278	203	234	343
284	198	246	366
294	196	247	374
308	197	248	373
319	191	254	381
335	191	255	380
350	195	259	374
362	193	261	376
374	199	265	371
382	191	267	381
391	195	280	376
395	186	292	384
401	183	298	374
403	179	305	368
392	161	323	393
384	160	331	387
381	166	333	365
380	159	331	365
378	164	327	388
378	161	321	363
368	149	329	407
366	147	331	417
369	150	328	412
373	162	331	393
384	172	331	364
400	169	335	388
426	171	333	369
438	169	347	385
456	172	356	344
471	172	363	395
504	176	355	376
516	176	375	363
526	195	378	322
542	184	379	389
550	200	361	369
560	199	373	355
553	168	341	389
546	196	381	358
542	156	350	384
536	185	367	319
544	162	346	339
530	170	354	220
589	173	251	208
595	176	200	160
617	159	122	131
622	184	111	113
621	210	107	105
626	203	113	113
628	195	118	125
634	204	108	129
638	214	115	125
644	222	111	130
647	229	108	134
652	242	104	125
653	259	106	119
644	295	112	107
649	264	112	123
642	281	118	114
639	293	117	106
633	299	125	110
615	275	118	115
614	269	120	119
608	276	116	110
604	287	115	104
602	258	107	120
604	244	113	122
607	261	106	112
609	238	123	125
613	267	122	110
622	233	123	133
628	248	125	114
636	237	123	121
642	226	127	128
641	257	129	133
645	221	123	130
649	224	130	137
654	227	121	139
656	233	122	143
645	237	134	142
633	235	143	131
612	241	131	140
580	238	141	143
564	237	147	152
545	241	149	144
531	234	143	142
388	332	154	100
365	333	121	88
360	335	100	82
362	331	84	74
363	330	82	69
367	325	80	67
371	321	80	66
376	316	78	66
381	312	81	69
386	311	83	68
391	311	82	69
394	314	82	68
396	317	81	69
396	318	82	71
392	323	82	75
384	326	85	73
370	332	90	71
356	335	93	73
340	335	96	74
328	339	96	72
316	335	94	74
303	335	94	75
293	332	94	74
287	336	90	72
283	334	92	75
281	339	93	76
284	347	93	77
286	357	97	78
291	368	99	76
299	377	97	76
305	386	98	76
313	393	99	80
325	402	98	80
330	413	100	79
337	419	99	80
342	425	96	75
343	432	94	73
336	437	98	74
328	437	101	75
319	435	103	75
307	430	105	74
296	424	104	74
286	410	103	72
278	399	101	73
275	390	100	76
271	381	101	79
269	373	102	77
268	365	102	76
271	361	102	77
274	358	103	77
278	358	104	78
284	356	104	78
292	358	104	79
297	360	106	80
305	360	107	82
311	362	109	83
320	362	107	83
327	361	104	82
328	359	106	81
328	359	107	83
319	358	106	82
309	360	106	82
293	365	109	83
279	367	111	86
263	369	111	84
249	370	109	83
236	370	109	84
217	371	112	85
209	370	108	83
204	369	108	82
204	370	105	79
202	369	106	78
207	369	105	79
214	369	103	79
220	368	104	79
227	368	105	79
232	369	104	77
236	369	101	77
235	367	103	79
232	367	105	79
223	368	104	79
214	367	103	83
197	367	106	81
184	371	106	80
166	371	103	82
149	372	102	81
129	376	103	81
114	377	106	83
104	379	106	81
96	383	105	79
90	383	105	78
90	386	103	75
87	387	104	73
88	390	108	73
89	388	112	75
98	388	112	77
107	387	111	78
117	385	110	75
125	384	110	75
131	382	109	76
136	381	109	77
141	383	106	76
147	380	103	72
144	380	105	74
141	376	107	76
137	381	106	75
129	376	110	79
124	381	108	79
118	378	107	78
114	383	106	78
110	380	106	77
109	385	105	79
107	379	106	76
113	383	103	76
120	382	105	77
132	378	105	79
147	379	104	81
164	377	105	83
175	375	108	83
191	371	107	85
203	368	107	83
215	366	106	84
230	360	103	85
239	360	104	84
249	360	104	83
256	360	104	82
262	360	105	83
270	361	105	81
275	362	105	79
278	363	104	80
279	364	105	80
278	364	107	80
278	367	107	79
274	370	106	80
268	371	109	80
265	370	109	82
263	371	108	81
261	371	109	80
262	371	108	81
267	369	107	80
274	368	109	80
282	365	107	81
293	360	106	80
302	353	105	80
312	345	106	79
321	337	107	82
330	329	107	84
339	320	105	85
342	309	106	88
343	299	108	92
336	289	113	91
334	279	110	93
329	265	110	91
325	257	113	93
321	251	112	87
317	241	109	89
313	232	117	88
312	228	113	84
312	225	110	78
313	225	106	77
316	222	104	71
314	222	105	72
313	219	106	70
314	219	106	73
317	217	107	74
315	216	108	74
318	218	107	77
322	216	103	71
318	212	106	72
319	216	107	75
322	216	102	73
323	214	102	75
327	216	105	74
333	214	106	78
338	217	106	78
340	219	109	78
344	223	116	78
353	229	123	80
362	232	128	84
368	235	143	86
503	246	144	141
503	240	143	150
502	243	146	147
500	245	146	144
498	245	148	145
497	248	148	143
500	244	146	147
496	247	147	144
499	247	144	144
497	243	146	147
499	250	144	142
498	243	145	147
499	251	145	139
499	243	146	146
499	252	146	140
501	248	144	141
498	241	146	150
499	245	146	146
495	241	148	151
495	242	147	149
496	243	147	147
493	236	148	154
492	237	147	152
493	233	148	157
493	232	147	156
491	232	149	156
490	233	149	157
488	230	151	158
488	232	150	157
486	226	150	161
485	224	151	162
486	223	150	163
484	222	151	163
484	223	148	163
484	222	148	164
483	222	150	163
482	223	151	162
481	223	151	162
480	223	151	161
479	222	151	162
478	222	152	163
477	222	152	161
477	221	152	163
478	221	153	162
479	222	152	162
479	222	152	162
481	222	152	162
482	222	151	162
482	223	152	161
482	223	153	162
484	221	153	163
483	222	153	163
484	221	152	163
484	221	152	163
484	221	152	163
485	221	152	162
485	221	153	162
484	221	153	163
485	221	152	162
484	220	153	163
485	220	153	163
485	221	153	163
485	221	153	163
486	221	153	163
487	222	154	164
488	221	153	164
490	221	153	164
492	220	153	165
494	220	153	165
495	218	153	164
496	217	153	166
496	217	153	164
497	217	152	163
498	216	152	162
498	216	152	163
499	217	152	161
498	216	154	163
499	216	154	162
500	214	155	164
501	214	154	165
501	214	154	164
503	214	155	158
504	213	155	156
507	213	155	151
508	211	153	143
508	210	152	139
509	208	152	142
507	207	153	144
507	208	152	144
506	207	152	144
505	207	152	145
504	207	153	144
503	207	152	145
502	207	152	147
501	207	152	148
500	207	152	149
498	207	153	149
497	206	153	150
497	207	153	150
497	207	152	149
497	208	152	149
496	209	152	147
498	208	150	145
498	208	150	144
499	210	151	141
500	212	153	137
501	211	152	137
501	210	154	136
504	209	153	137
505	210	153	135
506	209	154	136
506	210	154	135
507	210	153	137
506	211	153	136
505	211	153	136
504	211	153	136
503	209	153	137
502	209	154	136
501	210	154	135
502	211	153	136
502	211	154	137
501	211	153	138
502	211	153	137
501	212	153	136
502	210	153	138
502	210	153	136
503	209	153	136
504	208	153	136
507	207	152	135
506	207	152	135
507	206	152	135
507	206	151	134
507	205	151	135
507	205	152	134
505	205	153	136
506	204	152	135
505	203	153	136
504	202	153	138
504	200	153	140
502	201	154	142
501	200	154	153
501	200	155	156
500	200	152	160
500	201	151	159
499	202	149	157
499	203	148	156
500	204	148	155
501	205	148	155
502	205	148	154
502	205	148	157
502	204	148	157
501	205	147	158
500	205	149	157
498	204	150	158
497	203	153	160
496	203	153	160
497	204	154	155
497	203	152	155
498	203	146	159
498	204	143	157
498	204	139	160
498	205	147	158
498	205	149	156
498	204	150	158
498	204	150	158
497	205	153	160
495	206	154	156
495	206	155	156
495	206	155	156
495	207	155	156
495	206	154	156
494	205	151	158
495	205	151	159
494	205	151	160
495	206	151	161
494	205	151	160
493	206	154	161
493	207	155	159
493	208	154	159
493	208	153	160
493	208	154	161
492	208	153	159
492	208	152	159
492	207	150	160
492	207	148	158
491	207	147	159
491	207	148	158
489	206	150	159
489	207	152	158
488	208	152	157
488	207	152	157
488	208	150	157
489	208	148	158
489	207	145	158
489	206	143	159
488	206	144	158
489	206	143	160
489	205	144	159
489	205	144	160
489	204	144	160
489	204	144	160
489	204	143	161
488	205	144	161
489	206	143	159
493	203	141	162
496	196	141	163
498	186	140	163
499	172	142	164
500	164	146	159
500	145	150	154
499	131	155	153
497	115	156	158
497	99	155	161
494	90	154	161
491	78	152	165
487	78	155	162
484	75	155	167
481	72	156	169
477	75	161	165
473	75	162	165
472	75	157	166
471	78	151	165
471	83	145	160
471	86	143	152
473	89	136	147
473	92	133	141
473	94	132	139
474	95	131	137
475	96	129	136
476	98	125	133
475	98	124	133
475	98	122	133
474	99	121	130
474	97	121	131
474	96	121	132
473	94	121	133
472	93	121	131
472	91	120	132
470	89	120	128
470	86	118	129
469	85	117	127
469	83	116	129
468	82	116	128
469	82	114	127
467	82	114	125
466	83	113	122
464	83	113	124
463	84	112	123
461	86	112	123
459	89	110	121
457	91	110	121
455	98	109	113
455	103	108	111
453	111	106	108
452	116	104	110
449	121	104	106
447	123	104	106
446	128	101	102
445	129	102	104
444	129	101	104
443	128	102	106
444	128	101	105
444	126	101	105
445	125	100	106
448	123	99	104
450	122	98	104
452	120	98	105
454	120	97	105
456	119	97	103
458	118	96	104
460	119	94	104
462	120	95	103
462	121	94	102
465	122	93	101
467	124	93	99
467	125	92	99
469	128	91	97
472	129	90	95
475	132	90	92
479	134	90	94
482	135	90	93
486	135	88	93
490	136	87	93
493	135	86	92
495	133	85	90
496	130	85	90
497	127	83	86
497	122	81	89
499	116	81	86
497	108	81	85
498	102	81	86
497	95	81	85
496	89	82	84
496	82	82	84
495	76	82	82
494	70	82	83
493	66	81	85
492	63	80	86
491	63	79	84
489	60	79	84
488	60	78	85
486	60	79	84
485	59	78	85
483	58	78	85
481	60	76	85
480	59	77	87
477	61	77	86
475	61	77	86
473	63	77	85
471	66	76	82
470	68	77	80
469	70	76	80
468	71	76	79
467	71	76	80
466	72	77	80
465	72	77	80
465	72	77	79
465	73	77	79
466	73	78	79
466	74	77	79
467	72	79	80
467	73	77	80
468	73	78	80
468	73	77	80
468	71	78	81
469	72	79	80
469	71	79	81
470	71	80	81
472	71	80	81
474	71	80	81
477	71	79	81
479	71	79	81
481	71	79	81
483	71	79	81
486	70	79	81
488	70	80	81
490	70	80	81
492	70	80	81
493	70	80	81
496	72	80	79
497	72	80	80
499	73	80	80
502	76	80	82
504	83	81	82
507	89	81	83
508	94	82	83
509	97	83	83
511	101	85	83
513	105	85	83
514	108	85	82
515	110	85	81
515	112	83	82
514	114	81	82
513	116	77	81
511	116	74	79
508	115	71	77
508	114	71	77
510	114	79	78
504	114	88	84
497	115	95	87
496	115	103	99
496	111	115	97
485	109	123	99
478	106	124	97
471	108	125	96
467	107	121	97
462	106	121	96
460	108	118	97
452	105	120	99
454	113	114	97
451	113	112	98
448	115	115	95
443	117	114	92
439	117	114	92
434	115	114	99
429	116	118	97
426	114	118	99
422	112	121	103
424	113	120	102
429	110	117	106
432	110	116	103
427	107	121	102
429	107	117	104
433	108	119	102
437	105	119	106
433	101	122	108
445	99	119	109
449	96	123	111
446	91	135	117
443	89	141	118
471	83	132	119
476	78	130	115
482	77	129	113
491	71	127	112
499	69	124	112
503	64	127	113
505	60	126	117
505	57	128	118
506	55	127	119
507	52	129	117
512	51	125	117
517	49	122	122
522	49	123	117
521	46	126	114
522	46	127	113
521	47	133	111
523	48	131	111
522	47	130	112
524	47	127	110
528	47	127	110
527	48	129	109
527	47	131	114
528	44	136	120
527	42	137	121
527	41	135	127
528	35	141	127
527	35	141	123
529	37	140	118
533	37	137	120
534	38	136	123
535	38	138	122
535	39	139	119
537	37	139	124
534	37	147	123
535	36	157	120
538	34	159	120
538	34	162	126
516	37	170	134
528	31	175	140
481	28	128	145
468	33	128	132
460	36	132	129
452	76	113	98
444	105	89	72
439	108	80	60
437	111	73	59
436	114	72	56
435	115	73	56
435	117	72	58
436	122	73	58
435	129	74	61
434	139	75	65
434	152	76	69
434	169	78	70
431	184	77	66
430	202	74	67
426	215	76	67
424	219	75	71
422	228	76	69
420	239	72	62
417	250	69	57
414	253	70	59
412	260	69	56
410	265	68	54
409	269	68	56
408	278	66	55
409	283	68	61
405	285	70	61
405	289	71	59
405	287	72	55
405	287	71	58
402	287	68	54
404	290	68	55
406	288	69	53
403	288	67	52
405	290	66	52
405	288	67	51
405	291	68	54
407	289	68	53
407	292	67	54
409	290	68	53
410	290	67	53
413	289	67	52
417	289	66	53
420	289	65	53
427	290	67	57
431	292	69	55
437	293	70	54
444	294	71	53
449	294	67	55
456	293	69	52
502	230	73	90
501	234	80	89
501	233	79	88
498	231	83	85
498	228	84	86
496	226	84	86
496	226	86	86
496	224	87	86
496	224	87	87
493	222	88	89
493	221	85	87
493	220	85	91
495	218	84	88
497	216	86	91
498	214	84	89
500	213	84	90
503	213	83	88
504	214	83	86
506	215	82	88
507	215	82	89
507	215	81	91
507	215	81	92
503	217	82	94
498	216	80	92
490	216	80	92
482	217	81	93
470	215	83	91
463	219	80	91
455	219	80	89
448	224	81	92
441	224	79	94
438	225	80	92
437	227	78	93
437	228	77	92
439	229	76	91
441	233	77	91
445	236	76	92
449	237	78	88
455	237	77	89
458	238	78	87
460	238	79	88
465	239	77	87
468	239	76	88
469	240	75	89
469	241	76	87
471	241	75	85
472	242	74	85
475	241	76	85
478	242	77	86
483	241	80	91
488	242	80	90
497	240	86	92
509	239	85	93
521	237	82	90
534	239	81	88
545	236	82	91
556	237	83	94
566	234	84	94
576	234	85	92
585	234	83	89
592	232	85	95
599	233	85	94
604	233	84	93
608	233	84	89
610	233	84	87
612	232	82	84
612	232	82	84
611	229	82	84
612	228	81	85
613	227	84	86
617	227	84	91
620	227	85	88
622	225	86	90
623	220	87	97
624	216	88	99
625	212	87	98
625	208	88	98
628	206	88	98
629	203	89	98
630	199	88	99
630	196	87	96
628	192	89	97
624	189	89	95
619	186	92	94
616	184	91	95
608	183	92	97
602	181	90	98
593	178	91	99
585	175	91	99
576	172	92	102
569	170	93	102
562	168	93	102
555	165	94	106
549	164	93	105
542	160	95	109
535	157	95	110
527	150	97	115
517	148	98	117
511	148	100	123
503	147	102	121
495	148	103	122
489	147	104	124
484	149	105	126
481	146	107	129
476	144	109	130
474	140	111	133
477	134	116	132
479	129	126	138
483	125	124	140
487	126	136	139
492	127	144	143
497	131	149	145
500	134	155	148
503	145	160	148
507	158	161	146
508	176	162	153
504	191	167	146
500	202	169	149
491	208	175	156
481	213	179	159
472	217	181	163
464	219	184	167
457	221	186	170
452	224	186	172
448	224	185	175
446	226	186	176
445	226	187	177
445	225	189	179
446	223	192	181
448	220	194	182
451	217	195	183
453	215	193	184
454	213	193	183
453	214	193	182
452	216	193	180
450	219	192	179
448	222	192	179
447	224	188	178
444	225	188	178
442	225	186	176
439	225	184	173
436	221	185	174
435	215	184	171
433	209	182	165
433	202	180	165
433	190	178	158
435	182	174	159
436	176	171	158
436	170	169	158
436	167	168	157
439	164	164	155
440	163	163	155
437	166	163	156
441	168	163	162
445	173	160	164
448	180	160	179
459	187	157	165
467	194	152	171
476	202	146	150
480	204	145	156
485	206	142	143
490	208	142	145
493	208	140	136
497	206	140	141
501	206	139	149
505	209	139	144
508	208	136	148
510	206	138	152
513	208	137	143
516	207	136	143
519	207	135	138
522	201	133	144
525	199	132	146
528	198	130	147
527	193	131	141
529	191	132	156
528	189	131	136
529	189	129	152
528	188	130	131
530	189	127	145
529	187	128	132
529	188	125	139
528	188	125	137
527	188	124	137
527	190	121	137
525	194	119	132
524	195	116	126
521	199	111	126
517	199	113	125
514	201	112	122
510	200	110	119
511	194	109	116
511	186	108	118
510	176	106	119
507	167	112	110
506	158	112	104
507	154	111	107
505	149	113	110
504	145	115	114
505	143	115	112
506	142	115	110
508	143	112	109
508	144	112	109
509	145	112	110
509	149	111	108
509	173	112	107
510	188	111	105
512	201	111	106
511	212	110	106
511	225	109	105
514	237	107	102
514	247	107	98
515	251	106	97
517	254	105	96
520	254	103	98
527	251	101	96
530	247	102	97
533	242	102	100
539	238	100	97
540	235	100	101
542	234	98	96
543	232	96	95
541	229	96	93
539	226	95	90
538	222	96	90
537	217	96	89
537	212	95	90
538	209	95	89
539	206	94	87
538	203	94	88
539	201	94	87
539	201	93	88
541	201	93	88
542	203	93	87
544	204	93	87
545	207	94	87
547	207	93	87
546	208	95	86
547	209	93	85
545	213	93	83
543	213	93	85
540	215	92	84
538	216	90	84
536	218	89	84
534	222	87	83
530	226	87	83
523	233	85	83
515	236	86	84
508	236	86	84
505	235	86	82
503	232	88	83
503	229	88	83
504	225	88	82
505	221	89	82
507	217	88	82
510	211	87	83
511	207	87	82
512	206	85	81
512	203	81	84
511	201	77	83
508	199	78	85
503	197	83	84
496	193	83	83
492	191	89	83
487	187	93	85
486	184	94	86
483	180	95	87
485	174	102	91
486	169	100	92
487	167	101	93
493	167	98	88
500	166	97	93
501	164	101	87
499	162	101	90
496	158	103	92
502	157	101	90
508	159	95	90
507	158	96	90
508	159	97	90
509	160	97	89
510	159	97	89
511	159	100	91
513	158	99	90
512	158	100	91
514	156	101	92
514	154	103	93
516	152	103	92
517	150	104	93
518	149	104	92
520	147	103	92
521	145	104	93
522	144	104	93
523	142	103	93
523	141	104	93
522	140	104	93
521	138	103	93
519	137	105	93
517	135	107	93
516	135	107	92
515	136	107	92
514	135	105	92
511	135	105	92
510	135	104	92
509	135	104	91
508	135	104	91
508	134	105	92
507	134	106	92
506	132	106	94
506	131	107	93
503	131	108	94
502	128	109	94
498	129	111	93
496	128	111	95
493	125	113	98
489	120	111	100
487	116	112	100
482	109	113	102
480	102	114	104
477	94	116	107
478	90	116	108
478	85	114	108
479	84	115	106
480	81	116	107
482	80	116	107
484	78	116	108
488	77	115	107
490	77	117	109
493	76	117	109
496	75	117	107
500	74	117	108
503	73	119	110
511	73	118	111
515	73	119	111
518	72	124	116
524	74	125	121
531	74	125	117
542	74	123	121
549	74	123	118
559	73	121	119
567	70	124	119
574	69	124	118
585	66	124	118
592	63	126	118
600	60	125	120
606	57	127	121
612	56	126	119
619	53	127	121
625	51	128	119
631	49	129	117
635	48	130	118
640	47	130	117
646	46	129	115
651	46	128	116
655	43	128	117
659	41	127	117
662	40	128	117
668	38	129	116
671	34	132	120
674	35	132	119
678	35	131	118
680	35	132	118
683	36	132	115
684	36	133	114
685	37	133	112
688	37	131	110
689	36	133	109
692	35	133	108
695	35	134	109
698	35	132	108
701	34	132	109
704	34	131	107
708	34	132	105
709	35	132	104
709	35	134	103
711	35	134	101
712	35	133	98
715	35	133	96
718	34	131	94
720	34	131	93
721	35	132	90
725	33	132	90
728	34	132	84
729	35	133	83
731	35	134	79
732	35	134	77
734	35	136	79
739	37	136	76
742	36	138	77
744	35	140	80
745	34	142	84
749	34	140	87
753	35	141	85
759	36	141	84
762	37	140	85
767	38	139	85
772	38	138	86
776	38	141	87
781	38	141	89
786	39	137	91
792	39	140	93
798	39	138	94
802	40	137	94
806	40	137	93
811	40	139	96
814	41	138	95
816	42	135	93
817	41	136	94
818	41	135	95
816	40	136	95
814	39	138	96
810	37	141	99
806	38	144	102
801	38	145	105
794	36	151	110
786	34	154	115
777	33	154	118
767	33	155	121
755	34	156	123
746	36	158	124
738	36	160	126
730	36	161	137
719	38	162	146
709	62	163	150
704	78	161	150
700	94	163	147
698	117	164	145
692	134	167	147
691	156	163	156
688	178	168	144
689	193	167	147
691	206	167	151
694	229	167	143
697	249	166	149
698	263	171	144
702	270	169	146
702	282	170	141
704	288	168	141
704	292	169	140
703	292	170	140
702	290	171	143
701	290	171	142
701	290	170	142
704	293	168	140
705	295	168	141
706	297	169	144
708	301	169	145
708	306	169	139
709	306	167	141
710	306	167	140
710	305	166	140
711	305	166	140
712	304	166	140
713	304	165	140
714	306	166	140
716	307	166	140
716	309	165	138
717	309	165	138
719	310	164	137
719	312	163	135
721	311	162	135
723	310	162	136
724	311	163	135
725	311	161	136
726	310	160	137
725	310	161	135
725	309	161	135
725	306	159	136
728	304	157	137
730	301	156	139
727	299	160	141
731	298	157	140
734	297	157	139
738	296	156	140
735	297	160	140
742	295	156	143
740	293	159	143
741	293	160	143
743	293	161	143
746	292	159	143
744	294	160	139
747	292	158	141
748	292	159	140
748	291	160	140
749	290	160	142
750	293	159	139
750	291	160	141
748	292	162	140
752	291	159	140
749	291	162	141
748	291	163	142
749	289	162	142
749	291	161	140
748	289	163	142
748	289	162	142
748	290	162	142
746	290	163	144
748	290	161	143
746	288	163	145
748	288	161	145
748	290	160	145
748	289	161	146
749	288	160	145
750	289	157	144
750	288	157	145
751	288	157	145
750	287	159	145
749	288	161	144
752	286	160	146
749	287	162	146
754	285	160	145
748	286	166	146
758	287	156	141
752	287	163	144
753	287	161	142
756	287	160	146
754	289	162	143
755	290	161	143
757	289	162	142
756	289	161	143
755	289	162	143
756	291	162	141
757	289	161	143
758	290	160	141
758	290	159	141
758	291	160	140
758	289	161	141
758	287	159	143
764	285	155	142
762	286	159	143
763	285	160	142
763	289	161	142
764	288	161	143
765	287	161	144
765	287	162	144
765	286	162	145
764	285	164	146
764	286	163	143
764	285	164	146
765	285	164	147
765	284	164	148
766	284	164	147
765	284	165	147
764	286	166	146
764	285	166	146
762	284	167	146
761	284	167	143
761	284	168	143
762	284	167	142
763	283	167	144
763	281	166	146
764	282	164	141
765	280	164	143
765	279	164	146
766	280	163	144
767	278	163	145
765	277	163	143
767	277	161	144
767	276	163	146
766	276	166	144
767	275	165	145
766	277	167	144
768	276	165	145
769	276	165	145
768	276	165	144
768	276	165	143
767	276	165	145
767	275	166	145
767	274	165	145
765	275	166	145
764	274	166	144
766	272	164	144
763	274	165	142
766	272	162	143
763	275	165	141
764	273	164	143
763	274	165	140
762	275	164	139
764	274	162	141
763	276	164	141
764	278	164	139
763	277	163	140
764	277	163	140
762	277	164	141
766	275	161	140
764	277	162	142
764	276	164	143
765	277	163	141
765	275	164	144
767	276	162	142
767	276	161	146
770	275	160	146
768	275	164	147
768	275	166	147
764	274	170	146
766	275	168	146
765	275	169	145
766	275	169	145
766	275	168	145
767	274	168	145
768	274	167	145
769	273	167	145
768	272	169	145
767	273	169	145
765	273	171	145
763	273	172	145
761	273	171	145
762	273	170	145
761	273	170	144
759	273	172	144
760	273	170	143
761	274	168	142
761	274	168	141
765	273	160	141
771	275	152	140
773	276	146	139
775	275	145	140
774	276	145	139
775	276	144	138
774	276	144	138
774	277	143	138
774	277	144	138
772	277	145	139
772	278	145	137
772	277	144	138
771	277	145	138
771	278	145	137
770	278	144	137
770	277	144	139
770	278	144	138
769	277	144	139
768	276	144	140
767	280	144	137
767	278	144	139
766	280	144	137
765	279	144	138
763	279	144	138
763	279	144	138
763	278	144	140
763	280	143	138
764	280	143	138
765	280	143	138
765	282	143	137
765	282	143	138
765	281	144	139
765	283	144	137
765	283	143	138
765	284	142	137
766	284	142	136
766	281	143	139
768	280	144	138
769	279	143	137
770	279	143	136
771	279	143	136
771	278	144	138
771	277	145	138
772	277	146	138
772	276	146	138
772	276	147	138
775	279	146	136
776	279	145	138
776	278	146	138
776	279	147	138
778	279	147	138
778	280	147	137
779	279	146	137
779	279	147	138
779	279	147	138
777	278	148	138
776	279	149	138
774	281	148	137
772	282	149	138
771	283	148	138
770	285	147	137
768	286	147	137
768	287	146	137
767	286	145	137
766	288	147	137
767	289	146	136
766	291	146	136
767	292	145	135
766	292	144	135
765	293	145	136
764	294	145	136
762	293	146	137
761	294	146	137
760	294	146	137
760	296	144	135
759	296	144	136
760	296	144	136
759	295	144	136
761	296	144	136
760	294	144	138
762	294	143	137
761	294	145	137
762	293	145	138
762	294	144	138
763	294	145	138
764	293	144	138
764	295	145	138
765	294	146	138
764	294	145	139
765	293	147	138
765	293	147	137
767	292	147	137
768	292	147	137
769	290	147	138
769	291	147	137
769	291	147	137
770	292	146	137
770	292	146	137
770	292	145	137
770	292	145	137
771	292	145	138
771	291	146	140
771	293	145	139
771	292	147	140
771	293	146	140
770	293	146	141
771	292	146	140
770	293	146	139
770	294	146	139
770	293	146	140
771	293	145	139
770	293	146	139
770	291	146	141
770	290	146	141
770	290	146	141
771	288	146	142
770	288	146	141
770	289	146	141
769	288	147	140
768	289	146	138
768	289	146	139
767	287	146	139
766	288	146	137
766	287	146	137
766	287	145	137
765	288	145	137
764	289	143	136
762	288	144	136
761	290	143	136
760	289	144	137
758	288	143	137
758	285	143	138
756	283	143	138
754	283	144	138
752	282	144	138
752	281	143	139
751	282	142	137
750	281	143	137
750	283	143	136
750	279	143	137
750	278	143	137
750	276	143	136
749	275	143	136
749	275	143	136
749	273	145	138
750	272	145	138
751	271	143	135
749	271	143	135
747	271	144	135
746	272	144	136
746	274	145	138
743	276	146	139
738	280	144	140
736	281	146	139
735	281	146	140
735	277	147	140
730	275	149	139
722	271	148	141
714	269	151	142
708	265	150	145
700	263	152	145
684	263	154	145
665	259	155	143
654	252	152	145
643	245	149	145
630	235	149	147
614	221	148	151
590	204	151	144
577	191	153	145
569	179	153	144
563	166	150	145
559	153	148	144
551	142	148	143
543	132	152	141
536	120	154	144
528	117	155	145
523	118	155	148
514	117	150	149
506	116	148	150
498	117	147	150
492	120	144	151
487	125	140	146
485	131	136	142
479	135	135	140
474	134	138	144
470	135	134	141
463	132	136	133
455	124	135	133
449	117	134	130
442	111	136	134
440	104	136	132
436	98	138	136
435	92	136	148
434	83	139	140
440	83	136	142
441	80	139	145
447	81	136	143
448	81	135	144
451	81	133	145
452	83	132	144
454	81	133	145
456	85	133	148
458	89	132	140
461	92	132	138
469	98	127	135
473	102	126	134
477	103	127	136
486	106	127	137
493	109	124	133
496	113	124	135
500	115	125	135
504	117	125	133
512	120	123	126
516	121	124	127
518	122	119	124
514	123	117	122
511	125	114	120
508	128	110	116
505	133	107	113
505	139	107	113
501	147	107	108
501	151	104	109
499	154	105	107
501	155	104	106
507	153	105	110
517	150	101	119
519	147	102	122
523	145	97	122
524	146	98	119
522	152	98	115
521	156	98	115
519	159	103	115
520	158	98	117
515	157	102	123
515	155	105	105
514	152	107	113
513	152	111	112
512	157	111	108
512	161	109	104
509	163	109	101
507	166	108	101
505	167	107	98
502	171	105	99
499	176	106	97
497	183	105	95
494	193	104	93
492	200	105	96
492	211	101	93
490	216	101	93
490	221	101	91
491	220	99	92
493	216	98	91
497	208	99	92
500	200	99	92
503	194	97	90
507	191	95	91
509	192	95	90
511	191	96	90
513	193	96	92
515	196	96	92
516	200	97	91
520	206	96	89
526	210	95	89
532	213	95	88
537	212	95	90
542	213	95	89
548	214	94	86
554	211	93	88
557	206	94	86
560	200	95	88
563	192	96	90
563	187	99	94
567	180	102	92
569	175	102	93
572	171	102	92
573	167	103	92
573	163	104	95
575	161	102	94
576	159	103	92
577	157	102	92
578	158	100	89
577	157	99	88
576	156	99	89
574	154	99	89
573	155	99	88
570	154	99	88
568	155	97	87
566	156	91	86
561	158	85	84
556	158	89	83
546	159	90	88
536	161	95	89
527	161	96	92
522	160	98	96
516	161	101	98
511	160	102	101
507	161	102	101
502	161	102	100
498	159	100	99
495	157	101	98
490	154	100	96
488	151	100	94
483	149	101	92
483	146	99	91
485	144	95	89
485	143	93	87
484	143	92	87
483	141	92	88
483	140	95	88
484	138	98	88
486	136	101	88
488	137	102	87
491	136	103	89
494	137	103	90
496	135	104	91
498	134	104	91
499	131	104	93
500	130	104	93
502	130	104	92
502	129	104	93
505	131	104	92
506	130	106	93
508	127	109	94
516	122	108	95
525	119	105	94
530	119	106	93
537	118	105	93
542	118	106	92
544	117	107	93
546	115	108	94
548	109	109	98
551	106	112	98
556	104	113	97
563	104	111	96
566	104	112	97
569	103	113	98
572	99	115	101
574	96	118	102
581	94	117	103
586	93	116	104
588	92	115	105
590	91	115	107
590	89	113	107
590	86	111	105
591	85	109	103
591	84	104	100
591	84	103	99
590	84	104	99
590	86	104	98
591	85	104	99
591	84	102	98
589	83	104	99
583	83	109	100
574	83	115	105
570	84	116	103
567	86	115	105
560	88	117	105
555	90	116	104
546	90	116	105
538	91	119	104
531	91	119	103
526	93	118	103
522	93	116	104
517	92	115	102
513	93	117	102
510	98	115	100
507	102	111	99
504	108	108	97
501	116	106	99
499	127	104	97
497	134	101	96
496	141	100	98
495	149	98	96
494	159	96	91
493	160	97	91
494	164	98	89
498	166	97	89
501	166	97	88
509	167	93	87
514	167	91	87
517	167	92	86
519	167	91	86
521	166	91	86
522	167	91	86
522	170	90	86
523	173	90	85
523	176	90	84
524	179	89	85
529	183	88	85
534	183	87	87
538	184	87	85
540	184	86	84
543	183	86	84
545	182	85	83
547	181	84	82
547	181	84	82
547	182	83	83
545	185	83	82
542	186	82	82
539	188	83	81
536	188	83	80
534	187	83	82
529	187	84	84
524	187	84	89
523	187	85	91
518	189	86	89
517	189	84	89
514	192	81	84
510	192	81	82
506	193	82	83
503	193	83	84
499	194	81	83
496	195	81	82
492	198	81	81
489	199	81	82
489	200	79	82
487	201	79	83
487	201	78	82
485	203	77	81
485	206	76	79
484	207	76	77
482	208	76	78
479	208	75	79
478	208	75	79
478	208	75	79
479	209	74	76
480	209	74	78
481	209	75	79
485	209	75	79
488	209	75	79
492	212	75	76
497	211	75	78
499	211	75	77
505	213	75	76
510	214	75	75
514	215	76	77
519	215	75	82
524	216	74	84
534	215	70	84
538	215	70	82
542	215	70	82
545	213	69	84
547	212	69	83
551	211	68	83
552	212	69	84
553	211	70	83
556	212	67	82
556	211	67	81
556	211	67	82
555	212	68	81
555	212	68	82
556	213	68	81
554	211	68	82
555	211	68	83
555	213	67	82
553	211	69	84
550	211	70	84
548	210	70	82
544	210	73	76
540	211	74	75
536	210	73	75
530	207	72	74
525	205	72	74
516	203	72	74
512	201	72	73
508	200	73	72
504	196	73	73
502	194	73	72
498	192	73	72
495	191	74	71
491	189	74	73
487	187	74	73
483	186	73	73
479	184	74	74
473	182	74	76
471	180	76	79
471	180	74	80
472	178	72	82
472	177	74	82
471	178	72	80
471	177	73	78
472	178	73	76
473	178	73	76
474	178	73	76
476	177	74	76
477	175	76	78
480	174	76	77
482	172	77	77
485	170	78	78
488	169	78	78
491	166	78	77
493	164	78	79
495	162	79	81
497	160	80	82
500	158	80	85
501	152	82	91
502	150	82	95
504	148	82	95
504	151	83	91
505	149	86	85
505	150	87	85
506	149	87	83
506	148	87	83
507	147	87	84
507	146	87	84
507	145	87	83
506	143	88	85
504	143	89	85
502	142	90	85
499	140	92	86
495	137	93	86
492	132	93	87
489	127	94	88
487	125	95	88
484	123	95	90
481	120	95	93
479	118	95	96
478	115	95	96
478	112	93	100
477	110	94	101
477	108	95	100
476	105	96	102
475	104	95	100
475	104	95	99
472	96	99	100
470	88	100	107
468	79	101	110
469	77	99	115
470	77	98	110
469	76	101	110
470	78	101	112
471	79	103	112
475	79	105	111
477	76	105	122
479	72	117	136
464	70	143	136
476	59	145	137
482	54	153	139
495	50	157	132
484	44	179	123
479	40	107	112
480	43	104	103
475	40	107	103
470	38	107	105
465	34	107	105
462	32	109	104
457	28	110	104
450	27	113	105
446	28	111	103
441	27	107	104
434	26	108	104
427	28	110	104
418	27	110	105
411	27	111	106
402	27	110	105
394	26	111	105
385	27	109	104
380	26	109	108
371	27	112	109
365	30	118	119
360	34	108	123
353	34	121	126
346	37	125	127
345	37	130	125
344	36	130	130
341	35	132	138
341	33	132	133
338	37	137	132
337	40	141	124
335	40	157	134
336	40	159	129
334	42	108	107
341	47	103	101
343	48	103	100
346	49	105	98
350	51	104	97
352	53	102	96
356	56	101	93
360	60	103	92
365	65	103	94
371	69	102	94
378	74	102	93
383	77	102	92
389	81	100	91
397	83	98	91
403	85	97	90
406	87	96	90
411	89	95	88
414	90	94	88
417	91	95	88
421	91	94	89
422	93	92	88
425	94	95	90
428	93	89	100
425	96	95	104
428	98	108	106
428	102	119	106
425	102	123	105
425	105	127	102
426	100	122	102
428	108	119	101
431	103	119	105
438	97	120	107
440	93	129	105
432	93	136	99
429	91	88	90
430	96	90	85
429	99	88	85
428	104	89	82
428	107	89	82
428	111	89	84
429	116	90	87
430	121	91	83
433	129	90	81
441	134	88	78
446	136	87	78
452	137	85	78
454	137	84	77
456	137	84	77
457	136	83	77
457	134	83	77
458	133	84	78
463	135	81	78
467	137	75	79
474	142	71	76
483	144	90	86
491	147	109	93
497	141	107	94
508	147	100	94
514	146	106	106
526	157	124	100
544	169	135	109
541	153	122	128
570	169	95	107
593	180	88	94
619	192	92	88
641	201	92	87
660	208	94	86
674	214	95	89
690	220	95	88
705	226	90	84
712	233	90	83
717	237	91	83
720	241	90	83
720	247	90	83
716	247	92	84
711	250	91	85
705	246	90	84
692	247	89	85
668	248	95	87
651	247	95	90
625	243	102	95
605	242	106	93
583	241	107	92
561	242	114	95
514	246	124	98
489	254	133	100
465	259	133	98
442	266	139	94
423	276	141	88
403	288	129	87
392	299	133	83
383	311	126	82
375	321	124	80
371	334	125	78
369	348	127	76
368	358	125	71
368	364	117	71
368	369	104	69
369	370	102	68
369	371	98	68
369	369	101	69
367	367	101	69
367	364	103	70
364	362	100	71
360	360	100	70
359	358	101	71
359	359	102	71
359	358	105	70
359	357	105	70
360	357	104	69
363	356	102	70
367	354	102	71
373	352	106	71
378	350	104	71
391	347	111	73
397	346	112	74
404	346	114	74
411	344	107	75
416	344	106	74
419	343	107	73
420	341	108	73
419	338	109	73
415	337	108	73
410	336	109	72
401	333	108	73
395	333	109	73
390	333	113	73
383	333	110	74
379	331	115	74
371	328	119	75
365	325	119	75
361	322	116	77
356	319	117	76
351	316	116	77
345	315	117	76
340	314	114	76
335	314	110	75
331	314	115	75
326	314	117	74
320	313	116	75
315	313	116	76
311	314	116	77
308	314	119	78
304	314	118	79
302	315	117	78
299	314	117	79
298	313	118	79
297	311	116	79
298	310	117	79
299	307	120	80
301	305	117	80
305	303	116	79
308	301	118	80
314	298	122	80
321	292	123	83
329	287	129	83
338	281	135	84
349	276	140	86
360	272	141	85
374	269	149	85
384	269	146	84
394	268	143	85
399	270	136	84
399	269	125	84
398	266	126	84
396	266	122	84
393	266	122	83
390	267	121	83
386	265	124	83
381	263	127	85
373	262	125	85
369	262	130	84
362	260	128	86
354	261	133	85
346	260	135	84
344	258	144	85
337	257	140	85
334	256	140	84
331	256	140	84
328	259	138	85
325	261	142	84
321	260	147	84
314	259	146	86
309	259	146	86
300	261	146	86
295	262	136	85
292	264	134	86
288	265	134	85
284	265	135	85
280	264	139	85
274	261	132	85
271	261	127	85
269	259	133	85
267	259	127	85
265	255	127	85
262	253	131	86
261	251	132	88
260	251	128	88
265	252	131	89
272	254	129	88
279	253	133	89
282	251	134	90
285	249	134	90
291	247	134	90
296	246	130	90
302	245	132	90
309	247	142	90
315	248	139	91
320	249	140	93
326	253	135	94
329	255	132	95
329	255	132	96
326	255	133	96
326	255	131	96
322	255	133	96
316	256	134	96
308	257	141	96
300	256	143	96
290	257	146	96
278	255	154	97
270	254	153	96
263	255	151	95
255	255	145	96
254	246	136	100
255	239	134	99
254	234	135	98
250	229	135	97
246	228	139	99
240	229	141	99
236	228	144	101
235	228	140	101
240	228	140	101
238	230	136	99
240	235	137	97
239	238	135	99
239	237	134	101
237	239	140	100
233	241	140	98
229	241	132	98
231	243	133	98
230	245	133	97
233	245	131	97
234	242	133	98
238	240	137	99
241	239	135	99
251	237	142	101
252	235	132	102
265	233	133	103
275	233	127	100
284	230	131	99
294	230	132	100
304	229	138	100
316	229	138	100
325	229	142	100
334	227	150	102
345	225	157	104
350	223	163	105
361	221	161	104
366	214	157	107
375	212	166	106
373	203	168	109
373	196	165	111
372	189	168	115
371	182	169	118
369	177	171	119
365	166	181	127
364	156	170	132
372	151	158	134
377	133	149	143
384	126	151	150
384	114	156	158
387	105	156	158
398	99	153	162
408	94	148	161
422	96	143	158
440	96	140	155
445	87	146	159
455	88	150	167
472	94	150	162
479	95	156	164
490	111	161	153
509	122	163	147
523	126	160	142
541	133	154	134
550	142	150	133
560	153	143	127
574	168	141	114
579	180	134	108
584	191	131	101
580	205	133	96
572	215	140	94
577	224	132	95
575	232	129	96
564	242	133	91
556	242	136	98
551	254	136	94
542	241	143	113
535	260	152	102
530	262	144	102
530	256	147	113
525	276	149	100
521	275	147	102
515	279	146	100
511	279	142	97
505	276	152	104
499	276	157	103
484	271	161	107
513	275	144	103
510	277	146	103
509	275	148	105
510	279	150	103
502	276	155	105
497	280	155	100
530	293	133	93
521	290	141	96
528	293	142	94
532	293	140	96
537	293	140	97
541	295	139	95
545	295	138	96
550	298	137	95
552	297	137	96
556	296	135	97
559	299	135	94
560	298	134	97
564	300	133	95
565	296	134	99
567	297	134	98
568	294	134	100
570	294	133	99
572	292	132	99
572	292	132	99
576	293	134	99
581	294	134	99
583	292	133	99
586	297	132	96
590	300	133	96
591	302	134	96
593	305	134	95
597	308	131	94
599	310	130	92
601	312	130	92
603	311	132	92
607	311	132	92
612	312	131	91
617	310	130	90
622	310	129	90
626	309	129	90
631	308	130	90
638	307	130	91
649	309	128	90
656	309	134	91
663	307	134	91
674	306	133	91
679	307	136	91
693	310	135	86
690	311	142	96
651	387	156	107
650	383	163	116
662	380	167	114
658	380	174	116
660	381	171	115
662	383	169	117
662	387	172	117
661	391	177	117
665	396	177	114
663	396	181	115
665	395	180	119
671	397	173	116
673	396	171	114
676	396	169	111
681	398	167	109
687	397	164	110
689	394	159	112
690	385	162	117
702	370	157	124
697	369	159	115
701	367	154	109
701	367	152	109
699	364	151	111
703	362	147	109
694	360	152	106
709	362	133	105
705	359	129	110
703	361	136	106
704	361	133	104
707	364	125	105
701	362	129	104
693	363	135	105
694	363	135	104
685	360	142	106
684	362	140	103
686	361	137	103
686	360	133	103
677	359	136	104
673	360	136	104
666	355	138	103
664	353	132	105
659	345	131	106
654	352	133	101
652	351	125	102
651	352	120	100
651	350	119	98
638	346	122	108
625	350	133	106
618	350	134	101
617	351	133	102
613	345	123	108
605	352	118	105
601	328	112	119
597	327	116	120
589	303	113	135
579	269	122	152
570	264	121	161
560	265	131	114
562	264	120	82
569	266	113	78
557	268	119	77
555	271	119	78
559	274	114	76
556	276	117	75
557	277	117	75
557	280	116	76
549	284	120	77
544	285	124	79
556	289	115	78
554	287	121	87
562	283	116	88
559	286	117	91
564	285	115	81
569	290	109	74
574	291	106	72
574	291	105	76
571	291	107	74
576	294	104	71
582	296	99	71
586	298	96	74
581	299	101	76
575	299	105	74
579	299	102	74
583	299	99	76
584	296	99	77
587	294	95	81
586	293	98	79
590	294	99	82
588	294	106	84
589	302	114	101
596	294	112	81
602	298	113	83
607	299	119	93
630	296	111	102
629	294	119	103
647	293	116	100
655	298	117	107
666	348	112	110
682	347	113	112
695	363	115	99
696	373	122	92
718	376	114	90
723	377	114	99
714	387	130	92
713	391	137	90
718	396	133	90
718	400	133	90
718	403	132	90
716	406	134	92
720	410	130	93
720	413	130	97
723	415	128	101
721	415	124	112
714	423	128	107
700	431	137	110
696	435	136	112
688	444	137	111
681	439	138	120
677	455	137	112
675	464	136	101
677	468	135	99
677	469	135	99
676	463	137	102
674	458	139	103
671	449	139	103
667	439	138	106
664	425	137	108
661	408	137	110
657	395	137	109
660	287	113	94
645	264	109	95
628	242	115	96
611	224	116	94
607	195	106	98
579	166	103	98
561	152	99	89
544	134	100	92
529	123	100	93
517	112	97	89
503	105	97	92
497	104	96	89
491	106	94	87
486	109	94	87
481	111	94	87
477	112	94	87
472	113	95	87
469	112	94	86
464	113	93	85
460	112	93	85
456	112	94	85
452	114	94	85
450	120	93	86
447	128	94	88
444	133	96	92
443	141	93	92
442	148	93	93
442	149	93	94
441	152	93	94
441	157	92	92
440	158	92	96
440	159	89	98
438	161	88	98
438	163	87	105
438	164	89	105
440	166	90	108
441	171	93	102
443	175	96	104
447	176	97	105
449	175	99	112
454	174	98	107
465	173	93	105
470	169	95	107
479	172	95	95
488	172	94	90
496	169	95	92
504	168	95	92
511	168	95	93
518	167	95	94
522	169	97	93
529	171	95	92
532	171	96	94
536	172	97	94
538	171	98	94
541	171	99	95
545	168	98	95
547	167	99	95
549	164	97	96
548	162	98	96
549	160	98	96
549	157	98	96
547	156	99	94
545	155	98	97
543	152	103	100
538	151	99	103
533	152	100	101
529	150	100	103
524	147	102	104
520	144	100	104
513	143	100	104
505	142	102	105
496	136	105	105
486	133	110	103
478	131	123	119
468	127	131	125
458	129	132	124
442	126	138	123
433	120	139	116
426	122	142	126
419	116	142	121
417	125	138	117
416	126	131	111
415	110	134	122
414	111	148	127
426	101	167	134
415	107	107	111
412	107	108	108
411	103	108	107
409	100	109	107
408	98	111	106
408	97	111	106
407	95	112	107
408	92	113	108
410	90	113	110
411	87	114	111
412	84	115	112
413	80	117	113
415	76	118	113
420	76	116	112
427	73	113	113
430	73	113	112
432	72	106	115
426	74	112	116
413	77	153	119
423	76	143	123
425	85	136	113
433	77	134	121
426	53	148	128
451	74	127	97
432	89	125	122
439	83	132	125
429	95	140	115
427	97	139	122
420	96	138	126
423	80	136	144
417	112	143	140
427	107	135	147
434	101	138	117
433	103	121	125
433	131	110	110
428	126	118	118
424	140	115	114
421	156	115	99
420	159	114	101
417	160	114	103
415	162	113	102
411	168	111	103
408	171	112	104
406	175	111	104
404	179	110	103
403	182	109	101
401	185	107	97
397	185	109	100
393	185	106	103
393	187	103	102
390	191	107	104
392	194	129	114
401	201	149	120
394	201	148	123
401	200	140	126
437	236	106	96
462	239	84	77
468	239	77	72
471	238	75	69
470	234	80	71
476	234	87	75
423	223	111	103
423	218	96	99
427	221	100	96
427	218	105	97
431	213	106	99
439	207	104	99
445	204	102	98
449	200	101	98
453	200	100	95
455	201	99	94
457	202	97	93
458	204	96	91
458	203	96	92
459	206	95	88
460	207	93	88
457	211	88	87
460	207	91	88
464	211	100	93
467	202	115	94
466	199	120	102
464	199	119	99
463	211	117	88
461	210	115	91
456	211	111	101
455	222	113	100
446	226	104	101
447	222	95	92
444	231	89	80
442	230	89	83
438	234	88	81
435	238	87	80
433	239	86	81
432	242	86	81
431	244	86	79
429	245	86	79
428	245	86	79
428	244	86	79
427	243	86	79
427	244	86	79
427	244	86	79
426	244	85	78
426	245	85	79
427	245	85	79
426	245	85	79
426	246	85	79
427	246	85	78
429	245	85	79
430	246	86	78
433	245	86	79
435	244	87	80
440	244	86	80
445	243	87	80
450	243	86	79
455	243	86	79
460	243	86	80
468	243	86	81
475	241	86	81
481	236	86	81
486	231	87	80
491	226	87	81
500	216	86	84
504	209	88	84
509	201	88	85
513	193	88	84
518	185	89	85
524	179	88	84
527	176	90	83
529	173	90	83
532	173	89	82
534	172	89	83
535	170	90	85
536	168	90	86
536	166	91	86
536	165	91	86
536	162	92	87
534	159	93	87
530	157	94	88
527	154	94	88
523	152	94	89
518	148	95	90
510	143	96	90
504	138	98	91
499	134	98	90
495	130	99	91
493	126	99	92
489	121	98	93
486	118	100	93
484	115	99	93
482	111	100	94
479	108	101	96
478	105	101	96
477	101	101	97
475	99	102	96
474	96	103	97
475	94	103	98
476	91	104	98
477	91	105	98
478	90	106	100
480	87	106	101
482	87	107	101
489	85	105	102
491	83	107	103
493	80	109	103
497	75	111	104
498	72	113	105
507	68	109	104
509	65	111	106
512	63	111	107
514	60	111	107
516	56	113	108
518	55	114	108
520	53	114	108
521	53	114	108
522	52	114	108
523	49	114	109
524	49	113	109
524	49	113	109
523	47	113	110
524	46	114	110
524	45	113	109
523	45	114	110
525	44	114	110
525	44	115	109
526	43	114	110
526	42	115	110
527	42	116	111
529	41	116	111
530	40	116	111
531	41	116	110
532	41	116	109
534	40	115	110
533	41	115	109
533	43	115	110
532	43	116	109
530	44	116	110
527	46	115	109
524	47	115	108
519	50	116	107
518	51	114	112
514	53	114	113
510	57	115	109
509	59	109	107
504	60	107	109
501	62	106	109
494	63	107	111
490	67	111	109
484	74	109	109
478	80	107	109
472	89	106	106
467	98	106	105
459	106	108	105
451	117	109	104
443	127	109	104
438	135	105	104
435	141	105	105
431	145	103	103
428	149	102	102
425	149	103	99
424	151	101	100
422	149	99	97
422	150	98	97
420	149	99	96
419	148	99	99
419	147	98	95
419	147	99	99
418	146	97	95
416	147	99	99
417	149	100	99
417	150	99	98
418	153	100	98
420	155	102	97
424	159	101	97
428	163	101	98
434	167	99	100
437	171	100	99
439	177	100	99
445	183	100	98
451	187	98	97
455	191	96	94
457	193	94	92
458	193	94	91
456	194	93	90
455	192	92	90
452	192	90	91
451	190	92	90
451	194	91	85
452	193	90	83
450	196	90	81
449	197	90	82
445	199	92	83
441	198	92	85
437	200	90	84
431	199	90	88
424	198	88	91
421	200	87	89
414	201	86	92
413	205	85	95
411	206	82	99
409	214	82	93
405	220	84	89
404	221	82	92
400	223	82	93
395	228	83	92
387	232	84	92
378	235	85	91
370	237	86	92
362	237	86	92
352	236	87	93
342	235	88	93
336	234	86	91
332	231	86	90
332	230	89	89
335	229	88	87
337	233	88	82
339	234	87	81
340	234	87	81
341	232	87	82
340	231	87	81
340	231	87	80
338	230	87	79
339	229	87	80
341	227	86	81
341	224	87	82
341	219	88	83
341	215	88	84
343	211	89	83
349	208	87	81
353	205	88	81
359	203	88	81
363	203	87	81
364	201	87	81
367	200	86	81
368	198	87	82
369	198	88	81
372	196	87	82
377	196	87	82
380	197	89	82
386	196	88	82
391	194	88	83
394	192	90	82
402	188	91	83
414	185	90	84
421	185	91	84
427	186	92	84
434	186	92	84
440	185	92	83
446	182	92	84
452	179	91	84
456	177	91	84
460	176	91	84
465	174	92	84
471	174	91	84
473	173	92	84
476	172	93	85
479	172	92	86
481	172	92	86
483	171	92	86
485	172	92	85
486	172	92	86
485	171	92	87
485	169	93	87
485	167	93	87
485	167	94	87
483	166	94	87
481	163	95	89
479	160	96	89
475	154	98	90
472	150	97	91
470	148	98	90
469	148	97	89
467	145	97	91
464	144	99	91
462	141	100	93
460	139	101	94
460	137	101	94
460	136	102	94
459	133	102	96
459	131	102	96
459	129	103	98
458	126	103	98
457	125	104	98
457	124	103	98
456	124	104	99
457	122	105	100
458	121	107	101
459	118	107	102
463	118	107	100
464	115	109	102
465	114	110	102
466	111	111	104
469	107	113	105
477	101	110	108
482	97	111	108
488	92	110	108
492	88	110	108
494	84	112	110
498	81	112	110
499	79	115	111
502	77	114	111
502	73	116	112
503	72	117	113
505	68	117	113
505	67	116	113
505	65	116	113
504	63	116	115
504	62	118	115
504	61	116	115
502	59	117	116
498	58	119	116
495	57	119	117
491	57	120	114
487	56	119	114
481	55	118	114
474	55	119	116
465	54	119	117
456	54	120	116
445	55	119	116
431	56	118	117
419	57	117	116
402	60	120	117
386	62	121	119
369	63	123	118
348	66	124	118
330	67	122	119
314	69	120	118
298	69	120	118
282	67	120	118
267	62	122	118
255	60	119	116
244	57	120	116
235	55	120	116
227	57	121	114
221	59	118	112
215	60	119	111
210	62	119	110
207	61	119	111
204	62	119	110
202	63	118	110
203	66	117	110
205	67	116	111
206	70	118	110
209	75	117	108
211	84	117	109
213	92	118	108
216	98	118	107
222	102	117	107
228	106	117	109
239	114	115	109
246	122	115	107
253	127	114	108
260	135	112	108
266	142	112	108
272	153	111	107
277	160	111	103
281	165	110	101
288	169	109	100
293	172	109	99
303	177	106	100
308	179	105	99
314	181	104	98
320	181	104	99
325	182	103	98
332	181	102	99
336	183	103	98
340	185	103	96
345	186	103	96
351	188	103	95
358	190	101	95
362	193	103	93
366	194	105	95
369	200	106	91
373	205	105	91
377	211	107	92
381	217	108	91
385	221	109	89
388	226	109	89
393	230	108	85
400	236	105	81
400	240	105	79
404	243	104	78
408	246	101	76
408	246	100	75
412	249	97	74
412	250	97	74
412	250	98	74
411	251	98	73
409	251	99	73
407	250	101	74
406	247	102	76
408	245	102	76
408	242	101	77
408	240	101	77
401	232	105	80
397	227	105	83
398	222	103	85
400	217	98	86
399	214	95	85
400	212	92	85
401	211	90	83
402	213	89	80
405	213	90	80
411	213	90	82
421	216	89	81
429	216	89	81
437	217	89	81
447	220	88	80
454	221	88	78
464	222	87	77
469	222	86	77
475	222	85	77
477	222	86	77
479	223	86	76
480	223	85	76
480	225	87	76
477	225	87	76
474	228	88	75
471	230	88	75
468	232	88	76
465	234	90	77
462	235	91	78
459	236	92	78
458	239	91	77
452	241	92	78
447	242	94	78
443	244	95	78
440	246	94	76
436	246	93	75
432	249	94	74
431	252	95	74
428	252	94	75
426	254	95	75
424	255	94	74
423	255	94	74
421	255	93	73
421	254	93	73
421	253	92	74
424	251	91	75
425	247	90	76
429	246	89	75
433	243	88	76
438	241	86	76
444	238	84	75
451	237	81	75
457	237	80	74
461	237	79	74
464	237	80	73
468	237	81	74
476	237	79	73
481	237	79	74
486	238	77	71
490	239	78	73
495	240	78	73
503	241	76	73
508	243	76	73
513	244	76	73
518	244	76	73
522	246	76	72
527	246	75	73
529	247	75	73
532	248	75	73
533	249	76	74
537	250	75	74
540	252	75	72
542	252	75	73
544	253	75	71
545	255	74	70
547	254	73	71
547	256	73	70
547	256	72	70
546	257	72	71
545	257	73	74
546	258	70	73
546	257	67	77
544	257	68	76
543	259	66	74
544	258	65	75
541	259	66	75
541	259	65	75
539	260	65	75
536	262	66	74
533	262	66	74
530	261	66	74
528	261	65	75
525	261	67	78
522	260	67	77
519	260	66	75
514	259	67	76
509	259	67	75
504	257	68	75
500	257	66	76
495	257	65	76
489	256	65	75
485	256	66	75
479	256	66	75
475	254	66	74
471	253	66	76
466	253	67	77
464	251	67	74
459	251	68	75
454	247	70	75
450	244	70	79
446	243	72	80
444	241	71	80
442	243	69	79
439	242	69	78
436	241	70	80
435	241	69	82
432	241	70	80
432	240	70	80
430	238	71	80
429	238	71	80
430	236	71	81
430	236	70	81
429	236	70	80
427	234	72	81
426	235	72	81
426	233	72	81
424	231	73	82
424	228	73	84
424	225	74	83
423	225	73	83
424	222	74	80
425	223	73	81
424	222	76	80
426	221	75	79
424	220	75	80
423	218	79	80
423	218	79	78
423	217	80	76
422	217	80	74
421	214	80	76
420	214	80	75
420	211	80	76
418	210	81	76
417	207	81	77
416	204	82	77
415	204	83	77
413	202	84	78
411	200	84	78
408	199	84	79
398	198	88	78
380	197	98	85
344	178	123	135
389	20	159	125
419	20	165	121
454	18	166	116
478	25	176	120
365	181	98	93
363	183	87	85
360	183	88	84
357	182	89	84
354	181	89	84
351	179	89	86
349	179	90	85
347	179	89	84
345	178	89	84
344	176	89	85
344	175	89	85
344	172	89	87
345	171	90	86
347	170	90	86
350	169	90	86
353	168	91	88
360	168	91	88
365	166	93	89
370	167	94	88
379	166	93	89
385	165	96	90
400	163	96	90
408	161	99	92
415	162	103	90
430	162	100	87
438	162	103	89
456	164	101	88
465	164	102	88
472	166	104	86
481	167	102	84
488	167	103	84
496	165	103	84
502	165	102	84
507	164	103	84
511	164	101	84
515	164	102	84
519	164	101	84
520	163	102	85
521	162	101	84
523	162	101	85
523	160	102	86
524	157	101	87
523	157	102	88
520	156	102	89
519	155	102	89
516	154	102	92
511	152	104	93
507	150	104	95
504	149	104	95
500	145	103	98
498	143	103	98
495	138	103	100
493	136	105	100
492	135	106	100
493	134	105	101
493	132	107	103
495	130	107	102
496	129	106	103
496	128	107	103
498	128	107	104
499	127	109	103
499	127	111	104
503	125	112	105
506	124	113	106
512	124	113	106
518	127	111	107
527	130	110	108
534	135	108	108
535	137	107	103
535	135	107	104
533	132	107	103
532	128	105	102
531	126	105	102
530	124	105	102
528	120	104	102
526	117	104	102
523	115	102	101
518	116	104	98
515	117	103	99
510	119	102	101
503	120	100	100
495	121	98	98
487	123	97	95
482	125	99	94
477	127	98	93
472	129	100	94
468	134	100	94
463	141	101	93
455	146	101	92
447	150	101	90
437	153	106	91
421	158	110	91
413	160	110	92
402	159	111	93
392	164	113	89
385	166	112	87
381	166	107	86
379	166	105	83
378	166	102	83
378	168	98	81
378	165	102	83
381	166	102	83
380	164	104	84
382	165	104	82
386	166	104	82
389	167	105	82
393	167	105	82
397	167	105	83
400	167	106	83
404	167	106	84
409	167	106	83
413	168	106	83
416	169	108	84
420	172	110	84
425	176	110	85
429	178	110	87
438	181	109	87
449	186	104	84
454	186	102	83
462	185	99	81
468	184	97	80
475	182	95	79
484	182	90	78
491	181	88	79
494	180	89	78
500	179	86	77
505	180	85	75
512	182	82	72
515	183	82	71
518	182	82	72
520	182	82	71
521	185	83	68
518	187	82	69
513	190	83	70
507	192	85	72
499	192	85	73
491	192	86	73
480	193	87	73
473	193	84	71
466	194	83	71
459	195	82	72
451	198	83	72
444	198	80	69
441	198	79	69
438	197	80	70
435	196	79	70
432	197	79	69
430	198	79	69
428	198	79	69
428	198	79	68
427	199	79	68
429	198	79	68
431	198	79	68
435	199	79	69
439	200	80	69
443	200	79	69
449	201	79	68
457	201	78	68
463	202	77	69
470	202	76	69
477	204	77	68
484	204	76	68
493	205	76	70
501	205	75	69
507	206	74	70
513	206	75	69
518	206	74	69
524	207	73	68
527	207	75	68
530	207	75	69
533	207	75	70
537	208	75	69
539	208	74	68
542	208	75	70
543	208	75	71
544	209	75	70
545	209	75	70
546	209	74	69
546	209	74	70
546	209	74	70
547	209	74	71
547	210	73	71
546	211	72	70
544	210	74	71
542	210	74	71
540	209	74	71
537	208	75	71
534	208	74	70
530	208	73	69
526	208	73	69
520	207	73	69
515	207	73	69
504	207	76	70
497	206	75	71
491	206	75	70
483	207	77	71
470	205	81	75
377	226	140	138
407	361	193	148
403	351	222	206
420	250	228	237
412	212	215	283
373	203	185	364
368	204	187	369
363	202	196	373
358	203	201	369
359	201	194	370
359	203	187	367
361	203	183	368
362	201	181	365
357	197	177	363
354	196	176	362
354	196	170	360
359	186	157	380
363	181	155	383
367	179	149	387
371	175	147	379
380	179	137	394
387	177	130	391
381	173	149	362
370	181	155	365
358	182	159	387
347	180	170	392
333	183	186	383
322	181	212	386
318	187	226	385
314	188	239	382
315	185	241	387
315	184	244	386
317	184	248	383
318	184	256	388
326	188	254	387
340	190	248	384
357	192	234	377
377	202	230	365
390	199	214	362
401	203	203	356
414	202	197	358
423	202	195	363
435	202	182	365
448	202	170	365
454	200	166	362
460	196	152	357
463	187	159	357
473	194	163	337
483	206	177	325
527	290	174	236
622	272	168	134
494	196	93	86
501	203	85	77
505	204	85	76
508	206	85	74
513	211	84	72
517	211	83	73
519	213	83	72
522	213	82	72
525	214	82	71
529	215	82	70
530	215	83	69
532	216	82	69
535	216	82	69
537	217	82	68
541	218	81	68
544	218	79	68
547	218	78	67
548	217	80	69
551	218	81	67
557	219	81	68
560	219	81	68
565	219	80	68
568	218	82	70
573	218	83	69
578	219	83	69
583	218	84	70
588	219	84	70
592	219	85	70
597	219	86	71
604	219	86	72
609	218	86	70
615	219	85	70
620	217	84	71
626	218	84	70
631	219	85	69
639	218	82	71
643	217	81	71
646	219	81	70
650	218	79	69
653	218	79	68
658	219	77	67
660	218	75	67
662	217	75	67
663	216	75	66
665	216	74	67
667	216	74	68
669	215	73	69
672	214	73	69
674	215	74	67
677	215	73	68
678	215	72	67
680	216	71	67
682	218	71	66
682	220	70	65
682	219	70	65
682	219	70	64
682	220	71	65
681	221	70	65
682	221	71	65
681	222	71	65
681	221	71	65
681	222	70	66
679	221	69	66
676	222	69	67
673	222	71	67
670	222	69	68
666	221	69	68
662	221	70	69
658	220	69	68
653	219	70	68
646	219	68	68
641	218	69	69
635	219	67	67
630	217	68	69
624	217	68	70
616	216	69	71
610	215	71	71
602	215	70	70
597	215	71	71
591	215	73	70
582	214	82	70
576	213	86	71
572	210	89	74
565	208	86	80
562	207	84	78
555	205	82	78
551	204	82	78
546	203	81	81
542	203	82	82
538	203	79	81
539	202	74	81
536	202	73	80
533	200	71	78
527	201	70	74
523	199	71	75
517	198	72	75
514	197	72	75
510	197	73	77
509	198	73	76
505	198	73	76
501	198	74	75
500	196	74	77
498	195	73	76
497	196	74	75
495	197	74	74
495	199	74	72
493	196	77	76
491	198	78	74
490	198	81	78
487	196	83	80
489	198	81	78
491	196	79	77
490	197	80	76
489	197	81	76
490	196	81	77
492	197	81	76
494	196	80	76
495	194	81	75
496	194	81	75
500	193	82	75
503	192	82	75
505	191	82	77
509	190	83	77
513	191	82	77
517	190	83	77
521	192	84	76
524	191	86	78
528	189	86	78
531	190	87	77
535	188	86	76
542	188	84	75
547	188	84	75
550	187	85	76
556	188	83	75
560	186	83	77
566	187	82	76
569	185	82	76
574	185	80	76
578	183	80	76
582	183	79	76
587	184	78	75
591	182	79	75
596	183	78	74
601	183	78	74
607	182	78	75
616	184	76	76
621	183	78	75
626	183	79	75
633	182	78	76
640	181	79	76
650	180	80	78
659	179	79	78
668	177	79	77
676	174	79	79
683	173	79	78
692	173	78	77
697	172	79	78
702	172	79	77
708	171	79	77
712	170	79	77
717	171	77	76
719	171	78	76
721	170	78	76
722	170	78	76
724	170	77	76
724	170	76	76
723	169	75	77
721	169	74	77
718	168	74	78
714	170	73	78
707	169	74	80
701	170	74	81
693	171	74	80
684	171	74	80
673	171	76	81
658	172	77	83
645	174	81	82
635	177	78	80
623	180	81	79
608	181	83	81
590	180	79	82
578	180	81	81
567	180	81	82
556	177	81	84
546	179	80	80
533	178	80	82
526	180	78	79
518	181	76	77
512	183	75	75
504	184	76	74
499	185	77	75
492	186	77	74
486	188	79	75
482	190	78	75
477	190	77	75
471	193	77	74
465	194	78	74
461	197	78	74
456	197	79	75
451	201	81	73
446	204	78	72
444	205	77	73
440	205	77	73
437	204	75	74
432	203	75	74
431	202	74	73
425	203	72	71
420	203	72	71
415	203	73	72
409	202	73	72
403	202	74	73
395	201	73	73
390	200	73	73
384	200	74	73
377	198	75	73
371	198	75	74
362	198	74	73
357	198	73	71
351	199	74	71
346	198	75	71
341	196	75	71
336	195	74	70
336	195	75	71
334	195	75	70
334	196	74	71
332	194	77	74
331	192	77	75
332	191	79	77
332	188	81	82
334	186	82	86
336	185	83	82
340	186	87	89
342	182	89	88
343	180	89	88
347	182	89	86
353	180	90	88
358	179	92	87
364	176	92	89
373	175	93	90
385	173	91	90
397	174	91	91
404	174	94	91
416	174	93	94
425	173	91	93
435	171	90	93
442	168	92	95
449	166	94	95
457	164	98	96
464	165	94	93
470	167	94	95
474	165	90	91
480	167	89	92
484	167	88	89
491	168	87	90
498	164	86	90
506	165	87	89
512	164	87	87
519	165	88	91
526	165	89	90
530	165	86	91
536	165	88	91
542	166	89	91
551	165	90	91
556	162	88	88
562	160	93	90
566	159	87	89
573	158	89	89
578	156	86	89
585	153	89	92
590	148	84	94
596	148	91	91
600	149	87	89
604	148	87	90
604	148	88	90
608	147	86	93
613	145	86	94
616	143	87	96
621	142	91	98
621	139	91	94
626	142	91	99
628	143	89	97
625	143	91	97
635	143	84	99
635	140	86	101
639	137	83	99
640	136	83	99
645	135	77	92
647	135	76	92
649	136	75	95
648	135	75	93
648	136	75	89
648	133	73	86
649	133	73	84
647	131	76	85
648	130	74	85
647	130	74	84
646	128	75	84
645	125	78	86
650	124	80	88
661	123	84	89
676	121	82	91
690	119	80	87
696	117	77	86
692	118	81	86
680	120	82	86
664	118	86	92
644	119	91	100
622	120	92	109
600	122	93	106
577	126	96	108
554	129	100	107
537	135	93	107
517	135	90	100
508	136	84	98
499	137	81	91
499	140	79	85
500	139	77	84
503	138	78	84
504	138	79	88
508	141	78	85
509	143	77	87
510	145	76	86
506	144	77	86
498	142	76	87
490	141	78	86
480	139	79	88
468	141	85	96
457	141	88	95
451	143	85	102
439	146	87	98
438	147	85	89
438	147	78	87
438	144	80	89
443	144	82	89
451	144	84	87
459	144	83	86
469	148	82	90
475	148	79	88
477	151	80	88
480	153	78	86
483	158	74	83
484	158	76	84
485	159	75	81
484	160	74	79
484	165	73	77
481	167	73	77
478	172	72	77
474	174	72	76
473	176	71	74
471	175	71	75
471	174	70	73
474	173	71	73
477	173	71	74
480	174	71	73
481	175	71	72
482	175	70	73
480	178	71	75
476	182	72	74
474	186	73	72
471	187	73	74
468	186	72	74
464	185	70	74
463	185	69	75
463	184	70	75
465	184	70	77
465	185	74	78
464	187	78	87
465	189	85	94
465	192	85	89
468	195	88	92
467	198	87	89
468	198	84	90
467	197	84	90
467	197	81	89
467	198	82	88
466	201	81	89
466	201	82	87
467	204	83	87
462	205	83	83
462	206	81	83
464	203	80	82
465	204	81	87
460	209	88	86
461	206	88	89
473	201	85	86
480	204	84	86
479	212	87	90
471	221	97	100
477	227	98	107
480	236	99	104
479	243	105	104
491	249	102	105
512	254	103	105
515	253	110	106
537	255	102	101
550	249	94	96
558	252	97	99
568	244	96	95
575	237	93	95
581	233	93	92
588	234	93	92
588	234	93	94
584	236	94	92
588	230	94	95
590	228	91	94
591	222	91	93
594	216	90	89
595	214	91	90
599	213	93	91
595	215	95	96
597	216	94	93
605	208	94	93
607	199	101	100
612	182	104	105
616	174	102	109
626	165	95	97
627	166	97	93
627	167	94	93
626	166	93	95
629	166	95	92
627	164	95	94
625	162	94	93
625	161	97	94
620	161	98	93
618	161	97	97
617	161	96	95
613	162	95	98
614	168	94	100
612	174	98	98
607	186	101	99
598	194	105	101
591	201	106	100
590	207	106	98
587	209	103	95
585	207	100	95
585	208	97	98
581	206	100	97
582	205	96	100
584	201	94	100
585	197	95	100
586	191	94	100
589	186	97	99
588	184	96	97
583	185	101	97
588	190	96	95
582	192	97	93
579	192	98	90
579	189	96	94
574	185	95	96
576	181	98	97
575	176	99	99
580	174	102	99
576	170	103	95
578	171	102	98
572	171	105	96
567	172	106	94
562	171	107	97
557	162	107	98
550	164	108	100
547	154	106	92
550	158	103	95
542	156	99	98
531	157	103	96
526	156	103	100
503	161	112	101
492	156	117	111
485	154	118	111
469	157	120	106
459	154	112	106
451	162	116	101
448	157	106	104
441	157	105	102
432	156	110	107
426	157	115	103
425	154	113	102
414	152	112	103
416	155	106	97
414	156	102	94
416	150	101	97
419	147	103	98
424	144	107	99
431	143	107	97
436	143	104	93
442	146	101	89
443	148	96	87
444	149	96	88
442	154	95	84
438	152	94	86
434	157	98	88
426	158	100	94
416	156	101	97
406	161	103	96
386	165	109	96
380	167	103	93
372	167	98	92
368	172	96	93
367	178	98	92
364	183	83	85
366	183	78	83
369	184	78	85
375	186	78	77
384	187	77	74
397	188	76	74
409	189	76	77
422	191	77	75
434	192	77	75
444	191	76	76
456	191	75	75
460	190	75	73
460	190	73	74
456	189	74	74
448	189	74	74
433	187	77	75
422	187	77	76
411	185	77	77
402	186	77	76
394	188	74	74
386	187	74	73
386	186	75	72
386	183	76	72
391	181	75	72
395	181	75	69
400	180	74	72
404	181	76	77
408	184	79	76
410	181	88	86
404	182	93	87
404	171	91	82
408	167	90	83
408	167	93	84
409	166	91	84
410	165	90	89
412	170	90	83
421	165	90	86
423	161	92	89
425	157	93	87
429	154	92	88
428	161	92	82
429	163	91	80
433	161	91	82
441	159	91	87
441	153	93	91
448	141	97	93
453	146	99	89
461	148	97	87
469	150	96	84
493	149	82	82
508	147	79	81
515	143	83	82
524	141	86	84
533	139	88	86
544	137	90	85
554	134	90	87
568	131	90	89
576	127	90	90
584	125	90	89
592	123	90	89
598	121	91	88
605	117	90	89
609	113	91	88
613	112	90	89
616	113	91	88
618	112	90	88
622	112	88	88
623	113	89	87
625	112	90	88
626	111	90	89
629	112	89	89
632	112	88	90
633	112	87	90
635	114	87	89
637	116	87	88
637	125	84	86
638	133	81	87
636	139	81	87
636	144	77	85
633	148	76	84
623	150	81	86
610	153	87	89
603	157	94	91
591	159	98	98
564	163	116	100
568	169	115	105
563	175	110	106
553	177	111	103
543	185	114	103
540	191	110	110
523	194	114	108
508	197	110	107
494	202	109	105
481	202	108	105
466	208	106	102
456	204	108	104
440	201	108	99
424	205	110	103
418	195	112	105
410	193	113	109
394	191	117	111
388	184	111	109
383	188	112	110
378	179	110	109
371	181	109	108
368	181	107	106
363	186	106	99
367	183	103	97
371	174	104	103
379	164	106	104
382	165	106	99
394	156	105	101
399	154	108	101
407	160	110	100
402	157	93	96
416	153	87	98
429	154	85	93
429	157	87	92
433	159	84	92
450	165	102	94
452	179	110	100
465	185	114	109
475	201	119	119
484	218	122	120
492	235	123	118
494	259	128	125
505	284	130	126
517	290	128	131
518	308	132	120
536	319	117	106
541	322	115	105
566	323	117	97
575	307	97	97
595	312	101	103
619	293	110	109
633	275	125	117
661	261	117	111
676	244	109	106
691	234	117	112
700	222	112	108
709	210	107	101
711	196	102	96
717	192	104	99
717	194	105	92
710	191	92	92
699	193	85	91
684	190	90	98
665	187	98	103
650	180	102	107
629	180	106	108
617	177	118	110
596	177	109	109
595	176	107	107
592	178	105	104
585	177	106	101
591	180	107	105
578	184	102	95
586	178	103	100
583	180	101	98
582	183	97	93
580	183	100	93
571	186	84	81
569	187	86	78
562	190	87	79
552	196	96	79
538	204	106	79
512	213	118	86
490	237	122	78
462	247	121	77
439	257	130	77
416	266	127	79
369	288	130	85
343	288	142	90
318	290	162	99
290	284	173	111
269	288	189	110
249	280	189	121
309	273	160	131
203	291	169	97
195	298	142	83
190	294	121	74
190	274	118	75
194	259	125	78
202	242	125	84
217	225	118	83
233	207	116	84
266	178	122	90
285	164	123	91
305	151	119	90
317	142	109	93
328	138	102	90
342	137	90	86
358	138	100	91
363	132	107	96
374	135	102	93
370	136	106	96
377	136	104	97
378	134	103	99
376	135	105	98
377	136	105	95
378	137	106	95
382	135	106	96
384	139	107	95
389	134	105	100
392	139	108	99
402	134	102	102
402	144	104	94
417	136	102	103
424	143	106	99
444	152	105	98
455	155	108	101
460	163	114	103
491	176	112	106
499	196	112	114
506	206	109	109
539	213	118	120
572	220	122	130
580	192	111	110
597	206	104	102
619	197	83	79
644	193	81	75
657	179	94	93
661	174	102	93
667	175	100	98
665	175	96	96
668	174	106	101
661	178	106	97
661	186	109	98
655	193	105	92
658	202	105	96
655	205	101	95
656	210	102	96
656	211	98	93
652	211	97	96
648	210	95	94
640	213	88	92
634	216	97	98
613	225	106	105
598	226	110	107
580	236	111	106
565	235	112	107
550	242	107	104
530	248	108	106
513	250	112	111
497	248	111	107
486	242	109	105
479	241	100	98
475	229	94	96
476	221	94	96
479	208	93	99
482	199	90	100
479	194	89	101
477	189	90	96
476	182	89	93
467	179	90	93
459	178	93	92
454	176	92	92
443	177	94	88
442	178	93	89
437	178	89	88
436	179	91	89
434	179	89	87
431	181	88	84
426	180	90	85
422	182	88	82
423	183	88	80
424	182	86	81
426	179	87	82
425	178	87	82
427	179	87	82
425	182	87	81
429	184	87	81
433	180	87	80
438	181	87	82
444	176	87	87
448	178	89	90
454	180	90	87
468	181	87	86
474	187	91	89
486	188	90	89
496	191	91	92
502	197	92	96
530	190	96	96
539	186	94	94
551	185	93	93
560	181	89	84
569	181	87	89
574	176	89	84
580	172	86	89
584	170	85	91
587	170	87	89
591	173	90	91
596	174	89	87
596	176	88	83
602	176	88	83
606	176	88	83
609	174	88	83
614	176	87	84
615	177	84	81
618	176	85	82
619	175	84	83
620	175	82	82
615	178	82	86
614	175	82	88
593	190	91	86
593	181	94	94
583	179	92	100
563	185	92	97
547	190	96	101
537	192	97	100
522	200	97	101
507	197	98	102
491	196	96	100
486	194	92	97
478	193	91	94
472	189	89	93
471	186	87	92
465	179	88	93
463	181	87	89
457	177	88	89
452	175	88	90
446	172	88	89
442	172	88	87
434	172	92	87
432	174	90	84
434	175	90	83
433	178	90	80
432	179	86	77
433	184	84	74
431	182	85	72
439	175	85	79
441	172	88	83
447	167	90	86
452	167	93	87
456	165	93	87
455	164	93	88
462	163	92	87
467	165	89	83
473	163	88	83
479	162	91	87
489	159	93	92
492	155	103	97
515	152	99	103
534	155	99	110
541	153	102	104
551	159	103	103
562	148	101	93
576	150	102	99
586	139	104	101
591	132	99	100
600	133	102	97
605	131	100	98
614	127	102	101
619	127	102	102
623	124	103	101
624	123	106	102
628	119	107	102
629	123	110	102
630	121	110	107
634	122	111	104
646	120	107	105
641	121	107	101
633	123	112	102
638	119	115	105
631	120	117	106
624	117	125	108
624	118	124	104
626	118	119	100
628	116	116	100
631	113	112	104
637	114	104	104
627	117	106	98
619	121	106	96
610	123	107	96
599	123	108	97
587	128	110	96
573	127	108	98
557	127	107	96
544	121	102	99
531	120	109	99
520	121	111	101
512	113	114	103
501	115	112	98
494	117	113	103
489	111	115	105
484	111	116	105
480	108	114	104
475	104	113	107
475	107	109	104
471	106	110	106
469	108	109	107
467	101	110	110
468	108	106	102
471	116	108	102
471	117	106	105
470	117	107	104
473	113	104	103
481	121	100	96
483	135	110	107
486	145	112	108
493	143	109	108
503	153	103	108
511	160	103	111
526	169	108	103
543	175	111	106
556	182	108	107
571	190	116	109
582	194	118	120
596	190	129	124
611	191	129	122
619	192	134	125
632	193	132	131
637	194	124	125
645	194	124	120
651	189	128	123
654	187	126	127
660	187	126	125
666	186	126	123
669	191	121	112
672	195	124	116
673	194	118	114
675	189	121	115
674	186	119	109
681	189	121	115
681	187	116	114
682	187	120	115
682	190	115	107
678	188	119	118
678	185	115	115
675	183	115	120
674	184	114	111
672	182	116	115
669	179	113	112
668	183	115	111
663	187	116	113
651	187	118	105
645	190	121	117
635	190	121	110
630	191	120	110
622	186	117	112
620	185	114	118
615	191	112	118
607	189	114	116
598	199	120	113
587	201	117	115
581	199	116	112
578	205	111	112
573	209	110	110
567	217	109	108
560	226	112	109
553	234	113	112
545	244	117	113
540	250	119	118
537	257	117	120
535	258	116	121
534	260	114	120
533	262	114	117
533	264	112	116
536	263	111	117
537	262	109	118
540	259	109	116
543	261	109	112
543	261	108	111
546	263	107	110
548	263	109	112
546	263	109	114
541	267	113	113
533	268	112	112
524	274	113	111
516	274	112	114
511	273	111	112
508	268	112	114
506	261	109	114
505	253	103	112
505	249	100	103
509	249	100	106
510	247	99	105
516	244	103	108
521	237	100	107
526	235	102	109
530	235	100	109
532	232	98	107
540	233	103	112
541	225	107	115
543	220	108	116
546	215	104	112
549	216	102	113
548	213	103	111
550	215	101	111
549	212	100	107
548	212	98	108
546	211	97	111
543	213	96	110
539	212	94	109
535	218	96	103
536	223	93	100
536	225	89	97
536	225	89	96
535	224	89	99
535	220	90	99
535	217	90	103
535	214	88	98
536	213	89	95
538	210	88	99
538	206	89	103
538	203	90	100
539	204	89	96
541	207	87	90
544	212	85	86
545	215	84	85
546	215	83	85
547	215	82	82
551	215	81	84
557	215	81	80
561	218	83	80
565	223	81	80
568	229	83	80
570	231	80	81
573	231	81	77
574	230	80	78
577	231	83	81
578	233	82	91
582	230	82	83
584	234	81	81
587	235	81	83
589	238	82	90
589	233	81	89
586	237	85	108
583	276	91	123
582	259	92	135
578	263	95	132
575	260	97	133
573	257	98	135
572	261	97	130
570	262	98	130
570	252	97	138
568	258	98	135
566	264	97	129
564	257	93	134
562	264	94	123
559	270	92	115
557	254	92	121
554	262	92	124
554	242	84	123
552	242	83	100
547	248	84	106
546	240	81	96
540	244	82	112
538	239	77	99
537	231	74	84
536	228	75	88
534	228	77	91
533	224	75	85
535	221	75	85
535	219	75	90
534	213	75	80
534	212	79	86
532	205	80	97
534	201	80	105
538	197	79	94
542	193	79	89
545	190	82	84
549	186	80	85
553	184	84	86
558	180	80	89
561	177	81	90
567	176	82	89
571	173	86	87
575	173	86	87
577	168	87	91
579	164	87	93
580	160	89	95
579	158	90	93
581	157	86	94
584	156	86	92
585	157	85	90
586	157	87	91
588	156	88	89
588	160	88	87
590	154	87	94
589	152	86	100
587	149	88	108
587	148	87	112
587	146	87	114
585	146	89	119
582	143	91	114
581	143	92	113
580	140	94	108
580	137	94	105
578	138	95	102
575	135	99	94
575	134	101	87
572	135	106	81
572	134	102	78
565	129	83	75
564	129	74	70
565	128	67	73
564	127	66	74
565	127	67	75
565	126	66	75
566	125	65	73
567	123	65	73
568	121	65	75
569	121	66	73
570	120	68	72
572	120	71	73
572	117	69	74
574	115	70	75
577	112	71	77
581	109	69	76
582	107	73	77
584	105	72	77
587	104	72	78
586	102	70	79
589	101	75	79
587	99	72	78
591	98	73	78
590	98	74	78
591	96	76	78
591	96	74	78
592	94	74	79
593	91	76	81
594	87	83	83
591	86	85	83
587	85	90	83
584	83	101	86
580	80	103	88
572	79	107	90
568	78	109	91
562	78	111	93
555	75	121	95
549	73	122	95
543	71	124	93
536	68	119	94
532	66	103	94
527	66	109	90
521	64	110	92
520	63	117	93
514	61	101	93
507	58	104	92
506	57	97	90
504	56	95	90
503	55	95	88
504	54	91	89
499	54	98	91
490	56	103	93
481	62	113	95
474	65	102	98
464	69	123	97
453	71	111	104
446	72	135	109
434	67	131	116
433	63	138	118
426	56	138	118
431	50	136	117
426	47	138	113
427	47	139	112
428	46	141	109
425	42	140	110
434	35	130	109
437	31	132	111
441	29	133	109
444	27	130	108
446	28	131	112
441	33	129	113
432	34	110	115
418	42	106	114
410	49	108	117
396	53	109	117
404	60	106	113
409	64	104	111
415	67	108	117
423	72	109	122
432	77	109	124
434	89	107	120
435	100	100	123
435	109	98	121
438	118	98	118
435	124	98	119
428	127	103	120
418	131	114	122
411	131	109	121
408	137	100	116
405	142	96	118
399	149	97	116
396	151	100	118
392	155	100	117
387	160	102	120
373	167	111	120
371	170	104	124
361	173	110	123
363	175	105	120
354	175	108	120
356	173	105	117
348	170	109	118
360	166	100	117
364	165	98	121
363	163	103	120
366	160	104	122
371	158	102	122
374	155	97	121
376	155	95	117
377	153	94	119
376	152	96	118
377	149	99	117
370	141	107	121
376	128	107	123
377	115	104	125
376	107	102	123
382	101	99	116
381	100	103	123
384	99	102	118
386	98	104	118
390	98	103	118
394	99	102	115
399	100	101	113
403	103	100	114
408	105	98	113
409	109	101	114
414	112	99	112
416	117	101	113
418	122	102	112
421	123	101	111
424	126	99	110
423	126	102	108
429	126	97	108
430	127	97	106
431	128	97	107
434	127	99	108
437	125	98	108
438	123	97	108
440	121	96	108
442	119	95	106
441	119	96	107
441	118	97	105
441	118	95	107
441	119	95	107
441	119	95	104
440	120	95	106
437	120	95	103
432	121	96	102
429	124	95	102
421	125	98	102
420	126	94	104
416	128	96	104
413	130	97	104
407	131	100	105
409	133	95	103
413	134	94	102
410	136	94	102
410	137	94	103
406	141	93	100
405	143	92	99
400	145	96	97
398	147	96	96
402	146	92	96
401	147	93	96
402	148	91	95
402	147	92	95
404	147	90	96
404	147	91	95
405	146	90	95
408	147	88	95
407	148	92	97
414	148	88	95
417	150	87	94
421	150	85	95
423	152	84	95
424	153	77	92
411	155	82	83
403	162	86	82
406	162	85	83
409	161	83	86
410	163	79	81
415	164	81	80
418	165	77	79
416	169	75	76
423	167	75	78
426	172	89	80
440	165	106	93
436	161	118	99
448	160	118	104
444	162	120	101
450	163	114	102
452	161	114	102
455	164	116	102
463	164	113	101
468	165	114	103
472	163	117	105
478	163	113	109
475	155	118	107
487	155	105	109
481	153	88	100
486	154	82	90
486	155	83	87
485	156	82	86
484	156	79	85
481	155	80	84
480	155	79	84
478	155	79	85
476	156	78	85
475	157	80	86
471	158	80	87
468	159	81	88
465	160	82	86
459	161	84	87
457	161	84	88
448	162	88	89
444	165	90	89
440	166	91	90
442	167	89	89
440	169	87	87
442	169	85	88
441	172	84	85
442	172	82	84
440	173	81	84
437	173	82	84
436	172	82	83
435	172	81	83
437	172	80	82
440	173	77	81
445	174	73	80
444	177	73	77
448	178	71	76
449	178	71	77
452	177	71	76
453	177	72	78
454	177	74	77
455	177	76	78
455	176	77	79
457	178	79	81
460	179	78	83
467	181	76	81
469	180	78	83
471	180	79	85
476	182	77	80
479	183	77	81
479	182	80	83
488	188	76	81
492	189	75	78
490	188	75	78
490	188	79	81
494	184	78	82
501	184	73	81
504	185	71	81
506	185	70	79
507	186	69	78
509	189	66	76
509	186	66	78
512	187	65	77
514	189	64	77
515	191	62	75
515	191	61	75
517	191	61	75
514	190	63	75
515	190	64	77
513	189	64	79
511	186	65	80
508	184	67	82
507	183	68	81
509	184	65	80
504	182	68	81
503	180	67	81
498	179	69	82
497	177	68	82
495	177	69	80
492	176	70	79
487	177	72	78
479	175	78	80
476	171	77	81
470	168	79	83
468	167	79	80
466	168	77	77
464	166	76	76
462	165	76	74
458	166	75	73
455	163	77	75
452	162	79	74
450	161	79	74
447	159	79	75
444	157	79	75
442	156	79	74
440	156	80	74
439	154	81	75
437	152	80	75
437	152	80	75
437	150	80	75
438	149	80	76
437	148	80	75
438	148	81	76
440	147	81	75
443	146	82	76
445	146	83	78
449	144	85	78
453	142	85	79
458	138	86	80
463	134	86	82
467	132	87	82
470	132	87	81
473	131	87	80
477	130	86	79
479	128	87	80
481	126	87	81
482	124	88	82
484	122	88	82
486	121	88	82
487	120	88	82
487	119	87	83
488	118	88	83
488	116	88	85
488	115	88	85
488	114	89	86
487	113	89	87
486	113	91	87
486	111	91	88
485	109	93	89
485	107	93	91
484	106	94	93
483	104	94	91
481	99	95	93
480	95	96	93
478	92	97	93
477	89	98	94
476	87	98	93
474	84	99	93
472	82	100	98
471	78	100	97
469	77	100	96
468	74	101	98
466	71	101	97
465	70	102	98
465	68	102	98
464	66	103	100
464	62	103	103
464	60	104	103
465	58	103	104
466	55	104	105
467	54	106	105
469	52	106	105
470	51	106	106
471	49	108	106
475	47	107	106
476	43	109	108
478	40	109	108
481	35	110	110
483	33	109	108
486	29	109	108
487	26	109	109
488	24	110	107
487	25	110	106
487	24	112	106
489	24	112	103
489	23	113	102
490	22	112	100
488	22	113	100
486	22	113	98
483	22	114	98
481	21	115	98
478	21	114	99
476	21	115	99
473	21	115	100
472	22	114	99
471	22	114	101
470	22	114	102
470	22	115	104
470	23	114	103
470	23	115	104
469	23	115	105
469	23	116	104
468	23	115	105
467	23	116	107
465	24	116	109
464	25	117	110
462	26	118	110
459	26	118	114
458	26	119	115
456	26	119	116
455	27	119	115
454	27	119	117
455	28	118	115
454	28	118	115
454	29	118	116
453	29	118	115
451	29	119	117
449	30	118	116
448	31	118	116
445	32	118	116
443	33	118	117
441	34	119	117
439	36	119	117
437	38	120	117
432	40	120	118
427	43	121	119
421	46	121	117
411	50	125	118
403	56	125	115
389	63	129	116
379	72	131	116
367	81	134	116
357	90	137	116
344	99	141	119
333	115	142	119
327	131	143	115
321	139	138	114
313	153	138	115
306	166	138	112
297	180	139	109
292	190	145	109
285	199	145	108
281	205	143	107
277	210	145	107
275	210	140	108
272	210	142	108
271	207	143	109
271	204	141	109
271	202	141	109
270	197	143	108
270	193	142	111
272	190	142	111
270	186	142	110
272	187	141	110
271	184	141	110
271	184	140	109
271	184	139	108
271	184	138	108
267	187	139	108
263	187	137	109
260	187	138	112
256	189	139	109
254	189	139	109
252	189	136	106
251	192	129	106
251	194	136	105
247	193	120	121
248	189	127	110
248	192	134	110
244	189	128	109
245	191	133	110
242	193	137	111
242	194	130	109
242	194	133	108
241	194	135	109
240	195	126	109
241	195	129	108
240	195	135	107
239	195	138	109
245	193	131	110
241	193	133	109
243	193	138	106
246	193	145	106
245	192	137	109
249	191	142	107
253	191	143	107
251	190	142	110
256	188	146	108
257	186	144	107
261	187	141	110
264	186	140	111
265	182	140	111
269	181	135	110
272	179	130	108
278	173	133	110
283	170	129	105
286	165	127	103
288	162	135	107
290	159	134	109
294	156	135	110
295	153	135	109
297	152	133	109
299	151	131	108
299	151	131	108
300	152	132	107
300	151	132	108
301	152	131	108
301	152	133	108
300	153	134	108
302	153	135	108
301	151	137	108
304	149	137	108
307	148	136	107
307	145	137	109
309	144	135	108
310	144	135	108
311	146	133	107
312	147	133	107
312	147	133	108
312	148	134	107
313	151	133	106
314	151	134	107
313	151	134	107
314	152	132	107
314	151	136	108
316	150	138	108
318	149	141	109
319	148	145	111
323	146	146	112
328	144	145	115
332	143	144	116
335	143	144	120
339	143	144	122
343	142	142	121
347	144	138	115
353	144	137	116
359	144	137	118
367	148	136	116
371	152	137	114
379	154	135	116
386	157	132	116
392	158	130	116
397	160	128	115
401	161	126	113
405	162	125	114
408	162	124	114
411	162	123	113
415	162	121	112
418	162	120	112
422	162	118	110
428	163	117	110
432	161	118	110
439	160	117	109
445	158	116	109
450	157	116	108
456	154	115	106
459	150	113	107
463	145	113	104
464	137	113	105
464	129	112	104
464	120	111	102
463	113	111	105
462	109	111	102
461	105	109	101
460	103	107	99
457	99	106	99
455	99	106	98
454	98	106	99
453	98	105	99
453	96	105	99
451	95	104	98
448	94	103	99
447	93	102	98
442	94	102	98
436	94	103	99
430	94	100	99
424	96	100	102
417	98	102	103
413	103	100	99
409	106	99	100
406	113	95	98
401	117	94	97
391	119	97	96
392	124	95	95
388	125	95	96
388	127	92	96
383	129	94	95
378	129	97	96
379	131	95	94
375	132	97	95
381	133	93	95
376	135	96	94
380	135	94	94
377	137	95	93
377	137	95	94
382	138	91	93
384	138	89	94
371	134	93	94
360	128	96	96
340	123	108	99
341	123	95	96
340	124	93	94
343	126	90	94
348	128	91	93
348	127	102	98
367	129	97	99
377	133	104	102
394	134	100	103
409	138	102	104
415	140	109	107
431	144	100	101
437	147	92	97
436	146	92	96
437	146	91	94
439	146	89	90
442	145	91	89
446	146	90	88
451	149	90	87
455	151	91	88
463	156	92	88
476	162	91	90
485	171	93	89
496	178	96	91
505	185	97	92
514	194	96	92
523	206	93	90
526	214	93	86
531	219	90	85
533	219	90	84
535	216	89	84
536	211	89	84
536	208	89	85
540	204	90	85
548	200	89	86
556	197	90	87
564	189	89	87
568	180	91	86
572	172	90	86
576	166	90	85
580	160	91	85
581	158	90	84
582	157	90	84
579	158	90	83
577	156	89	84
576	155	89	83
576	155	89	83
576	154	89	83
576	155	89	84
578	155	89	83
580	155	88	83
579	155	89	83
572	156	87	83
563	159	87	82
556	161	87	82
548	162	87	82
542	162	86	90
541	163	96	99
529	167	105	104
527	158	104	94
510	167	109	99
507	161	106	100
500	164	109	101
492	158	98	95
473	158	109	86
484	155	109	99
477	152	87	91
474	158	80	82
469	155	83	80
465	154	81	80
460	154	82	80
458	155	82	78
455	157	80	78
452	158	82	79
449	160	81	78
445	162	80	79
439	164	81	78
436	165	80	76
435	166	79	76
433	168	78	76
434	169	76	76
434	165	84	86
425	163	103	92
424	162	103	90
422	166	101	94
420	162	99	93
423	162	94	90
423	166	93	92
424	168	93	86
425	170	97	92
429	171	97	94
432	177	106	93
434	178	119	95
433	187	79	85
438	190	77	76
441	191	77	73
445	191	77	73
448	192	77	72
452	193	75	73
455	193	75	74
457	195	74	74
460	196	74	74
462	199	73	74
463	200	73	76
464	201	74	76
465	204	73	74
467	206	73	72
469	205	73	72
470	206	72	72
471	205	72	72
473	206	71	71
474	207	71	71
474	207	71	71
473	207	71	71
472	207	71	71
