40	251	78	189
35	259	83	178
32	257	86	178
26	259	91	176
23	259	97	175
20	259	101	174
15	260	109	174
17	261	109	173
16	264	115	178
20	266	114	179
22	267	114	184
31	265	109	193
193	265	88	178
198	259	86	183
67	267	100	193
76	262	96	199
89	260	88	196
95	258	85	201
119	259	70	200
131	257	67	194
141	258	62	186
144	257	67	192
145	257	78	182
140	246	93	193
140	241	110	206
134	243	103	203
130	242	92	198
126	244	78	195
101	251	67	188
86	246	71	194
69	254	84	184
55	260	95	184
39	265	112	182
31	267	116	185
28	273	119	183
30	275	119	183
39	273	116	191
55	274	104	189
64	274	100	190
70	276	97	188
76	266	90	199
85	266	84	197
96	264	76	201
107	257	81	207
108	252	81	210
104	258	82	198
100	255	81	200
91	255	78	198
79	253	76	199
57	261	76	193
45	258	67	196
28	262	81	194
18	268	87	183
12	274	94	189
12	276	98	194
21	272	91	199
35	273	84	198
42	270	82	202
53	268	77	203
66	265	72	202
70	261	79	203
69	259	91	201
59	254	111	199
50	248	122	198
45	247	127	194
42	244	122	194
41	247	114	196
42	249	105	199
41	251	92	196
33	262	76	194
25	269	76	190
25	269	80	195
28	269	78	198
46	268	80	203
54	268	82	201
60	271	84	199
66	272	84	194
69	266	84	197
74	266	85	190
81	261	87	196
81	256	91	194
82	257	100	190
82	255	113	196
77	252	126	192
76	247	133	193
75	244	137	200
74	242	130	202
74	241	109	195
79	244	98	200
76	256	82	194
70	260	81	194
64	263	83	195
68	265	81	200
75	260	80	203
94	261	79	202
107	259	73	192
112	255	72	202
118	255	83	195
121	246	88	206
116	237	109	215
111	239	121	211
112	238	125	211
107	234	131	215
108	233	132	211
114	236	126	202
120	241	124	206
122	246	123	199
124	248	122	196
125	258	110	187
130	260	85	191
132	264	85	192
135	266	88	193
145	268	88	188
153	266	84	189
153	261	94	200
156	260	100	203
158	258	114	200
164	259	122	200
161	261	129	196
157	257	137	200
156	255	140	200
159	255	142	199
152	250	147	205
154	249	144	203
146	245	154	204
145	246	156	203
142	242	160	208
144	246	158	202
141	244	161	205
141	250	148	194
150	252	148	198
152	256	141	196
150	255	145	199
156	260	140	192
152	256	140	207
157	257	139	202
156	253	145	205
156	256	144	201
155	254	145	203
150	254	152	203
146	255	154	204
145	254	155	204
144	251	155	206
136	251	160	208
130	248	166	209
131	248	165	210
121	247	171	210
105	250	187	203
83	251	209	198
77	249	215	198
72	250	216	201
59	245	223	211
45	243	189	217
44	247	179	210
38	252	113	209
39	256	90	202
24	257	75	192
10	254	70	203
0	258	69	199
0	258	66	200
0	259	65	196
0	261	68	192
0	263	70	205
0	262	75	213
0	265	83	223
0	265	89	219
3	263	93	226
13	261	90	228
22	259	89	227
52	260	80	221
63	257	81	226
69	257	85	225
84	255	80	224
94	255	73	224
112	252	91	225
126	246	120	232
124	243	125	225
130	240	127	231
131	237	129	232
148	231	129	229
152	230	127	229
158	232	128	221
164	230	124	222
169	234	127	220
177	239	114	213
172	245	88	202
163	246	86	204
156	249	85	212
153	250	88	213
148	250	98	224
151	251	99	223
157	251	100	218
162	253	103	225
175	255	92	220
188	253	88	220
200	245	85	216
218	241	80	217
233	247	78	195
241	243	89	201
238	234	113	197
237	239	121	190
241	236	144	192
235	228	153	196
241	224	166	211
261	232	194	197
270	232	174	194
287	230	159	192
304	230	139	184
312	230	131	188
334	233	150	189
347	230	175	198
354	242	179	188
366	239	178	192
371	240	182	187
395	255	192	175
395	254	187	179
407	256	191	181
404	260	195	179
416	261	189	177
420	258	179	184
420	258	174	186
418	253	167	192
416	250	163	197
413	251	158	196
406	250	142	195
407	251	134	194
399	251	127	196
379	244	132	197
380	250	128	191
390	248	117	196
390	249	118	196
397	247	111	195
392	243	114	202
405	238	108	206
394	231	128	202
401	231	128	190
404	225	123	168
394	248	146	177
384	275	211	113
513	243	172	188
526	253	200	182
534	253	203	177
548	256	208	177
549	253	221	181
567	261	207	178
555	250	215	185
558	263	204	183
551	255	195	187
544	259	197	189
538	256	193	193
516	243	201	198
507	247	188	190
504	238	169	207
501	236	146	213
502	237	132	207
429	233	127	201
448	233	122	207
465	232	108	212
471	234	98	201
483	234	88	199
482	236	105	196
490	231	114	197
503	228	111	198
514	229	113	198
522	229	126	195
536	227	135	192
552	225	161	194
554	222	182	186
558	223	197	188
553	227	221	185
546	222	218	187
553	229	211	183
547	222	193	186
556	225	177	194
559	223	179	202
610	228	146	198
623	225	117	202
630	226	121	215
626	225	137	215
626	218	139	221
632	224	131	211
640	240	126	197
643	230	115	208
644	236	115	203
639	234	120	207
610	231	146	211
619	223	148	218
626	223	150	216
633	219	150	220
638	212	167	224
646	212	180	213
648	214	201	200
651	213	202	178
663	217	198	178
651	216	215	170
666	215	211	169
654	213	213	170
671	223	208	176
677	225	195	166
676	229	196	174
660	225	207	187
652	226	209	191
648	221	200	199
641	225	182	193
634	226	173	200
620	229	166	203
612	231	158	198
595	230	175	203
593	231	175	203
571	226	154	210
656	226	118	207
671	226	87	206
673	212	75	223
483	235	109	197
475	238	116	200
473	239	118	204
476	237	124	217
496	234	111	229
512	236	111	228
530	240	110	215
539	216	109	245
547	225	110	232
556	229	108	217
565	227	107	218
585	213	108	231
615	233	106	212
631	205	110	229
652	225	116	213
659	227	128	211
665	224	145	213
670	223	153	210
679	225	161	202
682	220	178	209
687	221	197	208
691	218	210	201
695	225	221	177
706	229	217	173
714	234	219	182
725	234	202	183
726	232	192	187
701	185	147	172
701	181	139	195
715	193	122	226
732	218	116	222
727	218	109	219
734	245	100	190
733	242	98	194
740	234	93	199
736	231	94	201
724	208	97	218
698	174	113	227
749	210	97	218
759	209	93	215
760	205	100	198
760	178	114	154
776	211	121	128
781	220	133	126
771	209	159	134
778	215	166	146
780	206	171	192
800	225	156	178
808	218	151	186
804	209	149	211
806	207	148	215
798	232	156	185
801	215	151	216
803	221	148	222
799	215	150	227
800	217	152	225
799	215	150	225
804	199	145	247
805	176	143	264
815	209	140	231
814	197	138	242
814	204	137	227
816	211	133	216
818	214	130	212
820	219	127	212
822	218	127	211
822	220	126	206
825	218	122	209
825	213	120	211
826	210	120	214
824	209	122	216
825	204	122	220
826	207	124	217
827	209	124	216
824	211	129	210
817	209	133	211
814	207	133	210
800	207	137	220
793	203	138	220
781	205	137	238
776	205	120	234
764	208	111	240
736	209	105	239
722	203	87	220
708	210	74	233
674	213	81	234
648	217	91	227
646	198	88	193
641	202	90	161
606	218	112	205
579	212	138	235
578	222	146	227
575	235	137	214
592	220	129	232
615	222	104	237
628	277	93	174
641	310	79	149
656	297	66	159
682	191	71	148
693	226	68	180
705	265	80	164
715	288	78	147
729	297	86	117
735	297	93	111
737	295	82	110
735	294	83	119
724	280	103	123
745	215	77	163
741	210	81	181
735	204	87	201
726	204	100	211
714	185	103	222
710	192	90	219
564	202	108	206
543	219	118	197
522	211	137	216
504	215	148	212
487	210	157	228
475	235	156	212
474	234	159	216
473	233	160	222
474	220	162	240
483	208	165	250
502	210	151	247
512	215	143	242
513	217	145	242
515	218	148	244
520	213	143	245
533	221	130	237
553	216	114	239
554	222	105	231
558	225	100	231
559	220	96	238
544	211	104	241
547	208	109	244
533	207	120	250
507	215	119	230
483	221	137	224
457	222	142	227
442	223	148	227
428	229	145	224
421	235	151	226
419	237	151	226
413	242	157	235
412	240	162	240
416	239	167	245
424	236	168	249
441	234	164	249
477	220	129	259
491	219	123	266
509	221	112	258
517	226	104	248
530	224	90	247
551	218	117	242
546	218	125	245
536	219	139	248
530	223	150	245
520	217	152	248
496	215	118	242
552	212	127	248
558	212	111	248
424	214	96	227
386	216	109	204
326	229	150	203
301	227	172	217
277	231	192	222
259	228	210	231
237	229	224	242
243	236	210	233
251	231	206	241
255	232	197	242
453	237	122	234
460	238	104	233
329	237	143	242
335	237	138	241
340	238	133	240
353	237	120	239
369	228	115	246
399	224	105	243
432	211	113	251
420	223	104	237
395	219	100	242
384	225	99	230
360	220	114	228
350	223	126	224
338	225	137	218
321	226	149	217
311	226	157	218
288	223	176	225
278	233	175	224
274	232	180	226
267	230	186	237
262	235	185	238
275	233	172	245
284	224	166	230
286	236	158	245
287	228	152	250
291	237	151	243
299	240	144	246
312	241	133	248
326	240	124	248
333	239	123	252
335	231	121	263
344	234	111	260
343	236	110	261
339	231	110	268
332	219	116	279
330	218	112	279
297	213	134	276
276	220	138	277
245	215	161	266
226	204	183	278
188	206	223	271
185	227	221	269
174	230	231	272
164	230	222	274
164	232	203	274
170	241	183	260
175	243	182	257
183	239	172	265
175	246	162	256
185	237	202	185
271	229	130	204
269	228	121	268
274	229	119	268
282	228	112	266
301	225	107	268
305	227	97	271
293	222	109	267
282	226	101	257
263	224	89	244
240	220	94	243
216	225	101	244
162	225	119	222
145	231	132	221
118	233	151	225
92	236	164	216
69	236	177	229
51	237	194	228
27	243	213	230
13	246	223	228
11	248	221	227
19	250	211	224
67	256	162	192
189	268	134	227
191	253	125	249
188	258	125	241
193	251	127	243
195	253	119	249
188	242	124	252
169	248	120	245
145	245	149	248
132	243	157	243
143	239	125	242
143	231	123	240
137	235	125	238
129	235	131	242
118	233	135	237
87	236	157	220
78	230	168	222
57	232	185	222
44	231	203	204
29	239	212	205
14	236	224	202
7	244	217	197
14	243	206	203
35	243	169	221
43	245	158	223
53	243	143	230
47	245	148	235
54	248	156	242
57	235	156	256
53	235	159	258
54	246	153	244
60	249	148	242
70	243	137	250
75	240	134	258
78	235	132	266
75	250	130	248
74	242	131	256
75	244	127	252
73	241	126	253
64	245	129	250
56	246	125	240
70	242	113	231
27	252	149	225
23	249	143	233
13	248	144	235
9	250	147	230
11	257	143	224
13	255	133	228
18	252	129	233
35	251	126	243
18	255	133	234
27	256	135	234
7	253	156	239
21	248	144	239
7	253	150	240
12	245	151	243
15	246	144	241
15	247	145	243
10	244	145	245
15	247	140	242
13	249	142	241
9	253	137	235
14	253	135	232
7	254	142	234
11	251	143	236
10	246	145	242
16	249	140	237
18	249	138	239
19	246	143	241
32	244	134	242
49	249	126	245
63	251	126	236
65	255	125	235
65	253	126	239
70	251	124	241
70	250	128	245
70	248	130	247
69	248	134	249
73	247	133	248
77	242	136	255
79	240	143	257
85	243	142	251
93	246	136	244
93	247	141	246
98	247	140	243
116	244	128	222
103	223	145	249
97	235	157	228
85	225	169	242
94	207	179	247
77	216	188	259
77	224	187	245
91	215	182	255
83	220	189	265
138	195	163	230
135	192	163	238
147	177	170	254
135	216	171	285
130	222	173	281
151	233	156	263
159	262	133	237
233	248	162	245
212	246	176	250
232	248	164	245
231	239	136	250
239	221	127	267
237	221	128	264
243	210	136	274
242	202	140	281
233	214	146	268
227	183	174	272
203	215	179	251
178	222	189	230
181	224	187	223
170	223	195	227
169	227	200	222
172	229	206	233
175	229	204	232
181	232	198	233
191	237	183	235
209	240	169	244
231	243	149	246
257	240	128	249
262	247	130	241
265	239	130	248
265	242	130	244
270	240	132	241
274	239	129	241
283	238	119	247
295	234	106	244
314	237	90	238
330	231	85	243
340	235	92	239
345	237	87	232
338	231	86	233
334	230	79	230
326	233	78	228
321	231	82	225
320	228	83	228
320	226	81	229
317	225	84	230
315	225	85	228
314	226	85	227
312	226	86	227
312	227	85	225
311	227	86	225
311	226	88	227
309	223	90	228
309	225	90	226
309	227	91	224
309	225	90	226
307	224	95	227
306	226	93	223
304	222	96	228
307	225	94	226
306	224	91	226
304	224	94	228
307	226	92	224
304	224	92	226
304	224	94	229
304	225	91	225
300	222	96	230
300	222	97	228
300	224	96	227
299	222	96	229
298	225	98	224
299	224	97	226
299	224	96	228
297	225	96	225
297	224	97	227
297	224	99	226
295	224	99	226
296	223	99	228
296	224	98	226
297	224	97	226
299	225	95	226
297	224	94	227
299	224	94	228
298	224	94	227
299	226	93	228
301	225	92	226
300	223	94	232
301	224	95	229
300	225	96	229
301	225	95	229
303	229	93	225
303	232	95	225
304	232	94	228
303	233	97	228
300	240	101	221
299	243	107	222
294	247	118	221
291	250	127	225
295	247	126	245
303	247	121	248
314	248	116	243
337	244	101	244
345	241	100	246
345	242	104	244
347	242	103	241
349	241	103	244
353	233	104	243
365	228	99	246
374	220	97	247
376	226	101	245
378	220	100	239
381	219	97	240
380	220	101	240
375	218	106	241
374	222	109	233
369	223	103	232
364	226	107	232
354	234	98	235
356	238	104	231
352	237	99	234
352	244	103	236
346	242	105	238
352	245	108	241
348	243	116	248
353	244	120	245
357	243	121	245
353	237	129	249
349	240	140	242
350	238	170	247
349	236	148	243
346	230	179	251
341	238	176	236
343	238	195	245
320	230	219	249
334	229	213	255
309	231	230	251
325	232	222	253
300	226	237	251
315	227	228	247
303	231	218	240
317	230	198	237
313	235	193	235
317	238	140	247
322	240	125	238
322	243	124	240
319	246	124	249
318	249	126	254
320	246	127	260
326	243	122	260
328	241	127	268
336	242	123	254
338	235	133	263
351	239	144	247
361	232	153	242
369	235	161	240
379	229	172	252
385	226	175	249
391	222	175	254
397	217	174	266
399	214	174	266
402	210	183	265
411	215	182	263
426	216	185	253
437	221	182	245
447	222	182	245
458	226	183	248
469	224	184	254
481	220	180	260
490	221	176	260
498	231	177	252
499	225	183	254
508	233	181	248
508	242	193	240
509	238	195	241
511	243	191	238
507	233	194	247
507	233	198	245
508	227	196	253
511	223	194	255
511	220	190	252
517	223	188	249
515	225	196	246
524	227	197	237
530	229	201	231
527	230	206	224
539	235	207	223
536	227	217	229
552	232	202	231
544	227	208	234
548	225	205	234
548	225	201	239
548	222	201	242
547	226	204	238
548	230	205	235
544	231	210	235
553	233	206	237
546	231	204	235
570	235	185	237
568	229	178	239
572	213	169	254
574	214	178	247
574	209	190	253
586	228	227	229
592	219	248	240
589	215	280	244
603	214	281	242
612	225	274	227
637	227	257	223
633	231	257	221
651	235	236	218
650	227	223	222
652	230	206	221
646	226	176	223
650	223	191	231
635	227	197	230
640	222	202	239
633	228	204	227
627	222	208	232
618	219	214	241
617	212	205	243
624	224	189	232
626	214	175	237
632	217	160	236
638	217	152	233
638	216	152	232
638	215	148	231
639	216	150	232
638	214	167	235
638	212	174	233
642	222	185	226
636	215	193	233
632	219	196	231
620	217	195	235
614	216	178	236
621	215	160	240
620	216	155	235
622	217	149	231
618	214	150	240
616	217	154	240
619	220	156	236
618	223	155	233
620	226	154	232
634	223	143	232
636	220	138	233
638	216	126	232
640	219	143	230
643	218	151	225
654	214	169	224
663	209	175	221
662	208	189	223
658	210	220	219
675	213	216	220
700	226	210	206
704	233	231	207
704	228	220	206
713	238	220	206
713	236	214	209
711	237	211	211
711	244	207	208
716	247	196	207
717	242	201	210
704	244	209	207
696	236	198	213
681	228	207	217
683	227	204	219
685	232	195	217
691	224	186	226
699	220	177	232
701	207	172	238
712	214	165	229
711	202	173	242
712	203	186	239
727	214	202	234
719	211	207	235
731	214	215	230
747	223	206	225
742	216	213	225
713	197	177	237
713	204	175	229
715	200	176	237
710	194	182	240
708	201	182	236
719	205	175	229
713	204	178	231
711	204	181	230
710	200	180	235
709	203	181	230
710	203	182	229
709	203	181	236
718	199	173	233
711	202	181	236
712	200	179	233
711	196	184	240
710	199	182	238
714	198	182	236
709	195	186	240
715	195	186	244
714	201	185	232
711	193	185	239
712	199	192	242
716	199	183	232
713	198	190	236
716	201	185	233
716	197	184	238
712	201	187	234
716	196	186	240
719	203	183	231
714	200	186	234
711	194	188	244
718	200	185	235
716	204	184	232
714	201	186	235
719	200	182	234
714	196	188	239
717	203	185	232
716	204	183	232
715	201	185	233
716	200	190	228
721	209	185	226
719	211	181	226
721	210	183	226
719	206	185	228
716	200	190	234
714	204	190	234
724	208	180	232
723	211	180	227
717	206	189	231
718	205	184	230
714	200	190	234
717	202	188	232
720	207	184	229
720	208	182	228
720	208	182	227
718	201	189	232
717	208	191	231
714	198	188	238
718	199	189	234
721	214	186	224
723	214	182	223
729	217	176	219
724	206	182	233
725	218	179	214
728	214	180	218
727	222	178	216
722	212	181	224
721	230	180	203
715	225	174	202
708	222	181	215
708	230	171	207
706	222	173	217
698	221	177	215
688	219	144	209
702	227	143	216
697	237	145	199
701	232	154	214
683	231	167	206
684	231	171	205
671	228	191	212
663	227	194	215
650	220	209	219
649	221	216	224
619	213	164	230
616	217	139	209
611	215	128	208
602	218	123	213
601	220	111	207
559	232	86	205
542	231	89	204
527	243	93	195
511	241	104	203
499	245	117	202
491	249	122	203
492	249	123	207
492	251	124	208
496	249	120	208
502	249	118	206
510	247	113	208
522	239	103	214
535	235	90	215
549	240	80	216
563	232	72	220
567	235	71	216
566	230	67	213
565	217	61	189
551	222	64	184
535	233	74	197
520	235	86	185
490	239	114	180
473	241	129	193
466	241	133	199
461	240	137	208
462	240	137	208
461	239	138	213
462	238	138	216
474	239	129	216
488	242	119	215
492	233	117	221
497	211	118	242
505	231	105	221
512	237	92	213
516	231	86	217
518	233	83	215
514	228	82	217
509	227	84	219
494	229	94	211
483	228	105	206
465	234	119	199
440	239	137	198
430	240	145	196
422	244	150	194
413	244	153	198
408	242	158	205
413	244	150	206
423	246	142	204
436	242	131	211
442	237	129	214
443	229	125	221
447	239	111	214
448	237	109	213
450	239	102	209
451	235	97	209
449	230	95	209
439	227	98	208
431	232	102	200
419	235	108	198
402	237	118	193
388	236	130	186
366	238	149	184
355	236	158	184
346	237	166	181
337	237	172	182
328	240	170	181
321	241	175	187
322	240	173	188
327	237	176	193
330	237	158	197
334	246	153	195
385	240	118	206
397	244	108	203
398	248	102	198
394	250	103	198
395	251	103	196
394	248	104	201
394	247	106	201
394	245	106	202
394	246	104	201
392	244	105	202
388	246	100	198
386	250	100	190
371	248	108	194
360	252	113	183
351	253	122	186
332	255	133	190
323	251	144	194
319	247	150	201
317	247	150	202
318	250	149	202
331	251	137	199
339	248	131	203
343	247	128	204
345	248	125	202
356	250	115	200
363	253	103	193
369	253	96	193
370	253	92	192
369	252	90	190
360	252	90	191
342	243	100	191
328	250	108	180
314	248	118	186
296	247	131	183
281	246	143	183
260	247	159	181
246	248	165	180
240	249	165	185
232	247	172	188
226	251	178	185
218	255	179	181
234	254	160	184
231	256	151	177
267	249	131	196
279	250	126	193
282	252	129	193
279	250	131	195
270	251	133	192
259	250	131	187
254	247	127	188
247	241	128	189
251	236	127	179
245	234	134	189
224	236	151	184
226	233	149	183
227	234	137	183
215	234	146	180
198	241	156	182
181	243	164	179
180	234	170	186
179	243	155	180
193	249	139	180
173	247	161	175
197	254	128	171
184	250	142	188
182	250	143	184
203	253	117	182
216	251	104	191
224	253	97	192
221	258	101	189
219	263	102	183
218	262	104	184
217	263	103	184
216	263	104	183
215	263	103	183
215	260	101	186
213	259	100	187
209	260	104	187
203	260	108	185
188	262	118	177
189	257	119	178
183	252	118	186
188	253	110	191
159	259	125	171
150	253	132	179
132	260	143	170
125	259	143	176
124	258	139	177
119	255	144	181
121	256	138	180
124	253	135	185
132	255	126	186
142	256	113	189
148	261	112	188
149	260	111	187
151	264	111	184
150	262	117	185
150	259	114	186
151	262	116	186
156	260	115	184
157	257	114	189
157	258	112	187
157	259	110	188
156	259	109	186
157	260	107	186
157	259	107	191
161	260	104	185
164	261	103	185
166	258	98	184
171	259	93	184
175	256	88	185
176	254	89	186
173	252	89	186
170	250	95	188
170	256	96	180
167	267	100	168
165	266	104	167
168	270	105	166
172	263	108	170
178	264	117	177
183	262	116	175
201	261	106	179
202	262	101	180
206	263	100	178
209	262	100	182
211	259	99	185
213	261	101	185
213	262	103	183
214	263	101	185
218	261	97	184
213	261	104	186
214	255	100	189
217	247	107	200
216	252	106	192
220	253	102	188
219	252	102	189
220	252	102	185
221	253	106	183
221	255	108	180
224	250	110	181
228	253	112	175
235	248	114	176
244	248	109	175
255	246	103	178
275	245	98	170
291	248	99	173
304	253	92	166
312	246	97	169
317	238	87	180
353	229	111	179
392	227	135	180
408	233	138	183
425	236	138	173
455	235	126	174
461	230	134	185
459	232	141	185
461	237	152	177
462	241	158	179
465	244	163	175
453	243	176	176
457	247	175	173
453	251	173	170
454	252	166	170
451	251	163	171
452	255	160	168
450	254	155	172
446	253	152	176
443	250	149	181
442	247	148	183
445	250	148	180
446	247	146	184
451	246	145	182
448	249	151	180
455	248	145	180
458	249	142	177
461	250	139	176
465	249	138	176
468	248	135	175
471	247	133	175
472	247	137	176
474	248	142	172
473	241	158	178
480	239	158	175
475	240	163	173
485	238	178	172
475	245	199	164
494	249	199	162
489	249	204	161
493	251	207	160
485	252	208	159
498	254	186	160
505	255	166	163
504	248	163	173
501	256	158	166
502	253	150	171
499	253	151	168
502	257	144	163
498	252	143	167
502	255	137	162
505	254	131	162
505	251	129	164
507	239	126	175
508	236	127	179
513	235	126	177
514	229	129	181
511	218	138	192
516	207	147	196
525	228	147	172
531	231	146	170
534	237	148	162
540	237	147	161
547	248	144	152
548	247	145	151
551	250	143	148
555	249	134	148
560	248	127	156
564	247	110	159
566	248	111	170
564	248	113	165
563	246	112	164
563	248	112	164
559	244	119	165
558	240	129	171
558	235	127	171
564	237	119	170
559	235	120	174
565	237	116	172
563	230	115	180
571	240	110	172
578	237	108	171
580	235	114	172
585	234	127	169
590	235	135	160
588	232	147	164
586	233	160	162
589	234	165	163
597	232	168	169
610	238	156	166
615	242	148	162
622	246	137	157
622	245	136	157
619	247	128	156
617	240	126	165
620	243	121	163
616	240	120	165
614	239	118	166
609	237	115	166
608	234	113	169
607	234	115	168
607	233	115	169
610	233	110	168
620	237	104	164
619	236	108	165
624	236	112	165
627	237	121	165
630	236	130	167
632	237	140	163
639	243	140	153
641	246	146	153
635	243	147	157
639	243	139	157
634	244	138	157
632	241	137	161
634	245	132	157
629	243	135	161
625	236	131	166
630	237	114	164
633	237	105	167
634	238	98	167
637	238	91	167
640	241	83	161
651	235	75	167
649	230	75	169
656	232	75	165
663	233	76	165
673	234	77	157
677	237	101	154
676	228	118	155
691	230	128	159
682	221	152	164
670	212	180	177
684	223	185	168
696	229	182	164
703	231	178	163
707	235	167	160
709	236	162	161
709	240	144	159
710	239	135	159
711	240	133	159
711	239	131	159
712	238	129	160
709	234	129	162
705	226	125	169
704	233	115	169
709	233	98	168
708	235	104	164
709	233	96	165
711	235	96	163
710	233	100	166
712	233	102	163
712	235	101	161
716	237	105	159
724	239	114	153
725	239	122	152
724	237	130	155
727	246	133	145
729	245	135	148
730	249	133	146
727	241	133	154
718	236	135	159
719	236	127	158
720	236	117	158
720	243	112	152
724	243	104	152
721	246	104	150
720	245	108	149
721	243	104	151
722	243	94	149
720	240	93	154
720	236	92	155
719	229	96	163
711	223	101	167
711	223	103	163
712	221	105	160
718	223	112	162
713	213	127	175
720	224	126	159
722	233	136	148
728	238	134	151
733	244	132	146
736	244	135	149
730	249	132	142
727	250	127	141
724	245	117	145
716	242	110	151
713	240	110	155
717	240	106	153
716	239	109	156
716	239	106	153
716	238	107	154
715	238	107	153
711	235	113	154
708	235	116	154
700	230	124	160
701	227	130	160
706	235	131	152
697	232	144	157
706	241	139	149
700	238	148	152
690	240	155	151
696	245	145	147
691	248	145	146
689	247	133	149
684	251	130	144
682	244	131	154
676	240	134	155
668	231	133	165
662	225	138	173
664	226	133	172
667	239	139	159
662	236	139	161
660	223	149	175
663	236	142	163
668	243	137	154
662	233	141	165
665	237	136	159
661	234	139	162
656	228	145	167
664	240	139	155
651	234	150	162
661	240	142	156
648	231	150	163
633	230	154	164
630	237	157	159
618	228	136	168
615	227	158	169
618	224	146	172
614	230	101	163
613	239	70	161
606	246	59	152
606	250	59	147
607	247	59	152
609	247	61	158
610	250	62	155
611	251	65	155
615	247	67	157
619	244	69	160
645	242	60	157
657	242	56	157
667	244	57	152
669	242	62	145
669	240	68	155
669	238	77	159
668	236	71	160
668	235	75	162
667	233	68	164
670	230	79	167
669	229	65	167
677	230	67	166
675	233	61	161
679	237	58	158
676	235	58	158
686	238	53	154
687	238	52	146
691	242	52	150
690	242	53	147
693	242	54	151
690	240	60	155
691	239	62	158
690	238	64	160
691	237	63	161
691	235	63	163
694	240	63	156
693	238	63	157
694	239	65	156
696	238	64	158
696	242	65	155
697	244	63	154
697	242	63	155
697	244	62	152
697	245	63	152
698	242	62	155
698	242	63	155
697	243	62	154
698	239	61	157
699	240	66	157
698	238	58	159
707	234	61	161
708	235	69	160
713	225	69	169
715	229	76	163
726	227	83	157
735	220	91	159
745	225	86	142
756	232	87	134
757	223	95	146
763	225	97	139
766	228	110	136
768	230	121	136
758	228	138	137
746	220	153	144
739	213	160	150
727	208	175	160
740	220	164	154
726	207	176	164
750	225	153	155
734	225	164	153
727	218	163	163
736	230	149	158
735	226	145	160
736	233	139	156
735	231	138	159
736	232	136	157
745	239	130	151
748	240	131	152
749	239	130	152
749	241	129	150
750	240	129	151
748	238	132	154
745	238	135	152
746	236	135	154
738	230	140	160
752	237	125	154
744	228	133	163
748	221	133	170
755	226	126	163
771	237	107	151
792	237	90	152
794	240	88	138
799	237	85	144
799	237	86	141
800	240	91	139
795	235	100	147
786	234	114	147
788	238	115	149
782	240	119	145
772	234	125	152
763	238	130	147
751	230	141	158
744	227	150	164
760	239	133	154
751	229	140	163
745	226	145	163
754	226	141	163
748	223	145	164
745	217	150	167
752	220	140	163
749	217	139	164
748	212	131	166
754	224	129	155
764	224	102	157
768	236	96	150
765	234	94	154
758	232	92	160
752	229	103	167
743	219	109	173
743	227	114	163
748	230	114	161
739	227	130	163
740	223	136	167
746	231	135	164
738	221	142	173
738	228	142	164
734	221	141	171
738	235	136	163
744	224	122	168
741	223	124	160
732	213	139	176
732	214	159	160
720	208	174	174
735	224	168	156
722	208	179	163
728	209	181	166
732	221	177	154
717	221	196	155
723	219	196	156
728	229	185	153
715	229	193	153
715	227	185	162
715	222	177	170
715	228	166	164
724	237	147	155
729	236	145	156
723	234	153	155
728	243	154	150
714	237	167	152
728	252	157	142
717	245	159	146
712	238	169	153
715	251	162	142
713	237	165	153
722	246	154	147
722	229	154	161
727	228	154	159
716	227	165	162
727	228	160	157
714	222	171	157
712	222	177	161
711	221	179	161
713	217	173	167
717	223	161	160
711	225	166	161
722	230	156	159
717	224	138	164
725	234	135	160
725	229	127	163
720	222	137	171
725	229	136	164
718	222	140	171
722	228	131	162
720	219	119	171
708	211	122	180
708	204	119	189
711	212	111	185
711	221	102	170
723	230	92	167
730	231	84	161
733	234	77	149
739	228	76	149
736	226	81	147
731	219	91	155
729	217	94	155
731	218	99	145
739	216	97	147
742	216	96	141
745	218	98	139
751	219	99	140
755	219	101	143
764	229	108	141
769	231	112	146
770	230	120	150
772	237	117	146
774	237	114	149
771	239	117	150
769	238	116	151
757	236	124	154
745	236	137	156
740	230	147	163
742	235	148	160
742	235	143	158
747	241	135	153
749	234	136	160
753	241	128	153
753	227	124	164
748	213	129	180
750	215	130	177
755	215	124	176
752	202	130	191
758	226	129	166
762	203	119	187
768	223	116	167
770	223	117	162
771	225	118	160
770	224	133	143
759	223	158	143
769	232	156	129
777	227	157	126
764	230	177	114
781	220	172	105
780	222	168	102
766	219	108	166
774	211	150	140
769	210	127	162
773	221	102	159
773	210	101	166
778	204	99	176
774	204	108	177
780	207	105	177
777	201	121	183
783	204	109	175
782	199	117	174
772	203	130	175
777	209	133	163
762	203	176	82
776	209	165	81
776	203	170	59
773	204	172	59
773	204	171	60
782	198	107	185
784	197	123	188
784	198	112	189
787	201	113	188
785	189	114	202
779	198	118	191
787	201	106	185
788	196	105	193
789	209	107	180
792	213	104	174
795	201	98	191
797	217	95	175
794	210	94	181
796	206	92	186
795	208	93	183
795	210	95	182
792	208	100	183
795	207	102	182
796	215	102	174
797	214	98	176
797	206	96	188
805	218	82	172
791	200	153	83
794	204	153	79
796	206	153	85
806	212	147	90
840	228	117	103
847	232	112	109
836	226	123	126
829	219	127	147
840	227	119	144
847	233	112	151
851	235	107	147
836	215	119	173
837	223	122	161
843	236	116	151
846	233	108	152
844	232	107	151
838	224	112	161
831	210	122	175
832	210	118	173
832	207	115	174
834	212	111	173
840	225	104	162
848	232	91	153
851	232	96	159
848	216	102	160
837	199	117	158
850	225	108	123
853	227	104	116
843	220	114	122
835	211	118	109
845	219	114	89
847	222	109	89
840	220	113	102
876	237	76	138
843	228	100	158
854	220	95	166
857	218	96	165
852	218	104	163
850	222	106	159
854	217	100	168
852	224	99	159
850	207	102	180
846	206	112	175
841	196	116	184
840	200	116	179
839	203	115	172
843	209	106	169
832	197	113	182
835	223	101	157
822	203	95	179
820	221	90	161
818	234	89	155
817	238	86	143
810	244	88	139
793	241	82	149
789	236	73	154
779	235	69	156
761	240	66	152
744	237	70	155
727	240	68	151
711	241	76	152
708	236	75	160
696	237	83	159
696	237	81	155
694	235	77	160
701	231	74	159
712	231	68	154
709	232	70	158
726	232	68	155
746	236	66	135
753	243	70	141
755	235	72	146
759	244	73	143
764	247	80	145
763	243	91	148
759	250	101	146
755	253	109	144
749	254	115	143
744	255	116	142
730	258	105	136
726	259	107	140
719	257	94	139
715	256	79	141
710	254	70	139
708	255	58	140
702	250	58	144
697	253	60	141
695	252	57	144
692	245	60	155
691	241	60	158
690	238	62	157
692	237	64	157
694	231	66	160
701	235	61	151
706	239	62	149
712	244	61	144
718	252	61	139
717	255	63	139
717	258	65	138
708	256	66	141
699	254	71	148
694	244	66	155
686	250	67	145
681	251	65	148
643	248	71	153
642	248	65	155
626	247	79	154
617	247	87	153
600	246	96	154
583	244	108	146
575	245	110	138
571	246	106	136
566	244	112	142
566	245	109	134
554	246	117	138
549	244	121	136
548	245	118	136
546	244	119	141
550	244	117	141
559	247	107	141
564	243	100	149
568	237	98	160
572	247	90	151
576	247	91	153
579	251	89	150
578	253	91	148
577	253	91	149
576	252	90	150
576	249	89	152
577	249	86	153
576	247	84	155
577	247	81	154
577	248	80	153
576	244	81	156
573	239	81	160
568	235	90	164
564	234	93	160
564	226	93	168
556	222	103	169
553	230	104	161
545	230	111	160
545	228	108	157
541	232	111	157
540	231	111	154
541	234	109	150
544	243	102	142
550	244	96	143
556	245	89	148
559	243	86	148
564	249	82	153
571	250	77	151
573	254	75	148
579	258	70	145
583	256	64	148
571	255	74	141
567	256	76	143
562	253	80	144
561	255	80	145
556	255	85	147
559	253	83	149
556	254	85	147
561	253	80	148
553	254	88	149
561	255	81	148
557	258	85	146
563	258	79	146
569	257	74	143
562	258	81	140
565	259	78	140
561	260	82	139
570	260	73	138
561	262	81	139
571	261	71	139
565	262	78	140
567	262	74	136
562	264	78	136
566	264	74	134
561	265	80	135
566	266	74	133
574	266	68	134
567	265	76	133
560	266	82	133
564	265	78	135
562	268	80	131
568	267	75	133
561	269	84	130
571	269	74	131
563	268	83	131
558	269	85	130
573	268	71	131
565	266	77	132
562	268	80	131
566	268	74	131
565	265	75	134
568	266	73	132
562	264	78	135
566	266	74	130
564	262	74	137
570	263	70	133
558	262	82	140
553	257	86	140
546	254	97	144
543	250	100	147
543	249	107	143
542	241	108	148
524	237	133	142
531	238	131	120
500	234	159	112
487	231	179	119
478	234	182	101
468	238	154	139
464	205	180	85
560	171	66	144
539	241	72	151
542	206	76	190
537	238	84	157
551	146	71	111
557	162	81	97
563	183	88	94
477	173	144	65
483	172	181	55
477	174	190	53
475	173	196	53
476	173	190	50
473	173	193	51
472	173	193	51
472	172	189	51
475	173	179	51
474	173	179	50
471	173	187	48
472	172	184	51
473	171	177	54
467	171	188	57
474	171	190	61
473	171	193	67
470	168	189	75
476	168	185	74
472	167	193	70
476	166	187	73
478	165	176	71
481	164	169	73
482	163	172	71
485	162	172	72
492	162	156	70
487	163	181	73
491	153	159	80
495	151	173	86
488	154	188	89
491	147	187	91
496	143	170	96
485	151	195	92
503	149	176	87
505	153	174	89
501	158	182	79
505	160	175	76
497	163	180	72
499	167	181	68
496	171	189	66
498	173	189	64
498	174	192	61
497	175	195	59
498	177	194	59
499	177	196	58
498	178	198	57
498	178	197	57
500	180	195	57
501	179	194	53
502	179	194	53
503	178	193	53
503	179	194	52
502	180	195	51
502	180	195	51
503	181	193	49
503	181	190	47
503	179	188	47
502	178	191	44
504	179	185	46
505	180	186	43
507	181	183	42
506	181	184	42
507	182	185	41
508	183	184	43
508	180	185	42
511	185	185	45
507	178	185	44
511	183	183	42
510	182	183	41
512	186	182	43
509	179	183	43
514	185	184	43
510	180	184	48
509	180	190	50
516	179	174	71
503	179	155	62
510	177	166	99
508	182	119	92
503	181	194	62
602	202	104	184
517	181	134	98
514	169	133	79
501	192	198	57
509	172	135	58
508	181	138	48
510	185	138	49
515	187	139	52
509	189	129	54
515	189	106	65
507	185	134	65
510	186	131	50
506	191	115	76
512	189	120	73
512	189	134	61
511	187	131	54
505	191	115	84
504	193	119	80
501	192	120	91
506	198	114	100
500	192	123	74
532	187	89	101
520	187	97	71
516	190	112	70
507	192	110	63
511	210	122	74
508	193	114	63
522	199	129	63
536	182	172	91
540	217	86	183
486	194	213	90
492	206	181	85
495	202	189	94
484	225	152	117
492	228	146	117
499	231	133	137
518	226	114	140
517	237	110	133
525	239	107	134
531	245	97	148
534	241	105	147
532	243	104	154
532	242	102	154
536	243	100	155
536	242	96	159
537	243	91	157
539	243	89	158
537	243	90	157
539	246	86	154
536	249	87	152
538	248	85	155
536	248	83	153
537	247	82	156
535	246	83	156
531	251	86	149
525	251	93	146
521	255	98	138
516	257	103	136
515	258	106	134
516	257	110	138
519	254	105	143
526	251	96	148
529	250	96	155
526	249	104	156
533	249	96	157
536	251	91	154
535	255	93	152
533	255	94	152
534	258	93	148
535	254	91	152
533	254	93	152
535	253	89	154
534	254	90	152
534	253	89	153
535	252	88	153
534	253	88	151
533	255	90	149
531	256	92	147
531	255	92	149
531	251	91	153
530	249	90	157
530	248	87	158
531	249	84	156
532	251	86	153
531	249	86	157
532	251	85	153
539	249	78	155
546	249	73	154
541	252	85	155
542	259	86	146
542	256	86	148
543	257	86	148
542	256	87	148
542	254	87	151
543	253	84	151
543	250	85	154
543	245	83	158
542	245	81	156
544	243	79	156
546	239	73	140
525	246	95	143
509	242	116	137
506	244	109	145
498	248	124	140
493	253	116	138
489	250	119	144
490	253	118	147
495	255	111	149
497	256	105	151
496	257	101	152
495	260	102	152
496	255	98	155
500	256	95	155
499	256	96	154
500	256	93	154
501	255	90	156
500	253	89	158
502	250	86	157
501	251	85	155
500	249	82	154
499	245	79	157
499	242	76	158
493	236	75	169
487	246	76	157
478	243	79	157
470	248	82	152
467	246	84	152
455	249	97	140
449	255	95	132
435	252	109	129
429	246	108	139
423	249	110	143
422	249	111	144
422	252	109	144
424	254	101	144
430	255	96	146
427	257	98	149
430	258	94	146
433	262	91	145
433	259	92	148
433	260	94	148
434	259	94	149
434	259	94	149
435	257	94	150
435	255	94	151
436	259	88	146
439	257	84	146
441	254	80	149
440	252	82	151
440	252	83	149
436	250	85	153
431	249	89	152
422	250	94	146
418	258	92	138
403	251	103	146
396	252	108	149
390	252	111	152
385	254	112	150
384	253	111	154
384	256	108	155
387	254	104	155
391	257	99	154
392	259	99	154
393	260	97	153
393	262	99	150
395	262	97	148
395	262	97	149
395	263	97	148
399	263	94	147
403	261	91	148
406	264	85	142
408	262	81	145
410	260	79	146
410	257	78	150
410	260	78	148
413	256	75	151
410	257	78	151
415	257	74	148
413	256	76	147
406	251	79	149
403	254	78	145
393	254	77	145
386	255	79	143
375	255	84	140
362	254	94	143
357	248	101	144
349	251	104	144
345	251	107	143
339	249	109	145
331	255	107	143
327	259	106	143
324	260	109	145
322	262	108	145
320	263	110	148
324	263	106	148
327	265	103	148
327	265	103	149
328	264	102	149
327	265	104	149
329	261	106	152
335	257	106	153
342	257	100	152
352	255	93	153
360	260	84	145
367	260	78	147
377	261	70	144
380	258	70	149
376	258	73	151
378	260	70	148
381	259	69	148
379	256	70	151
380	255	69	147
376	255	71	149
376	255	71	147
374	256	74	145
370	255	75	144
364	259	79	139
355	270	81	131
348	267	84	134
339	269	90	136
325	273	97	137
318	274	104	138
309	268	111	145
306	264	113	148
305	264	113	148
310	267	108	144
319	268	101	143
327	266	96	145
339	264	86	145
339	268	87	146
339	265	89	148
340	265	89	148
339	266	91	147
343	263	90	147
347	262	90	148
350	261	92	148
352	265	90	144
353	262	91	147
354	262	90	146
356	262	89	145
359	261	87	146
362	260	83	146
364	260	80	145
367	260	78	141
364	259	82	141
356	256	89	142
354	259	89	138
350	258	87	132
349	253	83	141
343	251	85	140
331	251	92	135
316	260	86	130
316	251	99	139
310	251	100	138
299	251	109	132
281	254	115	130
274	257	115	135
267	256	117	141
256	260	125	144
264	262	114	139
261	266	111	138
261	268	112	139
266	268	109	140
267	264	109	149
269	263	108	151
272	265	105	150
273	265	106	149
274	265	106	148
277	264	106	148
284	267	100	145
289	263	101	146
301	264	86	143
310	264	79	142
315	262	77	143
316	262	75	143
317	263	74	142
319	262	71	141
315	263	72	140
316	260	69	139
309	261	73	139
299	259	75	139
295	257	74	137
291	257	74	135
291	256	70	132
293	258	63	99
289	256	64	84
287	264	68	87
217	364	123	42
165	359	83	64
223	300	77	104
214	290	80	117
205	282	84	130
207	268	100	145
203	265	106	148
197	265	112	151
189	269	118	149
178	271	123	145
190	270	110	146
196	270	108	141
196	268	106	148
201	267	101	147
208	266	94	150
206	267	95	149
208	266	93	149
210	267	91	147
212	269	88	145
213	270	89	145
214	270	87	142
215	267	87	140
218	265	86	134
225	262	80	134
220	261	82	130
224	262	79	133
207	260	92	134
204	260	92	136
196	265	96	135
183	265	107	145
193	264	96	145
190	264	96	142
180	265	106	149
192	264	94	147
184	266	100	149
194	264	93	148
191	265	92	150
192	265	94	149
189	265	96	150
190	265	94	148
190	264	96	149
191	264	92	149
187	263	99	152
185	263	94	150
187	258	95	155
176	261	101	151
188	254	91	155
172	257	102	149
159	252	110	147
152	260	112	141
147	250	123	157
143	255	122	148
141	254	124	144
143	258	116	148
150	257	107	156
140	258	113	155
141	259	112	146
133	261	117	151
194	265	74	145
201	268	66	140
197	268	69	141
199	269	66	139
199	268	67	141
200	267	66	141
199	267	67	142
200	267	67	141
199	266	68	142
198	266	68	144
199	266	67	142
199	266	66	144
198	268	66	141
198	270	68	139
200	268	66	140
200	268	65	141
200	268	65	140
199	268	66	141
198	269	67	140
198	268	68	141
199	269	66	140
201	266	65	142
200	267	65	143
199	268	67	141
198	270	68	140
201	265	65	144
200	267	66	141
199	268	67	140
197	268	68	141
199	267	68	141
198	269	67	139
200	265	66	145
200	269	66	139
201	268	66	140
200	268	66	140
199	267	68	141
199	268	68	141
197	267	70	143
199	269	69	141
200	267	67	143
200	269	71	140
202	267	73	142
206	267	72	141
209	267	73	141
216	267	71	137
234	268	66	133
256	268	58	127
264	270	58	126
268	267	60	130
271	268	71	128
279	270	81	127
280	274	88	124
279	272	85	123
280	273	86	127
277	274	84	127
268	279	72	129
263	282	67	121
262	282	57	119
257	279	55	128
254	278	57	125
250	275	55	126
244	271	57	130
233	272	67	131
225	270	75	135
218	272	82	136
217	269	86	137
218	266	92	140
217	265	95	143
216	264	101	144
221	264	98	144
230	263	99	143
240	263	94	144
271	268	66	132
282	272	63	126
291	275	60	128
296	277	65	126
295	279	72	126
292	280	76	128
289	279	80	128
285	279	83	130
278	280	82	129
275	279	78	130
271	279	75	130
266	281	71	127
261	281	68	124
256	277	61	125
251	273	62	128
247	271	62	134
233	269	69	133
240	269	68	134
251	267	67	132
256	265	64	129
259	267	61	128
263	265	63	131
264	267	67	129
270	266	73	122
271	267	88	121
271	262	97	126
273	266	102	124
271	264	107	125
275	267	108	125
269	271	108	128
264	269	109	131
265	272	101	132
262	272	101	132
260	271	101	134
259	271	101	133
260	272	99	135
260	272	99	132
261	272	95	133
260	271	89	134
263	272	84	133
263	272	80	134
263	274	75	131
262	274	71	131
262	274	60	130
254	273	61	130
244	272	57	128
229	271	62	128
218	273	67	129
198	274	78	137
186	271	80	141
187	271	81	140
184	272	84	140
175	273	85	139
179	271	83	140
159	274	90	136
168	273	86	140
170	271	86	141
177	271	79	142
175	273	77	140
182	270	71	142
171	268	77	146
167	268	82	146
166	263	82	152
166	262	84	154
164	262	82	153
167	260	84	153
164	262	82	152
164	263	80	151
164	265	78	150
163	269	77	146
164	272	75	141
162	272	75	141
166	269	70	143
162	273	71	140
163	275	71	137
160	277	70	135
159	279	71	136
155	279	72	135
152	279	72	137
146	278	77	136
141	276	79	138
140	276	79	138
141	275	79	140
140	273	79	141
148	274	72	142
146	275	73	141
142	274	77	141
139	274	76	142
138	274	79	140
135	273	79	140
136	271	78	140
127	271	82	138
124	270	78	134
128	272	80	142
115	273	86	139
117	271	85	136
117	273	84	136
113	271	86	136
114	267	89	145
105	272	92	141
103	271	91	141
106	273	90	140
108	273	87	141
109	272	87	142
109	273	85	142
109	274	83	140
110	274	82	141
109	274	81	141
113	275	79	139
117	276	77	139
116	276	78	139
118	274	80	141
124	272	79	144
134	274	72	143
132	275	74	141
136	275	76	141
136	269	73	144
141	272	74	144
140	268	79	146
141	265	81	148
143	263	81	149
145	262	82	148
145	263	81	148
146	264	80	147
148	268	76	144
146	271	76	141
148	272	73	138
146	273	74	138
147	275	72	136
149	277	70	138
145	277	73	139
150	278	69	138
148	277	71	139
146	276	73	138
147	278	71	137
149	278	71	137
147	276	73	138
149	277	72	139
148	275	74	140
148	273	75	141
148	272	76	142
148	270	77	143
150	269	78	145
149	268	78	145
148	266	78	147
150	264	78	148
148	263	78	149
147	261	82	150
144	261	88	151
141	260	97	151
140	263	101	139
141	261	97	148
142	263	94	146
149	267	89	145
153	267	86	146
150	270	86	145
152	269	87	142
153	269	85	143
151	270	86	143
152	271	86	141
152	270	84	143
153	270	84	144
154	268	83	146
157	265	82	146
157	265	85	143
156	264	89	146
158	263	85	147
157	263	85	146
156	264	88	145
158	262	88	147
155	264	87	146
157	262	88	147
155	262	87	148
156	260	87	150
155	261	85	150
155	258	86	150
153	259	89	147
155	257	88	151
153	259	87	148
153	257	85	151
143	258	94	145
133	257	102	141
137	260	95	135
135	256	100	137
136	257	93	136
141	258	89	141
149	259	82	147
149	258	81	152
147	261	81	153
147	265	78	148
149	265	78	147
148	263	77	150
147	264	75	149
148	260	74	153
148	259	74	154
149	257	73	156
151	254	72	159
153	253	73	158
172	254	74	151
189	254	67	146
188	253	75	150
189	253	75	146
191	259	78	126
194	261	77	136
193	265	85	128
189	265	89	137
188	268	90	139
186	268	86	142
182	271	82	140
178	276	76	139
178	272	77	142
176	274	78	140
175	272	79	142
175	272	79	141
176	272	76	141
173	270	75	142
173	268	74	144
171	269	75	143
173	269	74	142
174	267	74	145
181	266	70	144
185	265	66	142
186	263	64	140
188	262	64	142
192	264	66	140
196	265	66	139
198	269	67	134
195	269	73	135
194	272	77	134
194	275	80	134
193	277	84	134
193	276	82	135
191	275	84	138
190	274	78	137
191	274	74	137
193	273	69	137
194	272	65	138
195	272	60	139
195	267	58	141
196	272	54	136
194	270	51	137
189	268	53	141
182	265	58	146
181	266	62	142
191	264	56	146
199	260	56	147
208	254	56	151
218	261	54	146
227	255	55	137
232	256	62	138
244	261	78	124
244	261	88	129
245	261	101	130
249	263	109	128
253	265	113	128
259	271	113	126
262	272	115	127
262	275	111	123
259	271	112	130
256	273	115	129
247	275	117	126
237	271	122	130
233	272	119	130
234	270	111	133
235	272	107	132
230	273	94	132
230	270	92	138
231	269	91	139
232	268	88	140
234	270	86	138
237	270	83	137
238	268	82	140
240	267	80	140
241	267	79	141
242	269	79	138
242	270	79	138
242	269	79	138
241	270	80	138
241	270	81	137
240	269	81	138
239	271	82	137
240	270	81	136
240	271	81	136
239	270	81	138
239	269	81	139
240	269	81	138
240	269	80	138
241	269	79	139
241	269	80	140
241	268	80	140
241	269	80	140
241	269	80	140
241	269	80	140
241	268	80	141
241	267	80	142
241	267	80	142
241	268	80	141
242	268	79	141
241	268	79	141
241	269	79	140
240	270	79	139
241	270	79	139
240	269	80	140
242	270	79	138
241	270	79	139
241	269	79	140
240	270	80	139
242	270	79	140
242	269	78	139
242	270	78	139
242	270	78	139
242	271	78	139
242	270	78	140
242	271	78	139
243	270	77	139
243	271	77	138
243	271	77	139
243	270	76	139
243	269	77	141
243	268	76	141
245	269	74	141
246	269	74	141
249	268	71	142
252	268	67	140
255	266	70	142
264	264	67	140
264	265	72	137
267	264	77	135
271	265	81	134
277	268	84	129
280	269	91	129
282	268	95	128
282	267	102	133
285	269	104	130
286	274	107	130
282	278	110	124
281	279	116	126
277	280	117	126
275	279	114	126
267	277	117	128
259	279	111	125
254	275	105	131
249	273	105	134
250	273	92	133
251	271	86	134
249	270	79	135
248	268	73	138
248	268	71	139
249	269	68	138
250	268	66	139
249	269	67	138
249	268	68	137
246	266	73	138
246	267	74	135
246	267	76	136
247	268	81	135
247	268	83	134
248	268	83	134
249	267	87	133
247	265	90	132
250	266	93	129
254	266	96	128
257	269	99	126
254	269	103	127
253	269	111	127
258	272	113	126
264	272	108	125
258	274	114	122
256	272	117	126
263	274	114	123
260	274	118	126
266	276	120	125
269	280	121	122
266	276	124	123
272	281	115	117
271	275	111	121
277	284	108	115
276	278	105	123
276	278	105	121
278	278	103	120
280	277	100	121
279	274	99	126
276	274	103	124
274	273	104	125
272	269	105	130
278	275	98	126
277	270	97	127
280	269	97	130
281	268	99	132
283	268	100	130
284	266	106	132
289	270	102	126
286	267	105	131
289	271	101	126
286	267	97	127
288	271	90	122
295	272	87	120
302	272	90	114
301	274	83	124
301	270	92	129
304	273	87	125
305	273	88	125
308	274	86	125
310	274	84	124
314	274	84	125
319	274	84	124
322	273	87	126
326	271	86	126
332	269	89	126
334	268	98	130
340	265	96	132
350	261	95	134
350	259	103	137
358	255	103	140
357	251	117	140
361	252	121	138
367	256	137	130
376	250	138	130
370	259	155	124
379	257	155	123
376	258	163	124
379	262	164	124
385	261	161	126
386	260	157	127
390	261	148	129
391	262	142	128
401	263	115	125
397	260	116	131
399	261	115	130
398	261	116	131
396	261	116	132
393	259	122	133
392	257	125	135
394	254	126	136
390	253	131	139
395	249	128	142
389	246	132	143
390	247	135	139
387	248	134	134
384	247	138	133
381	249	135	129
379	247	128	129
380	251	117	127
383	250	106	135
382	248	94	141
378	250	87	133
370	253	86	145
361	258	93	142
358	257	89	142
355	256	88	145
353	255	84	147
342	254	79	150
333	254	72	147
327	252	76	151
323	249	76	154
320	248	76	156
318	248	77	157
318	249	80	158
320	251	79	150
324	252	81	152
324	253	85	154
354	250	74	150
364	253	75	152
385	255	68	139
391	256	66	148
406	259	66	142
422	262	71	141
428	260	81	146
439	261	81	143
446	260	90	145
450	262	96	143
456	261	108	140
457	260	115	145
456	258	122	148
457	260	123	148
453	261	130	150
448	267	135	143
447	270	134	141
444	270	134	143
439	271	135	144
434	271	136	144
428	269	137	146
428	270	129	145
428	272	123	141
427	272	115	143
425	270	114	145
419	268	110	146
419	269	95	144
415	266	89	148
412	267	84	143
408	266	80	144
401	266	75	140
392	262	82	146
386	262	87	150
385	260	84	151
383	260	82	157
381	256	78	158
377	254	76	161
372	255	78	159
368	255	74	157
367	254	79	159
367	253	78	158
369	249	82	163
365	250	84	165
371	246	86	163
371	243	85	161
389	237	73	155
399	237	72	158
402	238	78	160
405	240	82	154
412	242	91	152
418	244	101	146
422	245	108	141
423	244	110	141
426	244	114	144
429	248	111	142
426	248	114	151
427	252	115	153
422	254	110	154
423	255	97	155
419	256	92	158
400	261	73	149
391	266	76	149
389	264	71	151
381	268	66	146
367	270	69	141
329	269	97	153
316	269	104	152
317	268	102	156
316	269	101	155
317	272	99	155
320	271	94	156
320	272	96	154
320	271	98	155
320	270	101	155
321	268	103	156
319	264	111	158
319	263	112	158
319	262	114	158
317	261	117	159
317	260	118	160
317	257	119	163
317	255	121	165
317	253	119	168
317	248	121	172
320	245	117	173
319	244	117	175
320	241	113	176
323	243	108	174
325	240	107	177
327	239	103	177
332	246	91	169
331	246	88	171
336	246	85	172
338	250	80	170
340	255	78	168
338	256	76	164
344	256	79	166
338	257	82	166
338	260	83	165
338	259	85	165
341	256	84	167
342	255	87	170
344	254	84	170
344	257	84	168
346	262	81	162
345	265	79	161
344	265	80	160
344	262	80	162
344	263	83	161
343	265	85	157
337	264	92	160
333	262	98	163
332	261	101	161
328	262	105	160
327	258	106	160
318	259	117	157
317	257	118	159
310	258	124	161
296	259	133	161
293	257	134	164
269	267	151	154
271	259	153	159
270	268	136	151
268	274	101	142
265	272	86	142
264	277	76	139
241	282	75	143
232	286	75	142
225	284	73	149
217	286	78	146
214	289	82	151
213	289	86	151
218	288	86	146
224	285	84	145
234	280	85	151
247	283	81	147
268	282	79	151
374	258	86	155
376	258	84	158
379	258	84	161
382	256	85	163
384	255	81	164
376	259	88	160
343	262	113	158
348	260	121	159
352	258	122	162
362	258	114	153
355	258	121	160
354	257	123	159
353	260	125	157
347	262	130	154
341	260	136	155
335	254	143	161
334	247	141	169
327	249	110	160
329	251	94	159
333	261	80	158
336	264	75	155
337	268	72	154
336	270	72	155
342	269	76	155
359	275	75	154
363	270	73	153
367	273	74	152
372	268	81	156
372	269	88	147
373	266	100	140
379	261	101	149
383	261	110	149
385	258	119	156
386	254	126	162
386	251	130	167
387	251	128	167
389	248	127	168
389	248	127	169
385	250	130	166
381	251	133	161
380	252	133	155
379	255	136	153
378	252	138	160
383	251	137	159
392	254	130	156
390	256	137	154
393	261	136	155
403	262	128	156
408	271	127	151
409	271	124	156
407	269	126	160
406	273	128	155
406	272	128	155
404	273	131	155
398	269	140	161
397	270	142	160
395	268	142	160
394	265	142	163
393	267	142	160
396	265	141	160
399	258	138	164
397	262	148	158
398	257	140	167
405	255	135	168
401	251	135	167
401	253	140	159
395	254	152	151
399	253	161	150
393	254	177	148
404	252	183	151
405	253	187	151
408	254	186	151
417	258	188	147
414	256	184	150
422	257	174	151
434	255	160	162
436	259	152	161
436	257	151	171
442	262	148	168
444	269	142	163
444	272	142	159
447	270	141	163
444	271	146	161
442	276	147	157
441	267	147	165
445	267	149	166
438	264	153	168
443	258	149	176
444	253	146	177
443	239	152	193
442	247	149	184
438	229	153	201
438	243	154	185
434	233	159	195
431	239	161	177
433	240	163	178
440	244	161	173
440	246	166	172
447	249	162	170
462	256	156	167
471	264	151	162
475	265	152	163
479	263	148	165
476	264	151	167
479	265	145	167
474	268	147	164
471	269	150	163
463	265	153	165
465	256	148	175
458	249	145	182
458	245	138	187
459	243	136	189
463	241	132	190
467	239	124	192
469	241	124	189
462	240	147	184
460	233	169	188
466	242	172	175
471	240	184	175
481	248	194	165
480	250	201	166
487	252	202	163
487	245	209	178
482	246	217	179
494	248	201	180
498	249	187	182
497	256	185	179
491	256	178	178
476	262	179	167
448	248	113	187
447	255	109	177
450	256	101	179
443	254	105	181
439	252	108	183
443	251	106	184
444	252	109	184
445	249	110	185
447	252	105	181
449	252	107	181
445	255	115	174
449	256	132	173
443	253	135	175
460	250	150	176
477	248	160	168
483	251	182	167
492	252	193	173
495	250	194	180
491	248	197	184
489	250	199	186
480	247	196	190
471	244	195	192
473	243	186	194
483	255	158	181
478	238	144	199
470	247	153	186
464	231	147	205
471	228	140	211
474	231	142	204
479	228	140	205
477	230	144	203
472	236	151	196
463	237	161	188
448	228	187	189
447	234	187	178
446	240	200	170
452	249	200	167
445	247	201	165
446	245	211	172
449	244	191	173
458	240	173	176
461	239	178	184
557	236	117	190
569	235	104	193
566	238	101	192
567	241	103	196
569	246	101	191
572	247	101	191
572	246	102	194
573	245	101	194
576	246	99	193
579	246	93	189
583	245	92	192
583	246	91	187
586	247	89	188
586	247	89	188
583	248	91	187
575	250	95	184
495	240	150	196
494	237	170	202
492	238	180	204
482	233	185	211
467	225	154	212
467	228	125	192
468	234	113	187
468	239	99	186
455	249	86	187
437	255	84	191
443	260	75	189
439	263	81	193
439	268	85	187
465	275	80	185
481	270	83	189
495	272	85	184
499	265	87	185
498	263	97	184
498	256	117	194
489	254	128	178
486	251	134	181
484	248	145	182
473	247	158	179
456	238	140	179
447	237	133	188
444	234	118	198
576	216	100	201
575	215	91	202
566	214	95	209
560	217	94	205
551	224	91	193
536	226	95	197
530	230	88	200
503	233	99	203
276	260	138	211
243	262	158	211
232	253	167	220
225	255	169	220
228	258	158	218
223	261	161	216
231	263	153	213
230	263	155	212
233	266	155	208
234	263	161	212
238	264	157	213
244	263	155	213
249	262	156	214
266	259	141	215
311	254	116	214
342	246	95	213
359	253	86	215
362	237	92	234
368	241	94	231
368	215	96	259
367	214	92	252
354	227	93	223
339	230	104	205
321	231	121	194
297	240	140	187
281	239	154	199
262	240	172	205
256	244	172	210
249	250	174	207
267	253	156	209
269	255	159	211
281	250	155	220
307	253	137	214
319	253	131	219
344	254	117	215
363	253	111	216
383	256	96	212
393	251	93	215
395	248	99	223
399	244	102	225
400	244	92	222
387	243	95	218
368	245	105	210
351	240	117	212
320	243	144	213
307	243	152	216
296	243	165	225
290	241	167	225
291	244	163	219
303	247	157	218
322	247	141	221
337	247	138	220
347	248	132	220
355	248	126	221
365	250	123	219
380	244	109	225
387	241	104	225
392	239	102	230
389	238	99	227
377	239	101	225
367	237	109	222
357	231	121	226
343	238	132	224
339	238	131	220
332	240	134	220
329	237	136	227
324	237	141	231
322	237	142	228
325	239	137	229
322	235	138	232
323	236	136	231
322	238	138	230
322	234	141	232
320	240	144	230
327	237	141	230
329	238	142	230
332	245	141	226
338	244	137	226
345	246	134	222
353	244	129	221
354	246	127	221
353	245	128	224
353	247	127	221
353	246	127	220
353	245	127	225
351	246	126	222
352	245	125	225
353	245	121	225
353	246	114	224
353	245	108	227
353	242	103	229
352	245	101	226
357	245	96	228
358	245	95	227
362	250	97	221
366	247	95	222
359	247	96	222
363	248	102	222
362	250	93	220
366	261	100	215
359	253	91	218
366	268	84	209
364	264	78	207
364	256	87	213
368	256	81	214
371	249	84	218
372	251	81	218
369	250	82	219
367	246	86	224
362	245	90	226
360	243	91	229
358	242	92	225
355	242	100	226
349	249	98	216
341	230	98	229
335	229	101	222
335	233	100	219
335	234	99	221
337	243	100	215
343	248	96	216
346	249	96	221
350	249	94	221
351	247	94	223
352	245	88	224
341	244	93	225
332	246	95	215
323	244	100	211
310	245	112	207
298	249	121	210
290	253	129	213
283	251	143	217
280	255	152	217
282	250	160	225
284	247	164	229
334	248	148	223
359	242	114	225
371	238	107	233
395	241	95	228
417	240	88	229
426	233	87	239
424	237	92	236
425	233	91	239
418	230	85	236
401	224	78	221
388	227	78	195
349	237	107	207
333	240	119	211
315	243	136	214
309	245	140	214
305	244	147	215
307	246	144	214
312	250	145	213
323	247	133	217
340	242	129	224
392	245	113	226
405	240	92	231
413	240	83	230
419	240	84	228
428	234	87	237
431	216	93	256
438	231	88	240
428	232	80	235
414	229	80	232
393	230	89	213
372	238	99	210
348	230	125	228
336	236	137	226
334	245	133	217
336	246	133	218
336	248	133	218
351	249	124	220
368	243	113	229
375	234	116	239
384	240	109	228
388	250	108	217
410	239	92	226
417	245	98	226
433	240	92	224
434	237	100	234
434	240	99	234
427	233	98	237
426	222	87	225
421	181	84	254
400	177	97	264
377	204	107	235
347	229	122	208
334	234	130	207
323	234	132	209
309	235	142	214
305	235	139	214
297	240	140	215
298	239	137	215
299	241	134	215
301	245	130	213
306	246	128	214
315	245	122	218
321	251	116	212
328	249	112	219
335	254	106	214
340	258	103	218
357	265	101	226
366	263	106	230
381	264	107	225
389	267	111	216
403	264	109	217
422	258	118	210
421	258	131	204
427	259	143	202
427	257	154	204
434	251	208	219
427	237	223	234
441	226	206	236
448	223	194	236
378	233	225	223
372	227	212	223
358	227	195	215
363	234	183	210
363	234	175	219
367	235	167	221
366	240	166	224
361	248	138	220
359	251	116	229
356	256	117	229
363	259	126	221
372	257	121	225
399	263	120	223
409	260	123	218
415	260	128	220
420	255	132	219
422	255	131	218
427	247	155	223
424	242	182	221
429	234	196	220
440	244	207	217
445	235	211	226
441	229	213	236
438	229	214	219
440	230	209	221
444	229	208	222
439	229	199	219
433	225	191	230
441	226	165	235
433	220	159	236
447	224	148	244
449	228	142	221
458	230	135	220
465	236	151	207
470	236	152	215
478	242	160	216
487	241	164	229
512	240	214	235
515	252	206	225
528	240	201	241
524	244	203	233
535	247	196	233
536	237	191	240
529	233	203	237
531	242	201	227
535	230	194	241
531	234	203	236
535	228	201	243
538	233	198	237
533	231	202	238
534	230	199	241
534	223	196	248
533	216	194	256
538	219	186	252
538	212	179	257
542	217	178	254
538	213	177	255
539	219	169	257
538	216	167	259
538	221	167	263
525	194	182	292
530	217	172	276
514	220	184	263
515	221	185	260
512	219	198	261
494	205	162	284
482	222	137	264
476	231	129	260
471	231	130	266
465	231	135	265
461	235	142	256
456	235	149	253
450	237	158	253
438	234	167	255
433	228	172	269
432	226	173	267
432	227	174	265
436	227	177	263
439	227	179	257
434	221	185	257
435	220	195	241
436	223	193	213
436	218	199	202
445	221	240	185
444	223	290	192
445	203	297	162
578	222	178	249
583	218	171	259
596	224	154	253
602	228	143	252
606	228	138	250
604	228	137	251
607	227	135	253
606	225	134	254
602	225	140	256
603	229	141	253
604	225	139	253
597	222	145	260
604	228	141	254
603	229	145	252
602	230	144	251
607	232	137	247
605	226	142	257
602	231	144	251
604	230	146	251
605	228	139	251
603	222	144	262
600	222	146	260
588	219	158	257
581	224	165	255
605	244	144	241
604	233	142	249
599	238	147	243
603	237	142	246
604	239	142	242
594	240	151	238
597	231	144	243
584	232	152	235
606	228	130	237
612	232	126	247
608	228	127	250
608	230	132	251
605	229	136	252
602	213	144	266
599	229	150	250
600	229	149	245
593	222	158	254
415	144	343	114
399	151	360	114
401	157	345	129
399	153	368	144
392	149	377	164
389	149	381	183
392	141	363	217
404	148	351	242
413	136	324	258
422	140	275	284
410	128	303	294
475	170	227	281
481	205	170	259
493	239	134	205
507	253	110	206
506	255	103	202
504	258	108	204
497	257	110	190
500	260	113	198
497	255	119	193
493	250	127	204
492	253	133	189
490	239	135	213
489	233	137	221
490	242	143	217
485	235	148	218
487	242	145	218
484	233	148	221
483	235	151	225
484	246	151	224
494	260	147	205
487	254	155	217
489	265	157	211
486	268	152	206
486	267	157	205
483	277	153	193
457	223	158	245
471	241	164	245
462	228	172	258
484	255	158	234
487	250	165	245
519	321	132	178
531	322	117	179
540	322	118	177
548	321	111	176
555	322	116	170
559	315	135	166
563	299	142	174
564	303	131	163
657	230	105	241
573	235	148	232
585	295	160	157
593	307	162	148
598	307	167	155
594	305	180	164
578	297	145	166
583	313	126	158
587	313	114	154
594	319	114	151
595	312	112	165
603	315	110	157
606	315	105	143
607	312	116	153
611	306	127	156
609	289	133	180
618	297	167	168
608	294	164	164
626	305	160	157
622	308	157	156
633	311	151	154
642	320	152	153
647	320	149	156
647	320	154	156
648	322	150	152
650	324	147	150
647	318	150	158
647	316	149	162
641	308	154	170
634	301	159	177
636	300	157	178
639	297	146	180
639	277	163	194
655	285	153	164
662	294	163	153
666	295	169	160
675	305	176	159
671	294	161	166
677	286	164	182
673	285	153	187
669	293	173	192
675	304	166	185
670	307	161	179
667	308	154	175
658	303	151	178
658	290	132	185
661	296	132	174
661	289	128	172
673	214	105	238
661	223	110	227
675	298	144	153
677	282	148	167
696	303	168	152
697	302	169	157
699	310	184	158
695	314	177	150
700	313	168	164
698	303	145	169
681	292	132	195
683	312	128	174
681	302	131	187
680	307	144	179
671	305	142	179
674	296	158	197
674	309	148	179
720	239	139	247
721	254	146	228
667	272	148	216
660	298	156	190
658	291	148	192
654	285	159	191
658	290	162	181
654	295	159	176
670	316	125	161
674	313	121	170
673	311	119	174
675	310	121	183
679	303	131	192
670	261	141	218
672	227	149	240
670	214	154	262
664	215	161	248
684	274	148	200
691	280	150	180
692	296	144	159
693	295	143	168
694	300	142	161
688	290	142	187
696	309	128	178
708	309	120	189
712	310	126	201
722	319	138	183
733	328	129	170
742	313	113	167
743	298	122	188
728	221	145	275
735	228	150	273
738	241	142	252
717	242	162	246
734	220	149	233
752	288	133	188
769	297	144	164
773	295	143	173
779	299	138	160
801	316	129	155
810	314	124	149
825	328	112	141
829	324	114	145
835	326	117	142
837	321	122	149
827	308	127	165
832	310	122	165
829	307	125	168
822	299	119	164
795	112	106	244
765	104	124	238
793	91	115	250
825	91	101	268
825	95	111	242
801	155	144	195
778	108	135	188
750	161	164	156
748	159	172	175
771	148	169	208
825	93	119	269
828	90	121	284
842	82	112	255
856	82	95	270
751	147	137	202
759	154	144	194
756	151	180	185
765	151	178	197
752	151	185	203
745	145	155	215
751	159	181	205
740	153	177	231
754	147	186	255
797	167	152	302
768	129	177	284
794	81	149	348
722	147	189	337
725	90	182	392
712	180	196	316
700	206	197	305
706	220	199	279
738	101	151	349
702	198	196	291
710	158	186	319
712	217	190	260
714	242	206	215
731	274	196	181
728	280	182	159
736	278	178	163
725	278	172	165
718	293	171	163
724	300	145	159
702	294	140	177
694	295	136	187
694	316	126	196
689	310	126	202
691	320	124	188
572	315	133	152
571	315	150	164
577	322	165	163
569	319	168	171
576	316	158	172
571	319	172	170
565	317	172	174
573	317	172	174
563	319	176	174
571	320	182	176
562	314	183	177
567	315	183	180
561	322	183	175
569	319	183	177
562	314	176	173
566	315	174	178
567	318	179	174
563	320	174	173
572	319	174	175
563	316	173	175
570	315	169	179
570	318	174	170
564	316	175	178
573	317	175	178
570	319	174	175
567	316	180	180
572	312	177	185
570	315	174	179
572	314	172	180
571	313	169	177
572	316	166	172
576	314	168	175
571	317	168	172
578	310	159	177
577	316	168	171
572	318	170	171
571	313	170	178
578	313	162	178
569	312	172	178
573	313	159	176
585	316	164	178
583	315	171	182
580	313	173	184
581	307	174	192
585	315	163	183
572	324	170	173
568	312	173	183
563	306	180	187
574	298	158	194
571	299	166	190
562	293	171	195
544	297	191	185
534	293	197	188
546	295	196	187
533	306	206	180
538	299	202	183
559	314	183	183
537	294	193	193
533	310	175	175
501	310	167	175
493	315	164	166
504	319	167	170
495	307	174	181
498	309	175	180
512	315	202	175
493	302	170	183
482	313	180	171
477	311	181	174
478	319	186	165
469	320	145	159
470	318	140	158
472	326	116	161
474	327	115	161
473	327	116	161
472	327	119	162
466	322	128	162
462	316	134	166
457	315	143	170
467	316	143	177
461	304	147	187
504	289	142	203
484	308	182	182
474	304	190	180
450	297	174	186
452	313	170	172
444	311	156	173
443	310	135	168
443	315	132	165
451	321	126	165
455	327	116	176
460	331	114	171
454	326	115	161
460	326	128	164
457	329	158	164
454	327	155	167
455	325	160	173
457	320	164	177
453	323	163	172
448	316	164	178
446	315	172	180
435	303	179	190
422	297	187	188
421	285	185	186
420	287	182	186
421	280	185	189
425	284	184	186
431	287	182	184
430	290	180	182
436	305	168	173
446	322	156	163
438	322	155	162
427	320	160	170
422	316	163	170
416	304	163	186
417	311	154	178
404	279	157	210
387	274	170	206
376	266	177	217
384	255	178	230
388	269	175	211
396	262	156	214
399	262	166	210
400	256	180	209
417	277	179	201
424	299	186	183
443	308	177	172
456	314	171	168
460	317	164	167
445	314	176	171
446	319	165	167
436	321	163	164
414	304	137	182
420	295	126	191
417	286	135	200
396	300	163	188
392	293	166	192
401	290	160	194
406	274	148	208
410	259	147	222
410	276	148	204
414	272	153	201
446	309	156	171
438	314	181	170
452	318	179	165
449	316	188	168
448	316	190	171
434	317	195	172
418	313	205	179
397	303	209	190
406	308	183	185
394	310	176	169
380	302	149	173
355	291	166	188
369	293	148	176
355	284	158	179
374	283	130	207
373	288	132	193
369	288	129	187
376	289	153	171
380	311	167	154
371	297	175	188
394	297	195	190
446	314	164	170
452	315	164	171
459	324	161	165
452	323	164	163
431	328	170	162
411	326	173	170
392	314	184	182
372	308	183	187
360	317	181	177
345	308	183	185
333	310	186	163
344	281	153	216
343	268	156	227
344	272	156	219
339	266	159	222
339	261	159	218
340	264	166	211
341	267	178	206
345	276	181	190
349	285	181	177
339	289	194	181
334	288	184	189
334	291	175	188
332	298	160	184
331	320	160	172
317	306	163	189
323	316	150	183
312	296	157	200
321	318	138	181
313	293	140	204
316	295	132	202
313	298	130	199
315	294	127	201
316	312	131	184
310	310	135	184
308	309	139	177
308	319	144	172
303	316	152	172
305	317	157	172
311	322	147	172
306	325	148	171
299	325	146	172
288	318	153	182
284	327	157	178
282	317	169	185
273	300	168	193
264	323	180	166
282	308	161	178
271	328	175	161
293	292	148	195
285	281	160	200
278	286	172	191
283	280	173	196
280	304	177	180
279	309	177	179
276	322	178	169
276	306	176	179
273	294	168	201
272	301	169	194
269	314	170	177
248	324	134	177
245	325	121	170
243	327	120	184
245	326	130	179
243	322	129	182
249	332	175	168
254	324	179	178
253	318	181	185
260	318	184	188
258	309	182	194
273	297	179	207
254	312	199	187
264	286	199	212
265	305	197	196
245	302	218	189
239	312	221	175
220	312	204	176
208	310	188	183
209	316	193	172
190	306	174	182
185	309	139	190
177	303	139	195
177	309	141	192
158	310	111	193
152	314	110	186
147	310	106	191
155	310	100	194
160	308	100	197
163	306	110	200
170	309	108	196
180	305	110	193
184	312	113	192
183	314	117	192
189	308	115	194
193	313	114	193
205	323	107	183
208	321	104	186
209	324	104	186
216	314	100	184
225	310	103	194
254	316	99	177
266	322	90	165
268	318	89	170
272	311	99	173
273	307	102	179
268	301	112	184
260	299	121	183
250	298	129	186
236	293	128	182
228	290	112	179
193	298	96	169
189	301	84	171
169	300	89	172
160	306	94	166
152	308	100	173
150	300	107	196
156	303	105	196
170	316	100	193
190	317	96	187
209	324	89	178
231	316	92	180
253	319	86	165
255	313	96	169
251	311	102	164
253	307	109	168
248	305	118	169
238	298	123	173
232	302	110	162
230	303	113	182
227	308	109	178
211	314	103	173
200	315	99	172
193	315	98	175
189	324	102	167
187	319	108	175
199	319	106	177
213	318	100	172
222	315	97	167
230	315	104	171
232	315	113	173
242	311	119	173
244	305	130	172
245	300	130	177
256	304	150	175
266	304	184	176
253	304	191	184
250	305	183	183
231	303	131	181
227	308	117	176
223	308	95	170
196	314	99	177
187	319	100	174
183	320	106	177
185	324	109	177
192	326	107	175
225	315	92	173
241	317	93	173
249	314	96	167
246	312	100	169
253	311	102	170
251	306	102	174
246	305	102	173
241	305	110	177
233	301	108	181
230	305	102	179
212	310	97	175
205	307	92	178
187	312	90	179
175	312	92	181
166	314	94	183
155	313	97	182
149	313	103	189
147	314	103	190
149	319	104	183
153	320	105	183
182	315	93	182
195	316	95	182
208	316	92	177
219	310	93	168
234	309	94	179
241	312	104	176
248	309	120	171
255	309	121	168
252	302	126	175
256	305	127	176
247	298	124	181
233	300	124	184
229	309	116	175
213	306	105	170
200	309	96	175
177	309	98	178
143	309	110	183
140	312	108	177
135	308	111	185
139	309	112	195
147	314	116	184
196	321	97	175
215	317	88	168
226	325	86	163
230	319	94	171
229	314	112	178
232	310	120	180
226	307	119	182
224	303	127	185
214	297	126	190
213	301	129	183
203	307	102	183
198	307	87	173
187	307	85	187
177	315	89	179
176	316	86	183
182	312	81	178
190	314	81	181
198	313	82	181
195	316	80	181
198	316	79	179
196	321	76	178
197	323	76	176
196	324	77	176
195	324	75	174
196	322	76	176
197	323	75	176
196	322	74	177
197	320	74	179
195	319	73	181
195	317	75	183
195	317	75	181
194	315	75	183
192	317	78	181
189	319	81	180
187	318	84	178
184	317	86	178
183	318	88	175
181	315	91	178
178	311	96	183
178	315	99	179
174	319	101	175
172	316	103	181
171	315	103	183
168	316	107	180
170	315	104	180
169	316	106	181
168	316	106	182
167	318	106	179
167	319	105	179
165	322	105	174
161	319	104	179
159	317	107	182
157	314	108	184
157	315	109	185
157	315	109	185
155	317	112	183
155	317	112	183
154	315	111	186
156	315	112	186
159	312	109	186
164	308	105	187
181	304	98	184
195	304	90	181
197	290	95	191
199	296	94	186
197	297	104	188
195	293	105	189
192	295	101	195
181	303	107	196
167	311	112	186
152	316	113	186
154	321	111	181
157	320	113	184
173	332	109	171
186	322	114	179
201	316	112	179
205	322	110	170
215	315	103	174
226	313	99	174
232	312	98	173
232	314	99	177
232	316	104	171
228	310	94	170
217	309	102	174
211	303	101	177
189	307	108	182
177	306	103	183
170	306	103	188
163	307	106	187
158	314	111	177
154	303	115	190
156	305	114	189
159	301	114	191
167	303	110	191
176	307	113	192
190	308	114	188
194	311	111	187
195	313	109	186
195	316	107	185
195	314	108	185
197	317	111	177
200	309	108	188
203	265	109	228
216	282	107	207
225	283	106	203
241	275	109	212
253	285	110	201
320	273	148	212
344	244	124	245
329	249	138	239
311	257	154	230
298	260	167	226
266	274	192	212
247	292	153	191
242	293	143	191
229	287	120	184
224	302	105	177
218	305	99	170
209	305	99	170
199	304	107	174
195	310	108	172
198	313	99	169
208	304	97	179
210	314	99	177
217	310	97	173
242	317	97	180
253	311	105	179
256	308	112	190
368	245	109	238
374	249	105	236
275	307	121	186
276	307	120	181
280	309	114	180
282	310	110	180
282	309	110	181
281	309	117	178
283	304	118	181
282	301	123	187
279	297	125	187
279	300	131	187
273	294	145	190
269	297	158	190
257	294	168	192
246	291	171	199
255	298	134	185
245	300	109	182
238	298	103	188
243	299	105	193
237	300	109	196
228	308	108	194
240	313	108	192
247	309	106	190
256	305	101	193
266	303	108	193
272	307	104	186
278	308	112	196
276	307	125	187
278	309	134	180
286	309	143	175
289	305	174	180
280	305	187	188
282	300	193	194
265	295	173	187
271	292	174	192
264	298	168	187
261	295	168	194
261	293	162	200
261	298	147	191
262	296	139	193
265	294	132	189
269	295	133	198
266	294	130	194
263	294	131	193
261	294	133	203
253	291	141	197
253	292	134	198
244	285	128	204
242	293	115	195
236	290	120	198
241	295	115	194
236	290	118	199
236	294	122	196
235	292	118	199
242	293	115	197
237	292	113	201
236	295	112	194
230	290	108	203
227	292	100	197
223	293	99	198
219	291	101	202
217	293	100	201
215	293	101	201
214	293	101	201
215	293	101	199
215	295	102	199
217	296	100	196
216	294	100	198
217	296	99	196
215	296	99	198
362	244	112	238
356	249	123	242
356	251	121	238
353	248	126	242
352	251	126	240
351	249	128	241
350	248	127	241
347	250	129	240
347	249	129	241
347	249	129	240
345	248	130	242
346	249	130	241
345	248	130	241
346	248	129	240
346	247	129	241
345	248	129	241
344	249	131	241
345	247	130	241
343	247	130	241
344	247	129	242
345	246	128	241
347	244	124	239
347	242	121	237
345	240	112	232
344	237	108	229
349	236	106	235
345	236	105	229
138	290	101	187
134	285	109	201
120	293	115	199
118	300	114	195
117	301	114	191
124	299	116	204
136	300	113	205
146	304	106	199
151	303	104	201
155	301	106	204
165	300	108	194
189	298	104	197
201	294	94	191
208	293	101	192
208	295	109	188
213	296	112	192
211	295	117	193
209	293	106	190
207	292	110	185
204	291	107	190
197	292	103	184
185	294	99	190
171	292	102	195
159	297	105	194
156	300	101	192
150	302	108	202
154	299	106	198
158	295	108	201
165	297	105	195
173	296	103	200
185	297	108	202
192	294	105	201
192	300	108	199
200	303	107	190
202	300	102	198
205	303	103	195
204	301	103	196
203	301	105	197
204	301	104	197
204	301	105	196
216	304	98	177
218	299	101	186
220	296	105	186
221	296	113	188
222	297	114	193
222	295	115	188
223	292	116	195
221	295	110	189
218	294	109	185
212	290	104	197
207	293	102	196
203	297	96	191
201	304	95	187
193	308	100	185
200	305	99	190
202	307	101	186
213	306	94	184
214	303	93	184
222	301	90	181
227	300	89	179
230	297	104	182
232	296	118	182
227	293	121	194
232	293	126	184
234	293	140	199
222	282	117	193
219	287	117	202
216	289	108	193
209	289	103	199
204	292	105	196
199	291	99	197
190	300	106	193
192	305	104	187
206	302	90	182
216	303	92	182
230	300	104	186
235	292	114	191
237	293	122	193
242	296	126	179
246	290	143	195
230	279	167	203
235	279	159	202
226	280	118	198
222	284	112	197
216	285	108	195
194	283	109	201
179	286	106	191
165	290	105	193
164	293	108	192
161	295	107	190
168	302	112	184
201	298	101	185
213	297	90	182
224	300	94	180
241	298	103	182
247	294	135	188
258	296	145	180
264	298	158	189
261	295	158	197
250	284	158	203
242	286	157	198
240	287	125	184
229	279	120	201
226	287	117	199
221	289	103	186
217	292	97	196
197	294	99	181
191	294	87	190
174	292	93	189
161	295	100	195
159	289	102	195
155	292	104	205
161	297	99	186
168	298	99	190
184	294	91	195
201	293	87	197
219	289	87	200
237	292	84	193
243	283	93	201
244	287	103	189
246	284	108	186
245	281	114	197
245	279	118	199
244	275	109	198
238	274	108	195
235	275	99	188
226	279	84	187
222	281	84	187
210	282	85	187
201	284	82	186
194	289	83	181
185	296	85	180
188	296	84	181
189	302	87	182
191	309	88	182
191	308	92	188
202	316	87	191
205	313	93	188
213	309	97	196
220	312	99	193
221	310	109	192
226	308	116	186
233	308	137	183
224	303	154	178
222	298	177	181
223	301	181	182
206	288	210	203
202	286	209	213
202	290	205	208
196	279	213	220
184	278	204	213
172	281	156	208
170	286	148	202
169	291	128	197
165	292	119	193
160	295	114	189
154	296	100	191
148	301	101	201
143	308	102	200
141	308	105	207
142	313	107	209
156	311	108	213
309	240	115	266
306	236	124	276
309	247	124	267
309	241	125	277
307	260	127	259
303	259	125	257
197	297	134	221
201	299	131	211
202	297	131	204
203	290	138	214
201	287	145	222
197	284	145	223
192	284	142	226
188	286	129	231
176	300	119	222
166	302	107	217
157	316	111	222
146	314	115	225
146	308	119	233
179	298	101	250
199	301	99	236
214	311	112	227
221	317	120	213
226	313	126	207
237	309	189	213
239	304	198	227
236	290	203	236
234	284	213	244
231	286	211	241
202	288	230	240
194	275	231	244
162	273	204	237
285	224	143	267
273	222	158	279
250	214	175	269
243	207	171	270
215	206	183	268
210	201	192	290
0	227	122	200
0	251	119	159
0	254	115	146
0	246	111	145
0	242	107	160
0	236	107	170
1	248	90	181
0	290	92	164
0	276	107	169
0	292	104	192
5	260	109	260
35	238	99	245
46	228	93	239
79	249	87	291
69	260	108	286
66	272	104	266
54	278	99	276
27	285	103	263
18	276	105	219
3	279	112	216
0	274	112	201
0	247	132	183
0	242	125	180
0	242	134	182
0	239	135	187
0	260	131	190
3	303	110	240
13	290	114	276
10	296	130	272
9	280	141	291
7	266	151	302
6	261	155	307
5	267	154	301
4	281	149	290
1	280	150	290
0	282	150	289
0	282	149	286
3	282	149	288
0	277	157	297
8	275	156	298
24	273	145	300
64	282	123	289
77	270	120	299
77	275	109	292
80	268	116	291
75	272	112	285
57	275	111	283
32	281	133	272
22	279	139	260
8	267	158	278
4	272	156	264
0	275	155	274
0	268	156	296
4	279	150	272
8	255	158	313
8	281	163	283
17	264	159	304
28	268	148	297
41	260	143	305
70	252	135	315
78	231	121	330
86	251	121	298
73	243	116	305
68	234	134	312
42	236	127	296
25	251	128	286
9	262	131	243
5	279	125	236
0	278	123	210
2	277	125	201
0	297	104	167
0	307	87	140
0	291	86	138
0	293	83	139
0	297	80	130
0	301	77	127
0	303	78	127
8	300	80	134
14	297	79	143
15	299	86	147
15	298	90	164
22	289	98	199
45	252	94	255
124	248	97	292
63	246	110	315
69	238	112	316
69	249	104	303
38	277	116	271
13	285	139	265
11	280	123	264
3	276	121	242
0	263	127	219
0	251	121	179
0	252	107	163
0	294	88	150
0	297	82	131
1	288	78	139
1	296	73	135
4	262	72	165
9	252	70	176
12	246	72	181
16	255	68	192
13	272	76	212
14	253	77	263
0	287	97	247
0	275	95	261
0	261	103	286
0	274	105	249
0	276	106	254
1	278	106	255
0	293	106	228
0	301	100	178
0	303	100	153
0	303	94	150
3	298	95	156
6	306	98	161
10	288	96	203
4	301	118	231
3	300	130	231
12	297	123	257
18	298	122	253
27	283	122	272
39	274	112	274
37	253	117	288
34	255	121	280
25	249	112	267
12	281	111	216
5	280	116	204
0	281	116	203
0	284	111	191
0	268	120	200
0	284	117	195
0	287	116	194
5	269	125	224
5	301	120	221
1	284	133	247
4	279	140	255
15	261	134	272
24	255	135	284
45	249	127	281
92	270	111	271
95	271	110	269
96	270	94	267
89	270	89	265
77	259	91	269
57	260	118	269
51	275	121	246
34	286	126	216
18	284	147	232
4	290	160	221
5	269	168	244
1	290	172	223
12	277	174	244
27	267	180	254
36	313	161	223
69	304	135	233
82	290	138	250
103	287	127	252
129	288	115	250
144	290	121	237
189	243	125	276
187	276	111	237
213	276	122	242
211	263	111	250
211	267	129	252
210	277	125	227
210	264	115	251
195	281	93	214
187	287	88	217
167	287	97	218
156	290	98	218
147	289	105	222
142	288	110	228
144	293	112	229
148	307	113	226
154	306	120	231
173	307	121	231
207	303	121	234
215	301	121	229
234	302	118	226
244	297	115	210
250	290	122	224
264	306	128	210
264	304	148	205
265	298	165	208
278	298	206	215
262	289	217	226
274	285	215	230
250	284	228	229
261	289	219	223
250	287	229	223
234	278	183	229
220	286	164	219
224	285	142	224
216	287	125	217
209	293	124	226
203	296	113	223
175	303	128	229
181	305	132	228
180	301	142	233
202	307	138	232
219	304	136	226
242	296	135	236
251	288	130	235
259	287	131	229
270	303	133	213
278	301	149	212
293	292	164	220
307	293	200	218
321	292	191	222
311	288	198	225
318	281	196	229
298	282	209	229
290	269	209	239
283	277	194	223
285	286	176	216
274	273	136	215
259	277	113	238
251	286	100	230
257	278	94	241
266	285	93	240
281	284	91	221
313	287	93	208
472	237	84	188
470	233	89	185
473	232	102	256
474	238	121	252
489	251	121	244
494	252	138	248
478	261	164	235
412	254	156	254
421	285	154	225
432	291	149	211
435	287	166	212
437	285	197	213
439	271	214	226
434	280	224	221
427	268	235	234
425	272	237	231
416	257	239	242
428	259	237	239
424	269	238	231
421	255	245	243
435	266	225	227
434	272	226	221
445	271	221	221
447	272	214	222
453	280	215	215
457	284	214	216
460	291	219	214
466	305	213	205
461	303	221	204
464	312	221	197
447	306	242	203
458	314	235	198
446	310	248	202
454	308	237	207
451	307	239	205
461	301	232	208
442	292	251	216
437	287	261	222
419	285	279	225
410	272	282	235
389	260	307	249
381	257	316	252
377	255	322	259
370	253	318	262
390	254	308	261
379	250	301	261
401	251	281	262
403	251	277	259
424	254	255	255
428	247	255	263
441	235	241	272
430	233	259	270
427	229	262	273
426	230	283	268
415	226	307	271
428	226	288	272
423	228	313	279
426	230	277	273
448	231	272	278
455	237	241	267
459	213	255	298
467	232	239	282
461	217	243	295
463	227	242	282
466	238	243	276
456	227	244	290
465	242	243	272
458	232	246	290
463	239	248	281
464	230	251	289
466	224	240	288
465	223	250	283
476	218	236	288
481	214	226	291
483	207	226	289
485	195	212	294
490	206	208	287
487	191	216	291
502	208	213	293
513	203	213	280
533	219	214	291
535	220	233	282
539	221	243	283
555	224	229	277
548	226	260	279
535	240	263	248
538	259	275	242
528	254	286	237
531	271	317	231
524	279	317	219
537	338	298	167
530	319	280	178
515	213	217	291
502	191	240	311
499	227	262	287
525	244	268	259
521	335	313	170
531	349	249	159
541	312	259	201
522	386	303	131
529	385	302	126
556	385	278	120
551	420	301	94
552	432	285	81
552	438	283	71
561	443	276	64
576	444	258	60
558	444	252	58
555	443	256	58
561	447	261	59
559	445	272	58
554	445	280	59
557	446	281	59
558	446	283	59
545	442	265	60
549	439	263	66
547	442	283	65
544	441	274	65
542	443	277	65
539	444	286	61
538	445	291	64
541	444	285	63
535	444	302	64
537	442	294	66
535	442	301	66
526	440	310	68
521	439	302	71
511	434	300	74
500	434	323	76
508	432	298	79
503	433	316	76
503	433	310	77
506	431	308	79
520	429	280	82
521	427	284	85
527	431	293	83
534	435	282	80
548	423	261	88
549	430	266	84
554	437	275	74
549	439	293	73
546	439	299	72
542	436	304	75
518	434	292	77
506	433	308	76
506	432	308	75
504	430	309	78
502	431	309	77
503	433	315	74
510	432	311	80
514	431	304	83
517	428	303	86
518	425	301	89
529	420	305	93
528	431	293	85
586	426	260	84
575	429	268	79
576	425	256	78
598	423	228	82
587	413	244	89
583	394	250	108
577	377	273	128
577	368	280	141
564	352	290	150
565	331	278	173
560	321	305	188
565	304	303	204
558	289	328	227
566	274	292	228
591	266	291	241
592	249	257	254
615	249	236	251
612	237	231	261
610	230	231	265
600	214	234	275
590	198	225	278
588	190	223	276
576	171	223	280
574	171	240	266
567	161	244	267
563	157	241	259
576	154	245	254
550	148	267	245
557	138	266	245
536	130	275	225
537	135	284	198
510	128	308	202
526	129	294	190
522	128	299	189
522	128	307	193
511	125	321	199
514	127	320	193
512	126	319	192
530	126	306	195
513	124	318	193
548	128	290	186
527	134	309	151
508	126	334	150
504	115	328	152
522	113	308	145
479	98	291	141
518	104	325	135
509	115	346	122
473	69	326	123
484	103	364	126
467	90	360	134
447	96	391	112
437	93	399	107
444	90	386	103
443	82	382	104
480	73	336	121
442	72	360	130
463	62	332	113
461	99	320	110
455	92	339	91
500	92	292	99
473	90	310	103
463	94	318	112
432	91	347	105
492	99	290	120
460	103	318	106
436	100	337	116
464	101	308	120
497	110	277	114
479	104	293	125
470	108	294	120
471	106	289	112
505	113	261	113
485	109	281	113
474	113	293	112
454	109	309	110
500	104	258	104
480	105	282	107
476	98	284	112
450	93	307	109
488	87	266	108
398	94	341	87
404	85	329	86
393	77	345	87
437	59	285	102
417	74	321	91
419	64	317	96
413	57	323	99
434	52	306	109
422	49	315	108
421	46	312	115
421	37	310	125
442	32	284	133
450	32	269	129
438	40	274	125
434	35	263	129
424	23	277	144
433	14	220	152
430	23	239	136
449	7	265	152
447	4	260	154
447	7	254	155
449	7	251	157
447	4	257	158
435	5	264	159
447	6	247	163
441	4	242	165
450	5	229	168
459	18	134	226
396	62	199	112
404	83	205	100
409	90	184	80
418	106	181	74
425	103	224	61
474	100	243	68
502	113	230	92
456	115	271	77
423	112	303	71
421	111	299	71
452	110	271	74
450	104	270	73
449	114	281	77
426	109	307	70
462	115	277	80
437	109	287	77
466	109	284	79
462	109	298	84
460	106	303	101
436	110	326	81
475	100	287	99
468	115	302	98
439	116	334	88
491	110	286	99
475	119	299	90
458	119	300	81
460	125	299	80
483	134	292	90
513	136	263	91
499	136	281	91
477	138	305	93
468	147	324	95
526	142	294	99
529	143	292	114
515	137	304	117
522	144	290	128
513	156	322	158
499	166	334	218
504	179	315	205
511	186	301	235
517	195	252	258
511	187	234	290
525	199	176	295
514	198	179	299
523	210	172	285
515	207	160	290
511	214	166	290
503	221	161	291
503	225	175	292
497	221	180	293
498	220	175	291
501	223	179	290
506	220	180	292
508	220	180	288
509	219	183	288
506	218	192	285
510	219	202	275
515	217	197	268
518	216	200	273
519	214	212	276
523	216	222	276
509	212	233	271
530	224	226	256
511	217	246	260
512	214	243	273
523	217	237	269
513	218	239	265
516	219	223	273
513	213	225	274
529	222	213	269
513	217	232	277
523	220	226	279
508	222	241	273
512	225	235	266
508	224	243	270
513	226	242	268
508	224	238	268
510	223	245	271
519	226	238	272
512	224	238	276
507	224	244	273
502	219	248	278
511	225	243	279
509	235	242	266
511	231	233	271
514	235	235	269
508	228	237	274
508	226	245	279
518	233	247	276
509	229	251	277
529	243	244	270
532	243	235	267
535	251	221	265
528	247	228	269
535	254	213	266
532	256	215	262
524	250	216	275
514	254	228	270
511	251	236	273
496	256	247	268
490	259	246	263
482	269	253	254
490	275	247	243
480	271	252	250
505	272	231	249
491	265	241	251
506	271	233	252
501	257	230	261
512	250	229	267
506	255	236	262
513	257	230	258
510	257	230	257
511	252	221	262
507	247	225	264
508	250	218	261
502	243	220	268
494	245	220	266
493	244	217	266
483	237	208	269
492	246	198	258
492	246	192	258
490	241	187	260
498	237	176	266
504	233	159	267
512	238	164	269
506	235	176	266
502	230	173	268
508	227	176	274
508	223	185	267
516	223	197	274
519	217	208	263
537	225	205	241
544	227	224	264
567	240	250	241
581	240	246	256
587	234	259	264
591	247	265	253
599	250	259	254
591	253	263	253
595	255	251	256
592	255	227	253
578	248	227	258
571	243	220	252
561	244	200	255
556	234	201	262
551	236	199	255
556	247	191	248
558	242	183	248
567	234	173	263
563	227	165	260
562	224	164	244
573	228	171	262
576	226	207	255
579	216	230	266
611	245	249	250
597	228	261	267
611	239	273	256
605	235	271	255
615	243	272	250
617	247	278	246
599	237	290	255
600	245	263	245
597	242	249	255
598	245	253	256
597	240	245	257
595	244	256	257
590	238	246	257
604	258	246	247
590	245	232	252
597	268	229	233
578	233	222	264
574	254	218	232
570	252	214	229
570	247	212	237
572	248	210	236
571	248	211	234
572	247	209	235
572	248	209	233
571	248	209	233
571	247	208	234
573	248	209	234
570	250	208	233
570	247	208	236
569	246	207	236
570	248	206	233
569	246	205	234
568	245	212	238
568	243	209	238
567	245	211	238
567	245	211	237
566	244	210	238
566	242	210	240
568	243	210	240
568	247	212	237
569	245	209	237
569	245	209	237
570	245	207	235
569	243	210	240
569	247	208	236
570	246	207	234
571	246	207	236
572	246	206	235
571	246	208	235
570	246	210	237
571	245	206	237
570	246	209	236
571	246	211	237
567	244	210	242
561	241	212	244
553	246	218	246
542	247	211	247
525	247	219	250
501	230	184	266
509	257	190	243
492	247	184	253
493	245	193	250
495	239	195	252
508	248	181	236
490	234	199	246
472	229	216	253
475	221	212	257
475	233	218	243
473	238	220	230
477	242	225	231
469	245	222	229
482	251	220	237
473	259	226	233
469	261	214	229
469	259	217	232
466	254	216	239
454	256	225	236
456	254	224	242
442	241	236	249
431	245	248	245
442	244	241	248
425	234	253	252
410	237	272	242
398	230	277	249
392	232	203	238
378	239	197	222
375	237	188	224
376	240	169	242
375	243	148	269
366	254	127	260
352	259	119	263
340	262	128	265
340	260	125	264
348	265	132	260
361	260	132	261
384	251	130	264
414	244	119	268
438	243	113	252
481	233	110	255
493	231	119	246
491	237	145	239
497	236	151	254
500	229	150	267
495	222	161	268
490	223	166	273
482	219	179	262
477	210	170	264
469	204	152	263
453	213	105	257
432	225	85	217
397	220	101	240
363	233	127	212
338	231	147	220
287	243	176	218
268	245	185	237
243	247	201	243
239	251	198	249
238	255	193	253
253	265	175	242
262	271	169	251
271	274	167	245
289	278	161	243
304	283	148	235
317	278	145	242
323	278	144	242
326	275	146	247
330	275	149	248
336	270	149	250
354	269	140	246
382	264	121	246
419	248	112	254
436	242	110	234
435	263	108	243
435	246	122	261
428	243	129	264
427	240	121	268
424	235	102	268
411	237	96	261
373	245	104	223
361	249	116	242
349	256	129	240
347	257	137	248
347	258	142	256
367	251	142	262
392	256	125	257
408	246	116	266
417	245	112	264
447	239	101	257
458	242	115	251
461	235	118	257
459	236	115	250
459	239	101	244
452	235	90	245
424	244	95	246
407	248	99	247
395	242	114	255
389	251	118	246
383	256	129	250
381	268	132	239
388	257	134	250
398	261	131	243
417	255	123	248
441	251	110	247
494	244	100	233
506	241	109	233
505	236	130	232
508	232	143	245
507	228	160	257
500	208	165	275
498	217	154	264
497	222	124	258
487	235	106	248
463	235	98	243
430	247	107	241
424	250	116	240
420	254	121	241
425	253	122	244
437	254	117	241
472	249	104	238
506	242	94	235
529	244	99	228
527	236	115	233
529	234	128	241
519	219	140	260
519	215	127	264
553	216	120	265
542	213	117	266
460	216	100	256
422	228	116	241
370	229	146	248
333	229	185	248
312	226	190	238
293	233	192	250
264	236	208	261
252	236	213	266
242	241	223	262
248	240	217	264
263	239	212	265
284	236	209	264
300	237	191	264
315	240	179	258
331	231	177	273
349	232	167	265
415	223	116	267
444	234	110	251
478	228	96	248
499	230	99	235
504	233	92	224
509	237	105	241
500	228	120	257
494	234	119	255
492	225	116	256
491	226	108	254
480	224	102	248
598	203	137	272
598	203	138	276
427	246	95	245
421	243	88	244
406	243	95	249
403	245	99	251
401	244	99	250
396	247	101	250
397	252	100	240
395	252	103	238
388	257	107	235
389	257	108	238
386	260	109	238
388	255	109	240
385	262	109	236
387	262	110	234
387	262	111	233
386	265	113	232
385	271	113	226
384	266	116	235
383	270	113	230
382	273	114	228
383	269	113	229
376	272	118	208
370	268	122	203
356	263	138	189
350	260	142	196
341	262	150	194
335	265	155	189
327	269	165	189
318	277	179	192
319	281	185	201
319	286	184	207
326	288	179	210
321	293	180	212
321	292	183	211
319	290	186	213
318	290	187	214
316	288	188	217
316	289	186	215
319	288	184	215
317	288	185	216
317	290	183	215
317	289	184	216
317	289	186	217
315	292	186	215
320	288	185	219
316	291	190	217
316	293	188	216
316	294	187	215
318	292	193	217
317	299	190	210
319	294	191	214
316	298	193	213
316	296	193	213
318	300	189	209
319	296	189	212
318	299	185	211
318	295	182	215
321	295	175	212
316	291	181	216
315	286	176	214
312	287	177	205
316	283	174	199
316	283	173	196
321	277	176	197
328	278	169	193
333	287	164	184
341	288	151	181
358	298	125	169
371	335	104	130
380	344	96	123
378	344	99	125
381	346	95	120
385	344	91	117
386	342	91	117
386	338	89	119
387	332	92	123
390	318	94	136
386	313	96	138
386	274	100	169
386	289	92	147
386	309	84	127
388	303	89	132
387	301	87	131
387	291	93	140
388	285	90	143
385	298	88	128
386	284	91	138
384	287	100	125
381	249	129	146
373	251	137	134
378	247	145	128
382	251	140	115
385	248	133	112
379	291	114	88
379	298	109	68
375	272	147	71
370	275	154	66
368	274	151	59
373	278	153	54
370	285	166	48
367	286	159	49
364	288	160	46
358	290	166	40
351	292	175	39
350	292	174	40
346	285	180	47
348	287	176	50
355	287	165	47
354	290	166	45
371	288	139	46
364	295	148	40
372	293	134	39
372	295	127	38
373	294	127	35
372	292	125	37
371	292	130	36
366	292	143	34
355	290	155	37
347	291	158	39
347	285	154	46
347	285	149	46
347	286	150	44
347	288	150	43
347	287	144	46
347	288	148	46
348	287	145	46
348	289	142	45
350	287	143	49
351	289	137	49
354	286	137	54
352	285	144	55
356	279	145	61
355	282	148	59
357	284	141	59
359	285	135	58
356	288	143	55
357	297	138	49
360	301	138	48
363	311	141	43
369	308	128	45
367	310	128	40
369	311	128	38
370	313	124	38
371	309	124	42
371	304	120	47
371	299	122	56
374	295	121	65
376	290	118	73
377	289	117	85
383	274	110	103
384	285	96	98
394	287	82	101
398	287	74	103
403	289	67	102
408	292	63	100
410	292	61	100
412	291	60	99
414	292	56	100
414	290	54	101
414	290	53	101
412	287	54	104
411	284	54	107
411	284	53	107
414	275	56	112
410	278	62	107
411	274	65	111
409	268	68	119
409	280	64	109
410	285	60	105
416	275	58	116
416	275	55	116
418	272	60	118
413	260	77	129
404	264	86	125
403	260	96	126
399	264	96	123
400	270	94	116
405	283	101	105
414	273	100	113
420	263	105	121
423	260	104	122
415	249	104	138
405	245	108	147
397	236	112	157
396	222	108	183
396	225	113	203
395	219	128	245
395	222	133	246
399	225	119	243
400	233	121	233
406	244	117	222
407	248	114	217
409	250	107	212
410	251	98	214
407	252	85	214
395	243	92	227
385	235	100	235
378	226	107	246
371	224	112	246
356	227	127	240
351	227	127	233
342	228	133	229
337	230	136	227
329	242	140	217
323	256	141	211
326	256	138	213
332	254	140	230
341	249	138	248
348	246	135	254
349	249	134	248
347	248	136	251
345	249	139	251
343	248	141	253
341	245	142	256
344	244	138	255
342	247	141	254
343	247	138	253
346	245	137	253
342	242	142	258
350	240	134	260
352	235	136	262
350	234	137	262
346	232	139	266
342	232	144	260
321	229	162	246
318	228	163	240
309	224	172	241
298	224	181	241
280	224	194	242
259	225	207	245
248	230	214	246
240	232	214	240
236	237	212	249
229	242	214	243
227	246	209	244
235	245	202	244
240	248	196	244
241	245	201	249
247	244	199	254
257	251	192	244
252	248	196	250
254	251	192	245
251	250	200	247
260	250	197	248
269	243	201	255
276	245	192	249
284	241	190	258
293	236	192	260
296	240	191	259
315	234	182	265
331	234	165	262
348	233	155	262
350	233	155	265
351	229	154	269
356	231	150	265
358	233	142	263
362	241	135	252
368	236	127	254
375	238	122	248
377	228	118	255
369	228	126	249
351	232	140	251
343	233	139	235
331	238	146	228
305	236	167	226
291	234	186	226
274	237	203	234
266	234	207	248
265	237	206	250
282	233	199	261
304	226	173	269
333	230	163	268
353	235	151	263
360	240	148	255
380	235	134	256
394	231	128	257
394	233	126	256
395	232	124	259
395	225	124	262
393	223	120	258
375	225	132	246
367	229	137	239
354	231	144	230
345	232	153	236
329	232	170	242
319	233	180	253
321	235	173	252
324	237	174	255
333	239	166	256
358	240	150	253
370	242	138	255
379	240	135	260
398	239	129	257
416	236	119	256
432	233	110	260
429	229	115	268
430	233	113	263
427	241	119	256
428	226	110	262
418	215	103	256
392	210	122	252
373	211	142	246
354	213	165	243
331	219	177	232
309	227	193	222
299	231	201	225
291	235	209	226
289	237	210	227
291	232	212	234
468	227	129	253
487	233	119	251
505	229	108	247
487	239	117	242
492	241	108	245
420	242	130	244
425	240	134	248
443	243	125	244
455	233	122	253
461	236	117	247
460	232	111	245
445	230	118	244
441	222	115	239
415	230	135	232
401	229	143	225
372	232	178	224
359	232	188	229
349	233	192	234
345	237	195	241
344	237	188	249
369	233	184	256
374	232	189	261
392	232	173	259
409	234	157	257
419	239	148	251
421	242	145	247
424	241	140	246
426	244	135	243
425	242	133	241
419	231	143	247
392	229	169	236
386	232	174	224
381	231	175	207
367	229	185	227
354	229	203	236
354	231	199	233
360	235	195	240
370	231	189	253
385	235	176	259
407	237	154	257
423	238	144	253
446	242	125	248
455	244	125	245
459	239	125	244
460	231	112	242
458	218	116	250
423	233	134	212
406	225	151	214
387	233	160	202
371	235	169	207
356	235	182	217
344	241	188	225
335	239	197	238
338	235	191	252
357	230	177	270
367	234	167	268
410	238	124	256
426	236	115	258
426	232	110	268
427	230	110	264
426	227	103	262
419	220	98	264
406	224	99	246
381	229	108	238
356	230	121	236
331	233	138	238
289	238	160	227
268	235	174	234
236	238	187	226
214	244	197	232
199	244	205	234
167	247	222	245
147	236	235	263
137	237	242	272
140	235	236	269
141	241	229	258
162	236	232	256
155	237	249	272
163	236	234	267
170	246	218	253
178	242	221	260
222	239	182	259
244	241	163	258
261	241	148	255
267	249	135	257
270	244	128	257
277	248	117	251
282	236	111	257
278	237	116	250
278	231	116	236
257	243	130	223
222	244	156	224
209	245	172	220
196	244	184	226
183	246	197	233
180	248	199	246
184	250	195	247
191	249	189	249
202	251	184	249
213	250	170	249
240	253	149	251
264	257	127	241
278	259	116	240
285	245	111	252
291	247	112	252
305	242	101	257
309	237	107	259
311	226	92	269
306	222	87	265
289	219	91	256
275	213	104	257
232	217	144	252
220	224	153	253
210	228	162	256
206	232	166	261
206	234	162	271
217	239	152	265
220	242	151	259
230	244	139	260
233	246	129	257
234	245	124	259
235	251	115	255
232	256	112	250
232	256	104	250
231	252	97	254
232	255	93	253
233	255	85	250
237	255	81	252
236	255	81	253
236	255	82	252
237	256	84	251
234	254	90	251
232	254	96	254
231	259	99	249
230	256	103	252
228	252	103	255
223	242	107	263
218	237	113	271
212	232	119	270
208	229	120	268
194	230	127	265
178	240	136	261
172	247	142	256
165	252	146	257
163	253	150	260
169	250	152	265
171	251	164	261
195	247	146	267
223	241	124	272
244	241	117	266
267	238	105	254
297	239	100	261
306	237	96	243
305	229	105	254
305	229	111	259
302	225	109	257
300	229	97	251
286	224	94	242
271	224	92	252
260	226	96	254
249	229	104	256
234	242	116	256
227	251	125	256
230	249	127	254
238	245	123	260
252	242	115	255
294	239	96	261
304	240	96	247
326	237	97	238
318	238	101	191
327	240	110	205
340	231	128	250
343	218	131	263
340	215	119	268
329	216	114	266
317	213	103	267
302	216	91	259
286	219	95	254
272	216	108	253
256	231	114	256
243	236	125	260
239	247	125	250
245	243	133	257
250	245	133	254
261	243	130	258
274	240	128	263
300	238	110	263
332	235	97	255
349	228	97	249
360	232	92	260
362	230	104	258
358	228	106	257
362	227	103	256
357	233	92	245
336	231	94	230
322	228	91	239
299	225	97	236
278	226	104	234
254	233	116	226
230	239	132	226
220	234	145	230
191	233	176	242
183	233	184	239
176	236	184	245
171	243	186	251
166	246	189	252
165	246	190	253
177	248	169	253
189	251	168	248
184	255	180	247
190	251	179	250
202	247	165	253
216	248	149	250
237	251	125	239
239	247	123	245
241	227	125	248
232	230	132	253
202	224	151	245
180	231	163	255
163	236	179	242
148	234	188	236
123	250	196	220
99	254	202	230
84	257	210	237
81	255	218	246
86	260	205	237
97	265	194	230
121	256	177	242
124	255	184	250
133	251	173	250
134	254	175	249
144	254	167	246
163	252	148	251
181	250	134	256
185	251	131	258
189	252	127	257
190	252	127	258
187	252	130	257
189	247	125	262
181	250	133	259
170	248	130	254
164	246	132	243
142	248	150	246
130	247	151	239
127	248	148	238
122	247	150	247
119	247	155	249
110	251	158	239
109	253	152	238
105	248	161	243
105	248	159	236
100	242	170	240
94	249	166	230
92	243	177	228
85	242	182	218
80	244	187	209
73	241	195	204
69	234	197	191
58	239	209	189
40	241	219	182
27	235	241	170
34	236	239	163
29	228	232	157
23	228	235	145
20	219	239	144
20	211	243	139
16	204	255	136
15	203	256	126
13	200	267	120
14	194	267	122
13	191	279	119
17	191	276	112
16	194	269	105
22	193	266	99
29	187	255	97
36	184	229	103
43	184	218	100
49	184	216	97
53	183	178	92
60	184	177	87
62	188	173	83
75	188	167	79
86	189	147	76
95	192	131	74
112	188	131	76
119	191	131	79
123	183	145	84
236	238	72	166
196	360	122	154
200	353	121	157
192	353	128	162
199	342	118	171
189	348	132	169
190	339	130	177
192	337	138	177
187	330	134	189
190	321	141	195
190	232	130	280
187	212	127	298
189	219	132	288
190	206	123	303
195	215	126	293
194	190	126	318
189	190	134	317
188	196	135	308
188	202	134	302
190	203	136	299
189	203	133	301
195	215	132	290
191	199	131	308
194	211	130	295
193	211	131	297
185	205	134	304
185	200	143	308
184	193	142	320
180	190	143	320
181	197	147	312
181	180	149	325
180	189	138	301
172	186	159	315
181	201	136	295
188	207	141	287
186	201	138	312
192	214	134	300
192	206	134	310
190	206	137	306
183	197	142	313
186	222	137	289
193	302	139	214
198	226	123	287
194	218	126	294
195	229	128	285
193	223	131	295
191	226	133	291
188	310	137	207
193	231	129	284
195	232	129	285
189	220	134	296
191	238	130	285
183	173	148	311
185	319	142	192
189	312	131	206
191	319	133	199
191	241	129	279
190	223	140	282
190	206	133	309
190	218	133	293
188	226	135	290
195	305	137	211
193	216	124	295
191	312	136	202
195	242	127	269
200	244	131	274
190	232	130	262
195	248	127	266
197	300	140	215
196	226	123	281
194	312	132	205
189	311	134	210
189	296	137	218
192	338	135	170
187	323	138	196
188	317	135	199
192	303	131	210
195	236	133	268
190	231	126	281
186	226	139	282
187	236	136	277
200	298	131	217
197	235	125	275
194	236	124	274
195	243	132	276
193	236	127	276
195	240	137	275
194	217	125	291
193	287	129	224
195	346	131	169
191	335	134	177
194	324	133	189
189	322	133	194
197	316	129	196
66	174	248	130
56	186	254	128
44	198	201	143
46	215	216	132
40	220	221	142
40	228	219	152
53	234	194	168
80	235	177	180
72	240	195	185
77	242	196	192
73	249	189	180
87	253	179	183
101	243	180	207
103	245	185	214
114	241	174	222
113	245	169	227
123	244	167	239
124	241	171	248
125	241	173	249
122	239	178	246
117	244	181	247
118	242	181	245
116	251	178	239
105	250	187	241
111	253	176	231
105	254	179	233
116	250	169	229
116	254	171	237
132	246	167	248
142	248	170	252
151	247	160	253
145	248	165	252
152	250	157	249
158	247	154	255
160	244	158	260
166	244	152	256
176	243	142	254
180	242	138	256
181	243	135	251
183	241	133	241
175	240	140	227
154	237	155	226
129	239	176	205
119	228	185	215
108	233	190	209
111	233	188	195
99	237	188	194
98	241	180	188
101	232	159	202
99	240	158	209
100	233	171	215
105	235	152	221
112	247	142	216
116	242	132	227
121	248	128	231
125	250	126	231
126	255	130	229
129	250	127	230
128	253	135	233
126	249	138	232
125	252	133	231
124	263	130	217
126	261	128	220
126	256	127	224
126	260	123	221
128	260	121	221
120	258	129	222
114	260	134	215
113	259	134	210
117	257	133	210
102	259	146	195
107	255	144	211
117	257	134	210
125	262	130	219
133	256	122	229
135	255	121	230
135	253	123	231
133	256	124	229
134	254	125	229
134	254	126	229
134	255	126	227
135	256	124	227
134	256	126	229
136	254	126	231
136	256	126	230
136	254	127	231
136	253	127	232
136	253	127	232
136	253	128	232
136	253	126	232
136	256	124	229
136	255	125	229
137	256	123	228
135	255	123	229
136	256	123	228
135	256	122	228
135	256	122	228
135	255	120	227
137	255	118	227
136	255	117	227
136	255	119	226
135	254	117	227
137	256	117	224
138	259	115	222
136	255	119	223
138	258	114	222
137	255	114	222
137	257	117	227
136	258	116	220
135	259	113	222
135	257	116	223
135	257	115	223
135	259	117	224
134	255	118	227
136	256	117	225
135	255	117	227
136	255	116	225
136	252	116	226
137	252	117	230
135	249	117	232
130	249	119	231
127	237	122	242
121	237	115	226
116	215	118	253
115	209	117	267
119	206	117	270
110	182	127	291
90	179	142	287
81	176	153	270
76	171	160	276
86	152	172	311
57	174	192	185
93	162	167	145
81	165	163	153
95	156	159	149
110	154	140	134
109	175	122	115
125	166	122	93
116	163	130	91
118	175	120	79
131	178	111	68
135	167	109	76
122	169	125	66
153	174	100	73
139	187	106	69
172	182	82	77
180	184	67	100
188	173	61	116
191	159	60	137
186	237	58	170
181	243	66	190
159	240	100	243
141	213	123	272
145	232	123	252
143	238	121	248
141	219	122	270
141	201	126	285
144	193	119	296
137	179	127	307
147	230	117	256
144	205	127	280
140	181	121	303
149	192	110	298
144	203	118	287
144	214	123	270
145	214	122	274
142	220	125	267
141	214	130	274
139	194	126	294
143	189	123	298
149	187	114	300
145	187	118	300
146	213	119	276
142	219	124	268
141	213	130	276
142	210	126	279
143	209	124	280
143	226	123	261
141	228	132	259
141	228	129	258
142	236	132	248
141	237	122	249
142	238	124	243
144	240	125	245
142	237	122	246
143	238	125	247
144	234	122	249
145	228	124	259
141	231	125	256
139	234	128	252
141	237	129	246
142	229	124	257
141	232	128	255
142	238	130	244
143	236	128	246
147	219	118	268
142	232	125	253
143	234	124	255
143	219	126	269
144	222	123	266
143	231	126	256
142	234	129	249
144	235	120	252
141	236	124	248
142	240	125	244
142	240	126	243
143	240	123	245
143	240	121	244
141	237	125	249
143	239	127	244
142	225	130	261
140	229	129	259
141	230	133	255
141	224	130	263
140	216	139	273
142	207	136	284
145	222	126	266
142	229	129	259
141	233	127	256
141	240	131	248
142	232	126	255
254	170	258	90
274	176	252	91
283	179	295	83
279	171	318	87
278	168	317	97
262	170	334	96
263	169	345	94
258	171	346	95
265	173	351	95
270	171	347	101
281	172	320	101
287	174	322	99
284	175	326	98
281	176	328	94
279	177	332	92
278	175	332	93
281	173	329	94
266	170	300	85
268	173	308	78
270	172	301	79
262	170	305	76
264	172	308	76
262	168	290	67
265	167	288	70
263	166	283	69
275	146	185	169
152	258	121	238
152	263	123	232
150	259	124	238
150	255	124	242
150	272	125	226
151	257	119	240
149	283	126	220
148	290	124	209
147	338	126	157
149	325	125	166
151	280	123	220
148	274	122	224
150	274	119	224
150	280	120	218
150	280	118	217
149	294	120	209
146	317	122	180
150	253	121	243
148	265	125	238
147	249	120	249
148	249	125	250
144	246	131	253
142	226	131	272
149	158	130	340
148	184	129	319
144	186	131	318
143	190	135	307
143	202	131	299
144	221	129	278
149	204	118	287
149	223	116	273
145	328	128	165
142	327	127	165
146	267	121	228
220	150	226	132
218	149	254	139
219	151	267	136
209	150	271	137
214	151	265	133
215	153	273	132
205	150	288	139
207	155	292	139
217	160	273	133
200	153	246	129
143	222	128	271
147	221	122	267
144	235	122	252
145	230	127	257
149	218	119	270
147	221	121	266
147	234	121	252
148	218	126	266
148	234	122	257
146	231	128	258
145	246	118	242
144	244	124	247
147	245	124	246
147	256	122	237
148	255	120	238
147	259	122	231
145	324	123	165
144	251	123	239
143	240	130	251
142	322	124	173
145	247	122	242
145	259	124	230
146	262	125	233
144	257	125	233
145	260	125	234
142	262	131	232
143	252	128	242
143	247	128	246
143	248	127	248
143	322	124	173
141	268	126	230
145	258	119	235
145	258	123	238
145	332	119	160
147	287	120	208
146	348	118	140
142	330	124	157
143	320	123	167
143	252	123	239
144	245	122	249
143	242	124	251
146	231	122	258
142	221	125	268
136	201	128	283
114	184	160	292
101	192	174	279
78	179	203	286
114	208	175	276
106	188	177	284
110	180	183	287
133	200	139	288
134	199	140	290
136	203	135	287
146	225	120	267
147	236	118	253
145	226	120	263
145	228	117	260
144	312	115	177
142	304	122	184
145	284	122	201
62	108	236	107
50	106	238	107
64	109	231	110
69	115	221	103
74	125	234	93
64	132	249	82
59	128	227	91
59	131	221	88
14	144	226	75
20	154	277	63
55	159	259	57
22	160	284	54
44	159	254	54
58	150	199	56
163	156	147	63
164	146	144	56
163	139	138	68
161	134	137	70
153	125	135	75
143	119	147	82
83	88	186	101
86	79	205	122
84	77	218	131
89	77	222	135
92	77	224	132
100	83	224	123
127	110	199	98
160	126	154	86
155	129	144	60
160	149	148	50
169	160	132	50
168	157	128	48
171	160	136	60
161	172	152	74
175	236	71	180
164	246	90	204
150	234	111	256
144	228	118	262
144	236	121	254
144	229	119	260
144	231	123	260
145	227	121	265
143	225	123	271
143	229	120	262
144	229	119	267
144	229	123	261
144	224	119	270
145	226	117	267
144	220	120	275
146	214	117	281
144	214	118	276
146	222	114	265
143	226	121	260
144	225	120	265
146	207	120	284
146	221	116	265
143	223	121	264
142	223	121	265
142	227	121	261
143	232	121	257
142	234	121	256
142	236	122	254
144	231	122	259
144	222	120	270
143	205	118	288
146	222	117	268
146	206	119	285
146	214	116	274
142	225	120	264
145	224	120	265
145	212	118	280
144	225	117	263
144	224	120	265
145	216	115	278
141	230	124	257
143	223	119	273
144	230	121	264
144	239	123	254
145	243	117	251
145	242	120	250
142	243	125	256
142	247	120	250
140	240	125	254
142	240	123	251
140	254	125	237
78	95	203	118
73	95	219	119
64	90	221	119
57	91	230	122
47	89	225	122
38	87	218	121
39	87	210	113
43	87	210	109
34	85	208	113
46	82	216	120
70	89	192	126
67	104	198	109
85	115	171	97
122	128	139	81
148	137	117	71
176	147	83	88
190	154	83	72
193	156	83	66
192	164	87	62
191	165	87	70
192	168	113	103
184	164	126	101
183	163	137	96
180	159	136	96
183	161	154	91
182	162	153	90
186	166	133	83
187	166	130	79
181	167	117	79
180	159	126	60
178	163	148	57
178	154	166	67
177	161	110	63
185	163	71	100
187	155	75	83
189	147	62	121
203	85	67	163
212	56	60	171
214	65	63	161
209	73	66	159
196	73	83	157
188	77	90	150
190	88	90	144
182	95	97	136
164	106	109	123
148	100	125	123
143	110	121	112
145	132	127	86
167	143	111	108
178	241	66	174
169	235	82	218
153	217	107	268
143	226	114	255
146	228	124	252
139	222	128	254
136	223	134	256
89	220	170	243
18	231	231	198
47	227	198	209
65	227	181	231
80	228	176	248
100	224	165	259
115	233	145	248
136	243	127	240
139	238	122	249
141	241	120	247
140	245	124	243
143	242	125	246
142	249	123	237
143	251	123	236
140	249	127	235
139	245	125	235
141	244	126	242
140	246	123	238
143	244	117	239
145	241	113	235
146	242	104	230
145	241	108	239
142	247	101	219
136	240	119	239
134	247	109	219
132	248	126	235
135	247	116	220
134	243	119	232
138	236	113	247
145	233	110	245
142	230	115	250
144	244	113	240
151	240	107	236
152	233	107	249
152	225	108	258
153	241	106	243
155	226	112	254
157	234	111	246
161	228	109	252
161	228	110	253
164	234	108	247
164	234	106	247
163	234	113	247
163	240	118	237
161	246	121	230
161	244	122	234
163	232	120	245
164	237	126	244
166	237	124	243
168	243	123	237
171	238	122	244
172	235	125	247
172	242	125	242
171	239	127	243
170	241	126	245
176	245	123	238
174	232	123	247
178	240	121	238
179	236	121	243
180	238	122	241
181	238	120	243
187	241	114	240
183	238	120	246
185	240	121	244
183	240	116	243
186	239	116	245
186	241	115	242
188	235	112	247
187	235	115	248
188	236	110	244
191	233	107	250
191	229	108	253
192	235	106	247
193	229	105	253
192	235	108	250
192	230	106	249
193	234	105	249
192	228	108	253
193	234	107	247
193	230	107	251
192	234	108	248
192	229	107	250
192	233	108	247
192	232	108	248
193	231	108	249
192	234	107	248
192	228	110	251
194	233	108	247
193	233	110	249
191	232	110	248
195	233	109	248
191	230	110	249
195	232	108	249
194	231	111	251
192	236	111	245
193	227	111	254
194	234	110	247
192	227	110	254
193	234	110	245
195	227	107	252
192	242	114	240
187	233	112	252
171	234	107	234
153	238	115	219
137	228	130	229
125	232	136	221
96	234	164	231
91	232	168	217
80	236	173	231
68	235	185	219
76	238	177	221
62	236	181	223
57	237	182	227
63	233	182	232
57	236	187	226
53	240	185	224
48	250	192	211
45	247	188	219
46	252	181	215
49	251	162	220
52	255	159	223
63	254	152	213
55	256	159	226
60	254	156	231
62	251	161	232
71	252	153	231
81	252	146	233
88	249	155	233
91	245	148	237
89	241	148	243
92	240	137	237
88	241	135	224
71	238	147	219
63	232	157	212
53	227	172	215
39	232	179	217
26	237	178	217
26	242	173	217
167	244	121	237
174	250	110	231
179	247	101	236
180	245	103	237
182	252	98	230
180	252	99	233
178	254	104	234
43	261	144	227
47	262	139	225
45	264	147	222
48	262	153	223
39	263	165	225
37	263	160	223
40	262	156	224
167	256	119	228
170	260	107	226
162	249	110	234
146	254	135	225
130	249	135	227
138	248	136	236
139	253	148	230
153	251	134	231
156	251	128	230
160	247	120	229
163	252	122	233
161	245	125	239
163	248	124	235
164	245	122	231
150	246	132	213
137	240	156	207
126	240	167	210
118	239	177	204
114	240	180	214
116	241	175	216
127	248	158	223
137	252	150	221
157	253	130	233
161	252	128	230
162	250	128	235
166	248	125	238
163	253	127	234
166	256	124	231
167	257	125	229
167	258	126	228
172	246	134	241
168	251	138	235
166	252	139	231
166	248	138	237
166	239	139	245
164	241	143	240
159	237	145	243
152	242	148	234
144	251	145	221
143	251	142	224
152	253	133	230
157	255	129	226
163	256	126	229
166	254	125	231
168	255	123	231
169	256	123	229
169	255	131	234
170	247	135	239
172	250	133	237
172	239	138	248
175	235	137	251
174	236	138	248
173	235	140	249
175	238	136	243
172	236	137	245
164	245	141	237
153	243	145	240
142	247	154	234
138	245	157	237
131	246	162	235
136	249	158	234
145	248	153	235
166	247	143	234
178	249	139	235
187	248	131	235
192	243	124	242
195	244	122	241
196	245	122	241
200	241	120	245
198	242	126	245
195	237	128	249
202	237	118	246
194	231	123	247
191	233	123	248
184	238	127	224
165	250	138	208
166	253	135	201
160	253	139	218
164	256	141	215
174	261	136	221
185	253	134	227
209	259	115	227
203	245	113	242
202	248	120	239
204	247	120	237
209	248	118	236
210	246	122	239
207	243	124	242
206	241	124	241
207	238	124	240
206	233	124	232
201	234	122	216
205	242	122	223
178	252	132	185
190	245	129	211
180	250	134	211
181	261	134	194
186	259	132	215
188	262	132	214
202	255	123	224
212	249	119	233
210	248	124	234
211	248	123	237
210	245	122	235
209	244	121	237
202	243	123	233
193	242	128	223
183	241	137	226
174	241	142	212
160	243	150	205
155	244	157	199
156	243	157	202
154	242	157	203
160	244	150	200
169	246	146	196
174	238	141	216
213	243	113	238
216	254	121	230
222	245	116	238
220	247	120	238
218	248	118	235
215	244	118	236
209	242	115	230
204	234	120	229
179	234	136	215
169	240	152	202
147	238	168	185
142	242	152	182
131	245	144	185
128	239	156	188
134	234	155	196
130	242	157	195
143	246	145	204
132	242	153	199
140	249	140	216
140	250	141	217
148	248	139	228
149	248	140	228
146	244	143	230
156	245	138	228
152	241	138	220
125	239	161	225
118	233	168	214
118	243	153	203
111	233	170	218
99	244	166	200
90	245	171	189
87	248	166	192
88	248	167	196
72	254	170	202
71	248	170	212
63	249	177	220
62	244	182	230
66	244	173	235
72	246	168	237
79	247	159	232
91	255	148	226
104	255	145	225
122	255	131	219
136	255	122	227
144	253	118	230
147	258	115	230
148	259	113	224
151	256	110	226
154	251	106	234
152	244	108	242
136	245	119	226
116	245	134	200
101	242	150	197
94	244	157	203
85	247	163	200
85	259	154	203
102	250	150	226
115	247	138	232
119	253	140	229
110	254	147	229
110	253	149	231
108	255	148	227
110	255	148	229
117	256	145	228
120	253	142	228
136	252	126	228
141	253	123	233
148	252	113	230
148	254	113	234
144	254	119	233
142	252	119	233
141	246	117	238
135	245	122	235
121	246	131	218
110	245	141	216
98	249	151	212
97	248	154	215
102	246	150	222
118	250	139	237
129	252	130	230
143	260	118	227
141	259	121	227
144	259	116	224
143	256	119	228
144	253	119	231
142	247	117	233
141	247	117	224
133	244	122	228
122	245	135	215
117	243	139	215
107	250	147	208
105	252	151	206
105	251	152	214
110	249	144	223
121	249	132	230
134	254	123	228
138	255	119	231
139	255	117	228
137	255	116	227
137	254	117	224
123	254	120	212
120	254	116	213
109	253	118	200
101	249	125	197
91	248	132	198
71	246	145	193
67	242	148	196
55	242	159	192
53	246	158	188
52	239	160	194
54	248	150	187
54	245	148	187
56	245	139	188
55	245	135	190
53	244	129	192
49	253	124	186
46	276	115	160
44	288	111	154
43	277	102	164
39	270	102	173
33	272	107	172
27	264	108	177
21	251	109	188
17	262	102	184
15	258	101	181
8	246	93	196
5	236	86	208
6	241	87	199
3	245	85	200
1	249	81	194
0	263	87	175
2	267	78	179
2	269	77	176
2	271	78	173
3	275	78	170
4	266	73	177
5	271	81	167
5	266	77	180
4	264	79	186
3	261	76	186
13	259	77	195
4	259	78	187
9	267	77	191
7	270	76	188
7	268	74	187
6	279	72	177
10	275	71	178
6	279	77	175
6	279	70	177
8	274	66	177
23	277	76	175
6	288	61	167
4	287	62	164
11	285	67	165
9	282	84	164
2	276	56	177
0	291	53	151
1	317	46	131
5	309	46	134
0	300	44	145
0	292	49	136
4	280	53	152
5	273	62	163
18	270	71	170
0	258	67	160
0	252	61	157
0	248	65	131
0	205	56	139
0	246	56	113
0	258	52	159
7	269	50	164
0	207	60	142
0	229	57	130
6	264	57	165
1	269	61	162
9	268	67	170
0	263	52	165
7	268	58	166
0	269	52	159
0	254	49	172
0	264	50	164
0	254	48	163
0	255	53	173
0	229	60	130
1	263	55	168
0	256	60	164
5	258	63	177
0	270	68	161
14	268	67	171
0	253	52	182
10	266	60	168
0	255	52	176
0	259	53	157
0	258	54	147
0	249	57	118
0	263	54	156
0	236	59	115
0	249	56	112
0	260	50	107
0	239	54	89
0	264	49	88
0	264	48	98
0	250	50	95
3	248	46	130
9	273	64	143
16	275	87	161
32	269	120	178
9	234	107	211
4	227	69	219
0	240	61	204
0	234	59	208
7	240	69	198
8	235	75	206
21	237	79	206
34	245	79	199
37	237	92	214
44	237	89	204
52	240	89	205
62	242	88	198
66	238	91	201
70	239	101	203
82	241	107	192
84	238	111	196
89	236	113	201
98	236	107	200
101	236	104	203
116	236	99	202
120	236	96	208
122	240	105	204
133	238	111	206
137	243	110	187
135	244	113	206
143	243	112	180
145	245	111	187
0	256	85	172
0	273	76	177
1	272	94	192
2	272	102	203
7	268	107	198
19	267	104	190
38	264	93	197
75	258	79	201
88	257	76	200
107	260	76	195
119	251	71	209
127	253	83	205
119	248	97	215
115	246	106	219
110	246	104	217
107	248	88	206
94	246	76	211
70	238	69	212
53	241	75	206
37	244	84	205
19	244	105	197
7	252	115	183
0	254	117	165
0	257	113	157
0	259	110	154
0	259	108	153
0	260	107	149
0	259	108	148
6	257	104	147
19	260	90	189
17	267	97	196
11	263	113	207
11	267	115	194
15	265	113	194
18	266	114	193
33	264	102	193
46	262	91	199
69	256	73	205
80	255	70	210
88	254	67	202
98	255	67	206
102	255	75	206
97	249	74	210
102	249	76	213
88	247	68	209
76	249	68	205
66	247	70	205
38	251	92	202
25	254	104	192
10	260	120	195
4	262	122	190
1	260	123	191
0	266	125	187
0	264	126	189
5	265	123	174
31	266	106	187
25	268	108	205
33	265	109	209
23	261	113	215
41	261	111	198
52	252	108	209
63	260	95	203
115	261	92	203
129	253	90	209
130	260	88	202
130	260	89	203
131	257	90	207
128	252	89	213
126	248	88	217
123	248	87	217
120	242	87	221
123	248	88	213
87	247	71	215
71	255	77	202
65	248	77	208
54	253	87	216
46	257	96	215
44	265	99	207
49	263	96	202
59	257	95	209
69	254	92	216
87	253	85	212
104	257	76	205
110	255	75	203
106	253	81	204
114	252	83	209
121	253	82	209
123	254	78	205
143	257	83	198
95	247	77	206
76	240	73	205
60	245	76	208
33	251	90	202
19	247	108	209
3	262	122	191
3	260	120	193
0	262	121	192
1	265	121	189
15	264	112	168
18	262	112	200
21	262	113	206
26	262	113	205
37	260	105	206
48	257	97	212
67	255	81	212
78	247	80	213
87	253	76	205
97	249	74	204
109	245	75	195
112	246	80	208
114	243	84	205
113	241	89	206
111	236	97	209
114	239	99	200
116	242	100	197
120	246	98	192
122	245	94	196
131	250	83	202
133	250	84	209
137	251	86	210
140	255	90	210
142	255	99	215
157	264	106	201
156	266	92	211
162	268	101	196
173	268	92	200
182	267	95	190
200	260	107	201
207	259	119	199
205	256	147	198
210	247	154	208
208	255	174	203
206	249	175	205
204	247	186	204
196	245	193	202
195	244	206	199
190	244	213	195
184	243	219	193
190	247	219	193
198	249	217	197
208	254	209	199
217	259	205	196
208	258	203	201
207	264	168	194
204	262	156	197
212	256	146	205
208	257	151	206
211	255	149	213
215	250	140	213
213	251	158	208
216	247	176	213
204	240	180	218
196	240	204	213
178	229	220	217
170	227	175	206
173	223	192	218
175	228	186	208
166	225	181	209
151	204	179	219
165	224	171	212
181	232	150	198
186	236	132	197
358	231	125	203
366	233	124	201
369	235	126	199
377	238	124	196
381	237	120	198
388	242	114	197
397	248	113	201
398	250	108	205
405	252	107	205
401	248	111	213
402	252	101	208
389	251	117	212
391	252	130	213
330	250	134	218
339	241	142	229
361	240	168	231
366	225	186	246
371	229	203	241
375	235	208	233
380	230	207	225
381	230	212	228
387	223	222	217
385	228	227	208
383	226	240	207
374	226	250	200
380	228	246	194
391	233	240	200
392	237	230	188
395	239	228	189
391	235	214	196
406	238	188	204
413	236	182	212
420	236	196	222
429	247	189	214
423	244	196	220
425	247	196	223
422	247	198	226
418	245	199	227
415	246	201	229
417	248	193	224
418	247	186	224
427	247	176	221
430	245	170	224
437	242	170	228
444	244	160	223
431	235	164	232
416	228	137	227
422	230	146	207
456	222	148	192
477	231	143	152
496	227	179	185
508	234	186	175
529	242	205	185
520	242	232	188
530	244	239	190
544	243	240	198
552	248	230	194
551	244	229	198
554	246	217	200
548	241	213	205
555	244	189	205
554	239	162	210
547	237	140	208
552	234	134	211
554	234	130	208
554	237	130	205
554	233	128	212
559	234	128	208
560	235	131	207
563	237	131	203
565	236	131	204
572	232	131	207
578	227	129	210
577	225	134	210
582	224	134	209
582	220	135	212
579	214	142	217
579	211	145	217
578	211	143	214
576	212	147	216
575	215	146	210
567	222	141	212
571	221	137	216
567	226	134	212
567	227	128	212
566	228	124	211
563	227	122	213
564	230	122	212
565	229	118	212
569	232	114	207
574	228	108	211
579	228	111	210
582	219	114	214
582	227	126	199
589	232	129	203
589	230	147	197
573	228	174	167
572	234	182	157
564	233	202	158
568	234	205	159
571	236	204	157
589	243	189	155
596	239	184	164
603	236	180	165
602	243	174	168
603	233	162	188
591	235	135	199
585	229	139	202
593	229	144	197
596	229	135	199
600	229	133	202
609	227	129	199
615	230	135	206
617	227	134	203
617	227	140	211
620	225	137	208
625	224	136	214
630	223	120	211
631	226	119	213
635	227	114	210
641	230	113	208
640	230	115	206
643	231	109	203
643	235	111	200
647	238	130	199
654	231	140	204
662	225	141	205
672	225	134	209
675	223	139	210
674	221	138	208
677	217	150	214
686	219	153	200
688	219	159	199
693	223	158	197
698	220	160	204
705	226	167	208
715	230	160	203
715	231	164	198
711	230	171	195
709	228	180	194
720	243	180	183
717	247	188	186
702	234	202	200
699	242	201	192
682	226	211	203
674	232	212	202
672	227	201	206
650	232	178	203
669	238	162	201
660	240	171	197
660	237	163	200
661	235	126	195
664	231	102	200
664	235	89	202
663	227	85	212
663	222	91	217
663	217	87	220
677	215	84	217
675	198	96	232
683	202	106	220
691	212	114	194
699	214	124	183
710	213	166	171
688	198	204	191
673	188	232	192
688	188	242	200
727	219	211	177
730	209	225	192
751	214	208	204
750	220	205	181
771	228	184	185
772	226	175	179
758	222	178	187
761	218	160	203
767	224	158	203
762	223	165	203
760	231	170	193
753	228	182	198
752	234	181	191
748	236	180	193
742	228	174	203
749	236	157	207
754	235	157	200
760	235	156	199
763	239	151	198
755	234	171	207
739	225	195	216
729	213	212	212
707	210	240	189
712	207	238	187
714	202	241	183
708	199	248	179
730	202	229	175
733	192	221	176
782	215	177	171
797	224	162	148
804	223	155	150
798	222	161	159
803	223	156	173
813	227	146	181
803	226	156	185
814	230	145	192
792	216	155	197
789	217	167	214
784	211	160	209
772	197	159	208
795	224	128	214
802	251	111	192
802	254	102	196
812	299	91	153
808	319	94	133
793	320	109	130
785	355	112	98
780	360	106	90
770	397	125	63
753	400	137	58
753	405	139	53
744	400	123	50
747	389	108	60
719	304	81	106
736	279	76	160
717	222	95	192
751	161	98	124
756	155	78	152
765	162	75	118
768	157	69	135
767	154	67	162
768	156	75	167
767	156	78	153
770	159	79	154
763	159	80	159
767	154	82	168
768	160	81	166
768	163	85	175
764	163	93	193
753	168	106	157
751	195	101	225
743	169	119	268
751	174	120	264
741	181	134	263
750	179	130	262
752	177	129	269
756	201	141	248
750	196	147	254
757	220	137	229
738	204	148	241
747	203	161	231
760	339	177	127
792	342	141	119
766	363	167	98
760	372	159	90
776	372	162	88
789	376	138	88
754	380	164	79
764	368	148	93
756	397	163	71
734	400	161	64
734	399	143	63
735	381	132	70
751	406	150	58
743	394	135	63
744	381	111	72
745	401	121	58
748	396	132	59
745	385	111	69
747	395	124	64
747	284	87	159
747	257	113	199
731	226	137	227
696	202	164	253
580	208	177	219
710	214	144	238
713	209	134	246
699	207	138	246
682	207	151	245
565	214	200	215
587	204	201	226
644	206	182	246
576	207	201	220
708	207	150	244
681	207	155	243
577	217	197	217
589	210	188	228
595	206	181	225
672	207	142	237
695	216	139	229
591	211	199	186
594	209	178	218
709	213	147	224
721	232	135	219
690	214	160	238
602	217	182	222
607	213	167	216
687	220	127	222
695	220	138	226
734	223	141	237
729	224	146	233
754	226	143	238
805	308	131	164
817	358	98	113
834	371	68	96
837	371	59	89
841	363	53	96
839	357	54	104
842	352	53	109
840	343	56	117
838	334	59	124
839	329	62	128
838	318	64	142
837	312	67	150
836	302	70	159
833	298	79	163
828	281	94	180
823	270	92	187
821	261	93	199
815	249	101	211
810	243	106	215
798	234	114	222
799	232	116	215
794	223	119	229
799	226	115	221
799	233	113	216
804	225	104	224
806	216	102	232
812	217	92	230
811	212	93	233
810	210	96	234
810	209	96	235
804	212	104	232
794	212	115	234
782	210	128	237
776	210	131	234
771	213	132	234
758	209	133	220
758	220	131	216
747	209	137	229
759	225	118	213
746	223	131	223
750	229	131	207
745	227	137	213
750	228	130	208
748	230	133	210
748	230	124	201
745	230	123	205
745	232	121	203
743	234	119	202
740	235	126	206
740	237	130	208
738	237	133	207
737	237	132	206
738	237	132	205
738	239	132	207
735	237	138	207
730	235	143	209
731	237	145	208
720	240	159	204
716	240	160	200
703	240	171	203
673	237	165	196
656	243	192	198
638	243	201	196
630	243	191	196
625	233	190	205
606	229	122	217
611	196	106	245
598	166	85	259
575	209	88	243
558	254	88	191
539	263	89	196
532	255	98	207
528	258	100	203
521	260	107	205
519	252	107	209
517	253	108	209
516	248	110	214
518	242	109	216
520	237	108	224
520	242	107	215
514	237	114	218
503	248	120	194
497	237	125	205
492	226	131	203
482	237	135	189
463	245	148	197
456	241	153	208
448	240	162	212
443	240	165	213
443	245	161	209
436	245	175	212
431	245	193	217
436	254	175	210
436	246	191	214
444	251	185	209
470	240	194	204
490	241	148	223
507	243	142	214
520	242	129	217
524	238	128	223
531	235	118	225
536	230	108	233
538	225	102	238
540	213	101	254
537	209	100	263
532	213	95	240
519	208	110	251
503	222	123	229
486	215	142	235
470	230	148	224
449	237	168	219
448	238	168	217
441	238	175	220
435	239	186	221
435	238	190	227
453	237	177	230
471	241	155	224
488	241	142	231
517	233	121	239
531	230	114	240
570	229	94	240
589	227	87	232
594	226	89	231
593	222	102	231
586	214	124	250
576	217	130	243
573	217	122	235
569	213	111	232
560	216	106	237
550	218	104	220
503	223	95	222
480	218	97	230
460	225	100	220
439	220	118	230
423	234	126	215
386	238	148	218
369	235	160	227
364	234	163	238
353	237	170	243
358	236	165	238
354	237	170	238
359	240	165	238
365	245	161	232
375	245	155	232
384	244	151	232
400	246	141	224
419	243	127	226
428	240	122	227
448	232	115	236
557	229	104	222
560	223	108	231
562	221	96	223
559	217	91	224
553	219	95	225
553	214	92	230
552	213	88	225
551	216	84	220
549	221	82	223
543	224	85	219
422	218	107	228
400	219	125	225
368	217	153	225
350	211	174	229
331	214	189	230
318	210	198	232
318	191	212	239
305	174	220	262
294	194	211	240
297	165	228	261
301	163	224	259
307	166	212	263
299	179	218	262
292	191	222	235
286	202	212	230
270	179	243	265
251	201	241	265
247	183	254	277
228	189	258	274
233	166	253	291
233	189	236	265
247	165	236	279
227	203	234	262
230	154	254	289
221	196	229	267
208	157	262	302
185	183	264	287
192	163	271	296
180	185	269	287
200	170	251	290
200	176	261	280
194	185	261	292
224	162	238	285
216	234	231	246
200	254	245	237
201	253	256	240
203	252	264	237
197	247	272	240
197	238	280	244
202	232	278	255
211	237	264	243
204	231	272	252
205	248	254	239
200	250	281	240
197	265	285	222
201	271	286	217
209	275	286	207
220	296	275	194
208	330	278	169
405	234	116	235
416	240	116	238
415	241	127	238
412	241	126	239
414	247	121	228
427	246	106	229
415	266	121	213
413	245	127	221
423	247	107	227
427	247	114	226
416	254	134	217
418	246	116	226
198	350	319	127
195	341	333	145
196	352	328	136
178	352	373	136
192	369	354	121
159	367	391	117
180	377	390	115
182	405	371	109
196	334	352	160
198	367	338	129
182	403	383	105
184	379	378	118
189	408	374	112
201	337	339	154
192	352	348	138
190	399	387	102
182	348	342	138
203	349	361	146
193	366	355	126
170	384	402	108
157	330	383	120
160	337	383	132
209	344	335	138
197	368	367	125
195	406	380	104
196	404	377	91
188	401	396	100
192	400	389	101
189	403	395	101
196	407	391	96
200	393	380	107
170	306	395	126
168	355	425	129
187	358	397	124
175	377	421	110
169	388	426	111
196	405	387	126
203	397	383	104
206	418	386	110
201	415	393	84
199	415	392	89
199	410	393	90
199	419	394	86
201	413	382	83
196	424	395	82
199	418	386	83
198	420	390	82
197	411	384	88
198	423	393	84
200	417	384	81
197	420	395	82
454	219	127	242
451	222	120	244
209	417	369	79
466	250	112	224
474	278	109	193
462	226	113	234
222	351	282	139
206	336	298	166
195	325	294	173
193	296	310	202
200	259	263	234
219	260	219	225
224	257	201	224
242	237	184	239
264	222	164	255
253	222	156	238
169	302	285	119
311	250	105	231
328	326	87	156
328	323	91	154
327	320	95	156
325	271	102	205
319	274	116	197
320	282	120	193
316	279	132	191
321	337	123	136
323	328	112	149
325	352	109	127
324	371	105	108
322	376	106	103
306	382	122	99
273	374	149	101
227	360	186	120
174	336	259	148
480	242	115	238
497	236	102	241
494	238	100	234
490	234	105	245
478	217	110	260
487	237	113	239
482	232	111	244
490	234	111	239
476	227	114	247
482	233	117	238
477	231	116	233
479	234	116	235
482	223	114	236
482	228	115	235
480	225	112	233
486	226	108	224
484	217	120	234
446	253	146	210
460	211	132	250
454	213	126	243
457	215	145	237
496	218	160	221
498	217	163	228
508	215	153	233
461	205	169	251
484	217	172	246
457	229	167	226
425	232	150	255
471	234	176	224
471	230	162	238
458	231	163	242
463	235	159	229
447	239	156	242
454	235	136	242
450	233	121	250
444	237	125	251
438	237	126	253
427	237	127	252
423	240	131	248
428	243	126	241
421	238	132	244
419	242	134	235
417	242	137	240
414	241	140	237
412	241	140	236
410	240	141	238
402	240	144	236
397	236	143	232
389	236	144	240
379	229	154	245
363	248	169	222
370	237	154	233
354	238	166	231
349	231	168	235
347	236	170	229
353	237	165	228
352	234	164	228
363	245	163	221
360	233	157	235
358	237	157	230
360	234	159	236
358	229	160	240
360	237	157	230
365	239	150	229
372	238	152	229
368	236	154	234
365	238	152	231
370	240	151	227
368	242	154	226
368	242	145	226
365	238	155	230
363	241	159	226
364	242	161	228
365	242	162	228
366	243	160	230
369	245	159	225
369	245	160	227
370	243	163	227
371	241	166	228
363	238	168	231
362	238	171	231
360	237	174	236
355	238	178	232
358	243	177	227
358	248	179	224
351	252	186	220
339	247	197	224
313	255	219	218
310	252	214	224
310	250	217	224
312	253	212	220
310	251	187	223
297	240	148	238
290	243	128	234
277	248	129	228
198	252	191	225
177	241	224	238
160	245	257	233
154	242	256	241
159	242	243	239
169	246	228	238
174	252	210	234
184	247	191	246
189	243	182	245
192	248	179	231
198	246	172	234
209	252	188	246
216	245	203	254
223	243	205	254
227	241	203	254
231	239	198	257
235	239	197	253
240	238	193	256
245	239	193	252
236	233	205	257
243	240	198	252
248	233	198	253
261	241	186	240
262	244	182	233
270	243	180	231
271	241	160	212
263	234	162	208
265	234	144	203
259	229	141	218
264	229	131	219
256	228	129	233
250	233	123	231
249	240	118	229
249	245	100	220
243	252	100	211
234	246	100	219
235	239	100	224
223	250	103	202
233	250	87	217
233	256	91	209
230	254	102	208
221	263	120	202
231	259	135	209
252	251	131	215
266	267	123	200
276	245	123	228
281	247	125	224
279	243	139	225
281	243	141	221
276	243	150	224
271	240	159	221
282	241	159	224
272	238	167	226
267	246	174	214
266	245	170	213
264	242	169	217
250	247	178	209
268	262	160	197
265	255	150	214
264	306	151	168
264	271	139	212
267	267	134	217
275	303	126	184
266	257	135	222
263	257	143	221
262	255	149	226
259	250	153	227
267	255	149	222
271	258	147	225
265	258	150	224
270	254	148	230
268	255	152	230
263	249	157	238
268	250	157	235
267	252	159	236
266	247	161	239
269	246	166	242
263	242	173	239
254	237	188	244
237	221	204	235
257	232	204	245
262	236	206	240
252	241	230	239
243	243	239	242
245	246	237	241
245	246	237	246
240	246	231	254
251	249	190	247
254	245	184	259
261	245	181	258
259	241	171	259
262	240	165	259
264	240	160	265
265	239	161	263
267	237	159	265
267	235	162	263
266	234	166	269
268	231	169	263
266	226	176	267
267	230	176	261
268	227	175	262
271	228	174	256
279	236	164	240
283	244	159	224
284	242	155	219
285	241	155	217
284	248	155	192
287	250	142	175
293	248	125	182
290	252	124	171
293	256	116	165
294	258	111	163
291	259	111	166
287	257	117	173
283	255	124	185
277	256	131	190
279	267	131	191
280	257	135	211
271	255	148	216
272	262	147	209
274	260	146	207
274	260	149	204
277	263	148	199
276	253	158	218
279	251	162	221
280	249	171	232
276	249	185	235
275	248	201	239
270	248	208	242
261	246	217	248
255	243	223	254
251	245	224	253
245	240	218	255
244	234	220	262
240	226	221	272
242	220	220	283
240	218	221	285
244	224	216	276
245	216	210	283
248	220	199	277
365	214	208	228
359	212	202	220
368	208	205	229
367	215	200	216
362	215	208	219
367	211	206	220
361	215	204	204
365	208	207	234
365	210	215	229
363	213	213	220
364	212	206	214
363	214	210	215
365	211	210	222
363	212	205	212
366	211	204	224
368	210	205	219
364	214	211	215
368	214	198	208
361	213	203	213
363	211	206	230
359	211	200	215
365	210	200	230
356	212	206	215
365	210	205	229
356	212	207	221
364	209	204	230
356	213	206	219
364	210	202	221
357	212	206	223
356	211	205	220
364	209	204	230
356	213	210	218
355	212	212	215
355	213	210	220
358	212	211	220
357	213	203	214
358	211	208	228
354	210	201	218
361	209	206	235
352	213	207	221
360	209	206	225
356	217	204	215
356	213	205	220
354	212	204	219
355	211	203	229
361	211	203	225
356	215	206	226
351	214	206	224
358	209	205	237
348	211	209	228
358	205	203	236
351	214	212	222
354	211	210	229
351	212	208	220
358	211	208	228
352	215	210	222
351	211	210	225
352	213	213	223
354	212	211	227
350	212	209	221
353	210	207	219
350	217	204	224
353	209	206	232
353	210	208	230
353	211	205	228
354	212	204	230
351	210	208	226
349	211	208	231
355	209	203	232
354	211	204	231
351	210	207	231
352	211	207	233
352	210	206	236
352	211	204	233
347	207	209	237
347	205	207	236
342	204	210	236
340	202	206	235
345	203	201	243
340	204	200	243
343	204	196	244
344	206	192	246
344	206	183	251
346	207	177	252
348	207	173	252
351	207	169	252
347	207	173	251
344	209	172	243
343	209	178	232
335	208	187	236
337	207	188	221
334	208	187	210
337	206	184	212
337	205	185	208
336	203	183	203
335	201	182	207
347	203	173	202
345	200	176	199
348	199	187	182
340	192	201	186
356	204	192	175
351	185	195	188
359	188	198	188
369	186	200	196
386	203	193	189
391	200	187	193
397	208	194	196
396	217	201	196
393	229	215	207
395	231	211	210
396	228	213	226
397	234	210	233
396	235	193	227
402	235	202	242
407	239	211	239
406	235	209	236
407	230	219	237
407	230	220	226
415	232	243	219
417	244	258	219
431	237	250	223
420	242	268	221
435	240	263	225
421	245	272	222
423	252	270	218
412	257	280	223
399	255	286	227
391	256	274	230
376	260	277	231
358	258	298	246
339	259	292	240
318	251	267	244
330	255	272	248
303	248	224	249
280	251	235	245
273	253	225	244
274	243	188	256
276	241	170	264
267	238	148	260
271	248	127	248
264	241	132	259
268	242	123	257
271	236	120	263
285	228	113	269
295	223	124	270
304	230	135	259
306	230	157	250
312	230	174	244
334	236	203	236
336	229	215	239
345	239	215	222
351	246	228	223
344	251	257	229
327	253	282	238
309	249	287	248
318	261	272	247
308	255	249	252
305	256	250	250
284	259	279	247
275	256	259	248
269	261	229	243
256	265	220	236
247	259	193	248
222	253	163	249
216	253	169	241
197	251	150	257
192	250	123	252
188	242	125	264
188	245	123	261
185	241	121	266
184	234	111	264
183	231	114	272
184	227	114	278
184	221	123	282
185	222	125	277
192	217	125	276
233	214	129	250
244	214	127	262
277	220	109	242
284	210	116	249
293	214	126	239
302	225	146	219
314	228	163	218
323	238	207	221
323	234	213	223
319	242	246	223
313	249	271	231
318	254	281	230
294	252	289	247
282	247	277	243
283	257	250	237
278	264	254	238
269	264	249	237
249	257	237	236
249	257	206	237
241	245	198	250
238	241	167	253
240	247	161	244
228	244	145	252
224	254	135	247
224	239	145	253
218	241	133	258
219	233	137	262
220	230	140	268
223	231	132	263
227	228	133	264
232	218	126	264
245	220	121	264
263	226	150	237
273	230	166	221
279	228	188	213
289	221	198	201
294	224	212	195
312	223	238	200
304	231	262	195
312	225	266	190
331	232	269	191
339	234	277	197
358	231	276	209
357	230	260	209
370	240	269	210
369	239	249	205
384	252	236	197
378	260	184	163
381	265	182	190
379	264	199	194
373	265	217	194
363	261	228	201
344	256	247	206
328	249	247	212
337	253	222	213
334	254	214	209
341	256	209	213
345	249	206	224
351	241	203	235
360	243	194	234
366	239	192	235
368	237	192	224
361	232	200	207
357	242	207	183
354	243	209	177
347	243	217	169
349	245	246	179
353	241	252	186
354	242	246	185
350	250	232	188
337	240	191	212
336	240	167	220
331	240	154	247
332	239	142	239
329	242	142	232
328	245	137	231
327	247	139	233
322	247	153	238
317	246	158	231
302	242	113	235
329	247	129	234
307	240	112	239
322	251	117	226
318	252	137	235
317	247	142	236
311	246	148	239
315	245	150	239
312	249	156	235
313	250	152	236
308	252	155	237
302	253	161	238
298	244	160	245
293	248	162	243
287	242	165	247
278	240	174	252
275	242	172	246
274	237	168	254
271	239	169	249
265	237	168	255
261	237	162	258
257	235	159	259
257	235	156	258
253	236	157	257
250	235	159	256
250	234	161	252
248	233	166	250
252	233	172	248
257	236	184	231
278	251	204	215
284	242	201	218
290	250	210	203
288	253	223	200
296	253	226	203
306	256	220	200
310	256	220	208
311	256	218	208
307	258	221	208
299	255	229	214
290	258	232	213
284	263	242	211
271	269	247	208
264	265	239	214
262	261	227	221
246	252	193	230
246	262	172	225
232	254	150	230
229	259	135	226
230	258	129	230
223	257	134	231
227	260	127	228
230	260	123	230
234	261	127	228
233	254	132	229
234	234	143	241
238	238	150	233
243	233	163	232
250	234	172	224
266	246	174	208
271	243	194	208
283	248	187	209
277	242	199	222
279	241	207	225
276	246	219	230
274	243	215	231
261	235	225	236
248	238	245	237
249	241	221	236
250	251	204	232
234	244	158	240
232	244	159	245
231	243	156	249
227	238	162	256
226	235	162	262
229	231	165	259
237	235	163	248
250	234	162	242
254	235	170	239
256	234	185	234
268	232	206	224
276	224	213	227
275	215	233	227
292	224	231	217
288	219	250	223
310	211	248	225
321	225	260	217
332	227	262	217
336	228	276	220
341	230	287	229
360	224	270	237
359	232	281	238
378	227	267	246
380	232	265	245
392	233	260	250
411	239	240	247
413	237	236	251
422	239	230	247
420	241	246	261
424	243	233	260
430	241	238	276
418	251	238	262
413	250	245	265
401	251	253	264
393	248	260	277
385	240	203	273
389	239	196	271
392	238	185	272
393	237	166	275
393	235	158	274
410	225	140	284
421	229	120	280
424	221	116	286
429	215	112	285
440	211	122	273
457	228	142	219
460	226	162	218
462	229	179	214
470	236	198	208
481	236	207	208
502	250	229	204
531	253	243	223
506	250	260	224
515	247	284	242
512	247	293	246
514	247	284	248
517	250	278	247
517	251	275	248
505	247	277	251
503	244	270	258
481	240	259	252
463	242	270	264
458	242	265	268
450	243	264	266
445	239	237	262
429	243	179	256
433	241	170	267
431	239	166	264
421	234	168	273
422	235	159	267
418	232	157	274
419	235	152	268
415	230	154	278
420	227	158	282
430	222	159	285
431	213	163	279
434	215	170	261
441	221	201	238
432	218	204	217
450	228	231	206
431	222	247	221
442	225	264	202
454	230	289	212
456	235	301	229
479	232	297	256
466	229	315	245
465	231	307	249
459	234	306	252
447	239	312	240
434	236	273	227
428	251	281	244
407	249	288	252
394	246	293	266
380	248	308	268
367	240	322	278
349	250	326	270
338	247	303	267
318	240	293	278
315	243	251	275
313	242	207	279
309	238	167	295
303	234	163	303
305	232	149	297
302	230	140	290
264	223	137	310
228	227	149	312
228	217	155	310
229	206	158	314
214	203	176	302
200	204	192	302
187	207	210	308
178	212	225	307
182	214	229	307
192	215	226	297
214	215	210	299
242	214	190	305
252	218	198	318
257	220	202	320
283	214	192	309
311	218	172	303
371	222	137	304
397	215	134	320
399	226	130	309
404	224	139	315
397	225	145	325
390	224	148	323
378	223	146	322
365	222	140	318
356	219	145	313
341	226	152	309
317	223	171	321
295	224	180	327
291	228	181	320
296	231	170	317
293	235	173	312
284	237	182	309
285	232	179	317
277	229	187	322
283	222	177	327
278	223	186	324
277	217	186	335
274	214	190	342
272	211	190	344
269	215	190	336
265	215	199	335
271	215	186	334
269	218	191	332
266	220	196	336
275	221	183	329
274	220	192	333
282	221	175	335
280	230	185	328
289	228	171	333
289	224	171	334
288	231	177	334
285	224	169	336
281	231	169	333
278	227	171	337
275	223	168	340
269	227	172	335
274	232	165	319
266	226	176	337
271	222	174	333
267	220	183	335
267	217	188	329
274	215	185	323
277	218	190	333
283	221	189	330
300	227	173	318
326	224	155	314
325	223	167	329
345	217	147	339
294	234	174	323
283	231	184	326
284	224	177	339
282	217	176	349
283	215	165	338
274	223	177	336
274	220	175	333
273	223	178	333
276	222	178	323
276	222	179	331
276	221	180	326
276	223	184	331
278	216	178	325
273	223	188	333
275	225	173	329
270	230	181	315
266	232	182	318
260	235	184	326
267	233	168	308
257	241	168	316
256	239	163	302
250	237	169	321
253	238	165	311
248	238	166	320
248	234	163	315
245	234	166	325
237	235	179	332
220	233	196	329
212	228	215	317
206	231	222	298
204	229	227	277
215	228	213	249
229	223	196	231
222	221	205	239
241	223	194	225
244	219	186	229
274	221	164	249
295	212	151	260
303	216	141	291
352	231	119	268
366	237	111	284
373	235	109	305
387	241	116	309
383	237	125	323
375	239	138	329
379	243	134	319
379	246	135	314
377	241	136	314
372	238	134	319
333	230	135	320
274	235	175	318
258	232	181	321
257	222	181	335
257	227	168	320
244	236	167	323
239	233	163	322
235	230	156	321
232	228	149	325
218	225	143	309
159	236	131	288
130	234	150	309
84	234	183	312
61	236	193	279
38	220	213	289
8	231	231	230
2	233	224	214
3	228	223	226
0	229	224	202
1	220	215	192
0	212	220	185
0	219	202	178
0	221	194	175
0	213	198	179
1	231	198	171
0	230	171	182
2	224	196	195
10	239	181	194
13	237	181	201
10	240	178	215
8	249	160	287
4	240	162	234
0	247	146	287
0	239	147	281
0	246	134	287
0	244	125	297
0	236	119	313
0	236	114	316
2	234	110	310
5	236	109	299
23	228	132	319
41	245	125	301
42	224	121	323
44	226	125	319
45	222	126	326
50	220	143	337
52	224	159	337
47	227	172	335
45	222	173	337
42	225	181	337
54	219	177	341
60	219	174	336
70	216	173	345
69	214	177	339
67	212	177	344
67	208	178	352
66	211	162	350
67	201	142	357
59	205	135	352
48	208	134	356
29	213	135	351
39	201	117	363
39	205	109	356
42	208	101	354
35	210	102	351
24	204	112	357
22	200	120	358
27	201	120	360
28	192	116	361
47	207	104	347
51	212	103	345
55	220	109	336
51	218	117	336
55	215	126	331
53	211	135	331
52	209	153	315
52	218	156	314
58	210	155	323
58	214	152	314
61	207	156	313
53	207	157	303
40	195	159	325
34	201	140	329
23	184	139	345
19	189	138	337
20	189	137	337
13	184	133	350
16	179	149	335
16	194	134	347
25	198	128	317
20	202	122	323
22	195	132	328
21	202	129	322
21	208	145	319
26	196	136	336
34	196	132	335
38	199	148	325
42	213	159	317
42	210	158	318
43	210	174	299
48	220	180	281
64	226	181	273
70	227	175	293
76	229	185	291
84	233	187	286
90	229	196	290
101	237	196	282
110	238	195	283
112	243	196	285
120	245	199	286
128	244	194	291
135	251	194	286
143	251	194	283
146	244	188	290
150	246	185	287
156	243	180	284
157	239	177	281
157	239	175	282
155	239	175	285
156	239	174	279
151	239	181	290
155	232	183	288
155	232	180	290
151	234	181	287
151	236	180	278
146	233	174	287
141	238	169	278
135	240	155	267
129	236	156	273
129	237	157	273
126	238	150	270
121	241	142	267
117	235	137	271
110	233	140	271
102	236	141	264
96	231	139	269
88	232	140	259
83	231	137	258
84	224	139	255
83	227	143	264
84	219	146	258
79	223	134	253
73	227	129	245
71	229	130	273
63	234	141	275
54	231	142	278
222	224	189	222
235	222	204	218
247	223	222	211
258	224	240	212
267	224	259	219
283	219	260	224
320	229	256	223
337	234	268	226
352	225	264	230
371	229	254	229
394	228	247	225
401	231	240	241
409	221	245	252
409	230	238	246
418	223	228	255
417	227	229	249
416	223	230	258
422	228	219	256
422	226	212	257
429	227	208	257
430	227	205	255
435	230	201	251
443	231	195	254
440	229	193	253
447	227	188	255
450	227	182	246
453	227	169	245
448	225	166	233
443	221	182	234
442	227	193	221
443	224	199	220
443	221	208	226
454	222	195	202
457	220	170	198
470	218	144	199
472	221	138	192
474	215	133	185
474	220	118	186
478	212	92	171
461	212	75	182
432	217	90	192
409	219	111	204
390	207	131	205
377	212	136	204
364	214	147	211
351	213	155	215
343	216	160	217
340	215	163	215
337	211	168	219
341	211	173	224
353	210	169	229
360	211	163	235
371	211	156	241
379	211	155	247
387	212	153	248
401	217	148	249
411	218	145	251
417	222	143	246
425	222	135	245
434	223	130	243
440	221	131	249
448	220	123	249
453	213	121	259
451	220	121	253
454	214	120	259
452	223	122	251
454	218	119	255
451	222	121	251
451	219	118	250
447	220	123	252
440	218	125	251
434	220	128	251
427	215	129	256
424	207	127	266
420	207	124	266
419	209	116	265
405	217	110	259
397	214	114	259
380	223	117	249
365	229	117	237
337	238	125	224
326	242	129	215
306	250	140	215
294	253	145	217
283	256	149	217
270	264	151	223
264	265	151	229
267	269	147	231
276	271	136	235
280	272	136	240
286	277	132	235
288	276	135	238
289	275	134	238
288	276	135	237
292	276	132	237
299	280	131	232
310	278	128	234
320	274	124	235
327	275	126	232
342	267	124	235
369	262	110	234
407	256	101	219
415	256	108	225
417	249	110	231
416	248	130	240
415	245	153	242
408	242	161	240
404	238	162	247
400	237	150	234
396	238	145	238
391	240	134	237
381	253	123	224
379	254	120	229
375	261	117	226
389	262	112	235
393	256	116	241
429	236	101	254
439	237	102	252
441	232	115	262
444	232	112	257
450	235	119	254
451	226	134	267
455	230	139	257
456	234	150	250
452	230	171	255
448	225	176	255
450	228	149	254
451	236	129	250
450	239	119	248
444	246	110	241
443	239	112	246
446	245	111	244
451	238	106	250
453	240	118	248
451	245	127	247
452	244	132	248
451	239	149	250
445	236	158	250
445	236	158	250
442	233	152	251
438	235	152	256
440	241	135	247
440	241	113	236
433	252	109	233
430	254	113	230
433	254	109	226
442	245	116	239
445	242	119	243
442	240	123	241
439	236	134	246
430	236	148	245
418	232	161	252
421	237	151	244
419	239	131	229
419	243	129	241
414	251	120	239
416	257	118	232
422	262	108	231
423	266	110	232
425	264	110	237
422	259	106	241
417	259	114	238
416	272	115	219
415	281	107	211
413	288	109	200
412	298	110	193
410	321	111	174
410	325	128	170
398	321	143	174
369	258	154	219
369	254	164	232
362	258	177	226
367	266	183	216
359	272	183	212
365	265	204	224
366	269	192	219
365	258	192	231
354	256	211	225
335	259	226	220
329	259	245	222
328	254	225	220
355	267	183	215
366	282	150	200
386	298	127	208
391	332	118	175
395	347	115	165
402	306	115	185
420	329	127	170
411	317	134	170
417	320	133	169
415	322	140	169
405	300	162	190
392	294	175	197
370	238	159	240
375	250	148	226
395	303	128	188
400	302	119	191
408	295	115	194
407	290	134	197
411	308	139	181
434	319	137	163
432	322	160	149
441	314	167	168
433	312	182	177
432	310	184	178
437	315	173	178
431	308	170	175
442	319	161	166
399	261	172	212
398	253	210	222
425	261	188	218
433	279	192	200
423	279	199	197
444	296	185	188
459	310	170	171
479	333	150	153
479	338	147	150
477	329	147	158
484	331	133	157
480	329	132	157
482	328	130	158
459	321	157	165
455	321	164	163
455	319	169	162
465	319	164	160
453	316	176	164
451	298	159	185
445	289	177	193
436	287	181	197
438	297	182	188
441	307	174	182
443	315	174	174
447	329	171	161
453	332	165	155
435	326	180	160
446	328	176	157
428	325	188	158
444	327	173	159
426	323	184	156
442	327	168	155
423	322	183	155
418	311	184	167
404	299	199	184
400	286	196	194
388	283	199	201
393	292	193	190
395	291	183	190
399	298	198	187
400	309	177	171
415	325	172	161
424	331	171	158
413	326	182	158
413	323	182	161
409	319	179	162
409	320	184	162
403	319	190	164
388	306	200	180
338	286	210	195
320	266	229	214
323	260	189	218
332	265	162	219
371	340	125	157
373	337	119	158
378	335	118	153
380	338	111	144
386	340	109	137
385	333	111	143
383	327	118	150
383	323	140	155
404	317	160	163
388	282	181	190
381	312	192	167
359	319	179	162
333	305	170	168
349	328	158	154
453	255	113	216
449	257	117	216
448	260	120	216
442	255	123	221
449	264	119	214
347	334	131	155
351	341	124	142
356	335	132	147
357	329	127	148
359	331	134	145
359	331	148	147
345	327	159	145
327	324	158	151
320	321	155	153
314	325	128	155
307	318	137	164
297	320	146	162
283	332	112	155
282	327	98	168
288	337	98	159
286	333	104	164
296	332	104	155
312	341	112	153
314	339	126	144
318	332	129	152
316	334	129	146
318	330	133	150
310	324	143	155
304	324	148	155
294	314	164	161
293	326	145	154
286	317	156	162
273	326	138	152
264	326	128	150
262	333	124	151
257	335	122	147
254	342	111	143
247	339	110	150
241	330	130	162
217	276	143	213
222	291	167	203
222	276	179	213
228	286	185	209
216	283	206	212
223	298	207	198
213	288	210	207
210	290	225	206
217	297	226	197
215	295	234	199
213	296	232	196
229	306	240	193
216	290	272	204
225	292	250	203
219	285	265	209
227	289	258	206
257	289	229	204
291	319	196	175
298	330	172	159
298	335	169	150
291	335	176	147
284	328	183	151
284	320	187	161
281	314	179	168
419	235	127	239
420	238	126	232
415	232	131	240
414	233	133	240
412	234	134	235
412	230	135	245
412	233	137	244
414	234	133	241
415	233	130	241
411	239	130	231
325	326	149	157
324	341	139	138
319	334	156	146
319	335	167	146
313	333	157	143
307	331	185	147
301	328	189	153
302	329	171	151
310	331	158	148
321	340	135	145
316	342	146	143
329	349	134	140
330	352	129	141
341	352	117	141
345	349	113	139
347	349	110	135
347	350	119	133
349	346	130	137
346	339	137	139
348	337	142	145
355	340	174	145
342	328	186	148
345	322	197	160
348	321	201	165
341	316	203	164
338	318	211	165
337	314	211	168
329	312	221	168
329	316	222	165
336	323	203	155
339	326	142	157
342	342	138	149
345	339	125	152
348	341	119	151
362	339	111	143
363	339	133	143
366	335	150	150
374	329	144	153
384	334	150	147
373	328	174	154
378	321	170	160
377	315	182	166
384	312	174	170
378	306	180	171
394	312	173	158
386	309	183	161
402	315	173	151
403	309	180	159
415	320	171	153
425	318	160	163
422	305	160	176
424	317	154	168
429	331	150	155
422	319	150	160
424	314	146	163
423	312	147	164
420	308	147	167
436	307	130	166
440	291	128	180
436	304	128	164
448	290	137	179
456	314	151	153
460	301	164	157
471	307	174	150
487	310	175	140
489	312	187	136
504	319	180	131
505	322	181	132
525	327	161	133
511	320	143	135
520	330	150	140
510	324	156	152
508	327	155	153
505	328	150	152
496	326	148	151
494	324	155	156
489	317	150	162
485	319	166	160
477	310	171	169
476	309	178	167
477	309	171	167
477	310	172	167
480	307	170	169
486	309	162	166
485	309	166	164
492	316	159	158
501	325	153	151
494	320	160	158
499	328	151	152
491	317	159	162
493	329	152	152
486	318	157	162
490	328	159	157
476	310	175	170
477	318	171	164
481	313	168	169
480	310	166	169
476	306	170	175
493	302	150	174
508	287	139	184
503	301	160	168
504	288	162	163
496	287	162	154
522	303	158	143
521	303	151	138
546	307	156	135
567	299	157	144
578	302	139	142
583	287	154	161
562	222	158	222
589	274	170	182
593	258	167	196
592	267	168	189
600	272	165	191
605	286	163	180
609	301	153	169
617	312	147	159
615	307	147	161
614	306	146	162
614	305	142	162
610	272	142	194
607	247	148	219
607	248	153	215
608	250	152	211
610	249	149	211
614	271	151	192
608	255	156	205
612	260	159	195
617	263	160	192
610	252	169	200
627	253	152	193
630	246	166	199
624	240	171	196
615	223	175	203
637	237	163	198
639	233	169	183
643	254	186	170
651	243	178	176
645	245	193	178
642	246	232	188
634	223	240	213
630	225	260	208
637	227	261	212
641	220	260	215
640	222	258	217
672	236	231	201
670	226	203	215
663	222	152	220
673	219	163	223
685	237	158	207
673	225	145	215
685	230	157	215
668	194	126	247
670	197	123	250
671	202	114	244
678	196	103	252
684	212	91	236
689	222	88	225
685	233	99	213
689	244	100	201
683	238	107	206
677	227	119	216
669	215	132	229
687	231	124	209
673	226	160	208
689	244	154	201
683	239	197	197
695	251	167	187
707	252	172	189
717	254	169	188
721	266	175	186
724	267	167	181
727	274	157	175
724	274	163	176
723	274	163	177
708	257	175	191
665	221	187	228
644	209	172	241
637	202	179	246
652	213	167	237
660	218	151	227
688	248	122	196
681	243	116	202
681	244	108	200
673	232	110	211
673	234	106	210
679	240	93	202
677	240	94	199
674	241	102	194
673	239	106	193
672	242	113	193
680	240	106	183
690	240	113	170
692	233	115	171
690	230	115	173
676	182	105	221
686	238	100	174
672	237	97	176
654	240	91	173
643	230	109	193
647	228	111	207
639	215	114	221
579	196	119	239
549	183	125	257
581	194	134	236
546	188	131	250
562	206	136	239
555	177	149	264
557	186	140	252
582	194	145	242
611	200	142	202
574	188	124	242
566	203	132	229
562	216	133	216
556	230	126	207
562	228	109	210
554	230	108	214
552	234	95	206
551	245	80	201
550	240	90	209
547	252	96	198
545	260	95	190
545	280	98	171
547	280	95	171
547	274	93	176
547	267	100	185
549	247	97	201
543	254	107	192
544	252	105	193
543	246	106	197
543	237	101	208
537	242	102	201
528	236	109	206
514	235	114	200
506	253	113	175
478	266	130	162
466	271	125	176
457	279	132	166
449	279	125	170
440	279	129	168
420	283	137	171
412	282	140	177
406	272	138	186
401	282	140	177
406	267	139	187
412	266	140	193
462	258	101	195
470	253	99	206
472	263	100	195
473	267	96	193
476	264	96	194
481	253	91	208
468	246	96	207
458	255	110	199
439	262	110	184
417	268	101	172
407	257	113	186
401	260	110	176
399	259	114	178
399	259	116	177
408	261	112	180
501	252	89	195
503	257	86	191
505	252	85	197
504	257	86	192
503	250	84	199
502	254	85	194
506	254	84	196
507	248	82	201
509	252	84	197
510	249	82	199
510	244	79	198
501	241	80	195
499	252	80	180
489	240	82	189
466	243	85	189
462	233	86	192
429	233	83	191
416	238	89	177
405	245	91	168
391	247	101	160
381	251	102	158
381	245	104	164
381	245	106	170
385	246	105	174
394	250	95	187
395	262	94	184
390	265	101	186
386	266	104	190
388	271	103	183
393	270	98	183
398	268	95	188
409	265	89	188
413	263	88	191
419	260	85	194
419	268	86	184
418	262	87	188
418	252	88	195
413	258	91	188
410	260	97	185
413	256	92	190
411	259	90	187
411	251	91	196
412	258	91	187
412	258	92	188
413	263	92	186
415	267	90	182
418	265	85	185
414	266	90	186
415	274	93	179
415	276	90	176
418	274	88	177
418	285	90	169
418	271	89	179
416	273	93	178
419	268	90	183
417	266	91	185
417	266	91	184
417	268	92	183
420	263	89	186
418	265	91	185
415	267	94	184
418	263	94	187
419	271	93	178
422	261	90	188
422	265	90	184
420	259	93	192
419	266	93	185
420	267	92	184
421	261	92	189
417	264	96	188
421	271	94	181
421	258	91	191
420	268	92	180
419	262	94	190
420	267	93	184
421	259	91	193
418	264	94	187
420	261	95	191
421	270	91	182
423	262	90	188
424	265	86	187
423	265	89	186
422	263	92	189
421	271	92	183
421	265	93	184
421	267	95	187
424	268	95	184
425	263	94	186
423	269	97	182
423	264	97	185
421	267	100	184
422	262	100	186
422	266	99	184
426	263	95	184
421	259	105	190
423	264	104	180
423	262	105	185
423	263	103	182
426	263	103	184
426	265	102	183
430	266	103	182
427	268	105	179
