286	253	72	157
287	255	72	152
287	255	72	152
287	255	72	152
287	255	73	152
285	257	75	150
282	258	77	148
280	258	77	148
279	258	77	146
276	259	76	146
270	260	73	145
265	259	72	145
262	259	69	150
260	258	71	150
257	259	72	147
255	259	72	147
254	260	72	146
253	260	73	147
252	261	74	146
252	262	74	147
254	261	68	147
253	261	64	147
249	261	64	147
246	261	62	147
244	262	59	146
241	263	63	145
239	263	66	144
235	263	68	143
233	262	69	144
231	263	71	145
229	263	74	146
226	263	73	142
223	263	71	143
220	262	65	144
217	261	62	145
215	260	59	145
215	260	58	146
213	261	57	146
212	261	57	146
212	261	57	146
211	260	57	146
210	261	57	146
211	261	56	145
210	263	55	144
209	264	56	144
208	264	57	143
207	265	58	143
206	265	59	142
207	265	59	142
206	265	60	141
206	265	63	141
206	265	65	140
205	265	68	140
205	266	71	138
204	269	74	136
206	270	76	134
206	271	79	133
207	270	79	134
209	269	78	135
210	269	77	136
210	270	79	136
213	269	77	136
214	270	76	135
216	270	75	135
220	270	72	134
220	271	74	132
227	272	70	132
232	273	67	130
230	273	72	130
231	275	78	129
228	275	87	129
233	275	89	131
234	275	90	130
232	275	99	131
238	275	95	132
239	271	97	137
240	268	97	139
243	264	95	144
246	261	91	146
251	259	87	148
250	258	86	151
256	256	78	152
257	255	73	151
257	255	73	154
257	255	73	154
256	255	73	154
259	255	72	154
259	256	71	153
263	258	70	151
264	258	70	151
264	259	73	150
266	259	72	149
269	261	71	147
269	262	72	147
267	264	74	145
267	264	76	144
267	265	78	142
266	266	79	141
266	266	79	141
268	267	79	140
267	267	80	139
270	268	81	137
274	269	79	136
278	272	77	134
276	273	81	134
275	273	83	134
282	274	78	135
287	273	75	136
289	271	75	138
293	268	73	141
300	268	68	142
304	265	69	144
307	266	76	143
307	265	83	142
308	267	88	138
312	266	91	142
314	269	95	138
316	270	93	137
319	271	92	136
321	273	88	134
326	272	83	134
329	273	86	134
331	268	85	140
332	268	83	140
334	265	80	144
335	267	77	143
336	266	73	143
335	265	72	143
335	264	67	145
338	263	64	146
333	264	66	145
332	263	68	146
331	262	71	148
331	263	72	149
331	262	72	148
331	264	70	146
329	266	72	144
327	267	71	142
327	266	72	142
325	267	74	141
324	269	74	140
322	272	72	138
322	272	72	138
322	271	70	137
320	272	68	135
318	274	71	132
314	274	73	130
313	276	76	126
308	278	74	126
302	277	80	130
300	271	91	139
295	269	90	144
289	267	95	142
284	262	100	150
279	263	103	148
276	264	104	146
269	265	104	145
270	267	90	143
259	269	75	140
261	274	75	135
268	278	75	131
265	276	70	132
265	273	72	132
261	269	70	135
264	268	70	137
255	271	71	135
253	275	70	131
249	272	71	135
250	271	66	134
250	270	64	134
251	270	62	134
251	269	62	135
247	267	64	136
246	266	63	137
246	267	60	137
243	267	64	137
240	268	65	136
239	268	68	137
238	268	69	138
237	268	69	139
236	269	74	138
235	269	77	137
235	269	79	137
235	270	79	137
235	268	76	137
235	269	74	137
236	268	62	137
237	269	61	137
238	269	59	136
236	269	58	135
237	271	58	134
238	271	57	134
237	271	57	134
236	271	58	135
234	270	60	134
235	271	60	134
235	271	60	134
230	271	66	133
228	272	67	133
229	272	65	134
227	271	66	133
219	273	73	133
226	271	65	135
222	271	66	134
221	271	63	134
220	270	58	134
219	270	56	136
219	270	54	136
215	270	57	135
214	270	58	135
211	270	60	135
209	270	60	135
203	271	63	134
204	270	59	134
204	271	57	133
202	271	56	132
201	271	55	134
198	270	57	135
198	270	57	134
197	270	57	135
197	270	58	135
195	270	59	134
194	270	59	135
194	270	60	135
193	269	61	135
192	269	61	135
192	270	60	136
192	270	60	135
192	269	60	135
191	270	59	134
193	270	59	134
192	270	60	134
191	270	59	135
191	270	59	135
190	269	59	135
191	270	58	135
190	269	60	136
191	269	59	136
191	269	60	136
193	269	59	135
193	269	58	136
196	269	58	135
196	269	56	135
197	269	57	136
200	270	55	135
200	270	55	136
200	269	55	136
201	269	55	137
201	269	56	137
200	269	56	137
201	269	57	136
201	268	59	137
203	268	59	137
203	268	59	138
205	269	60	138
205	268	59	138
205	268	60	138
206	268	60	138
207	268	60	138
208	269	61	136
208	268	63	136
207	268	65	136
207	268	66	136
206	267	66	136
207	267	67	137
206	267	65	137
205	267	66	137
204	267	66	136
205	267	64	136
205	267	63	136
204	268	62	136
204	266	60	137
204	267	61	138
202	266	61	139
201	266	61	139
201	266	63	139
200	266	63	139
198	265	64	140
196	265	66	139
196	265	67	139
194	265	68	139
194	265	68	139
192	264	68	140
195	265	66	139
194	265	66	139
195	264	66	139
194	265	66	141
191	264	68	142
193	265	67	142
196	264	67	142
195	264	66	143
197	264	66	143
195	264	66	145
195	264	68	145
192	263	69	146
190	264	73	145
193	264	72	146
197	264	70	145
197	263	69	146
199	264	68	147
200	265	69	146
202	266	68	145
206	267	68	143
204	265	70	145
202	266	72	144
200	266	75	143
198	267	78	143
203	266	76	143
203	267	77	143
200	266	80	145
199	265	83	147
204	264	78	148
205	266	77	148
205	261	77	153
205	270	77	145
209	261	75	154
207	262	74	149
206	265	68	146
206	260	63	150
207	260	62	150
208	261	62	150
208	260	61	150
208	260	61	150
208	259	60	149
209	259	64	148
207	258	65	148
208	258	66	147
208	258	68	148
207	257	67	148
206	257	68	148
206	258	69	148
206	258	70	148
204	258	71	148
205	258	72	147
203	257	72	148
204	258	72	148
204	257	73	148
203	258	73	148
203	258	73	148
203	257	72	148
203	257	72	149
202	258	72	148
201	258	73	148
201	257	73	148
199	257	74	148
199	257	74	148
198	258	74	148
198	258	74	148
198	258	73	148
199	258	72	148
199	258	72	148
200	258	70	148
201	258	68	148
201	258	67	149
202	258	66	148
203	257	65	149
203	258	64	148
204	258	64	149
205	258	65	150
205	258	67	150
205	257	70	151
205	258	73	150
205	258	76	149
204	257	78	149
204	257	81	150
203	257	84	148
204	257	88	149
203	256	84	150
202	256	79	150
200	256	76	150
199	256	77	149
199	256	78	149
198	257	79	150
198	257	80	150
196	256	81	150
194	256	83	150
195	256	81	151
194	256	82	151
194	256	81	151
195	256	81	153
196	256	80	153
197	256	77	153
197	255	71	154
198	255	71	155
197	254	71	155
196	255	69	155
195	255	70	155
194	254	70	155
192	255	70	154
191	255	72	154
190	254	69	153
188	254	68	152
187	254	67	151
186	255	69	152
184	255	70	152
178	255	74	153
175	253	77	155
170	254	81	155
165	254	83	155
163	254	81	155
159	255	81	153
155	257	78	151
151	257	72	150
146	255	66	151
143	254	69	154
136	254	67	152
130	255	72	152
126	256	75	152
117	256	81	151
111	253	87	154
107	253	88	155
95	254	98	156
95	254	98	155
93	254	95	158
92	254	96	159
93	254	92	156
82	254	86	156
86	253	73	154
81	254	72	154
80	252	71	157
77	253	69	156
71	253	73	157
65	252	76	159
57	251	81	159
52	252	85	159
49	251	84	159
48	251	84	161
44	250	84	161
40	251	85	162
39	251	81	161
36	252	80	159
33	252	79	158
29	252	78	158
26	252	80	159
22	252	81	160
16	252	85	159
11	251	85	160
9	251	83	160
6	251	83	160
4	251	82	160
3	252	80	160
1	252	80	159
1	251	79	160
0	252	78	161
0	252	75	161
0	252	73	161
0	251	69	162
0	252	63	162
0	252	59	161
0	252	55	160
0	251	55	160
0	252	55	159
0	251	54	158
0	251	53	158
0	250	50	159
0	251	48	160
0	251	46	161
0	251	44	161
0	251	43	161
1	252	42	160
1	252	40	161
1	251	36	162
0	253	35	161
0	251	32	165
1	249	30	164
1	249	29	165
2	248	29	165
0	249	28	163
3	253	26	157
2	250	24	163
3	254	24	159
0	257	24	156
3	270	23	135
1	265	20	144
3	269	22	135
2	265	20	141
3	269	22	134
0	279	21	131
2	275	25	132
0	267	28	141
1	267	29	144
0	288	30	123
0	304	26	106
4	259	27	136
3	258	35	135
5	255	48	132
5	256	55	140
57	289	63	110
19	249	62	142
47	282	76	117
1	250	64	146
6	249	58	146
49	289	74	111
3	244	52	156
12	247	62	146
7	243	46	154
0	245	51	150
17	247	54	148
12	246	62	139
1	251	48	142
60	296	58	103
0	275	44	127
52	294	57	103
48	290	74	110
176	262	80	151
172	269	93	145
171	267	93	149
172	265	92	149
169	266	91	150
164	272	97	143
159	272	99	144
152	265	102	150
150	262	104	153
143	263	96	148
139	264	88	150
135	265	84	150
133	267	82	148
130	266	80	147
126	267	76	146
125	268	73	145
123	266	68	146
121	266	68	148
116	265	70	148
111	265	71	149
107	263	74	150
103	264	76	147
97	264	81	148
91	263	88	148
89	264	90	147
90	265	87	146
91	264	86	149
91	263	86	151
90	261	84	153
90	265	84	150
89	268	84	147
88	271	84	142
88	272	83	142
87	274	83	141
85	272	84	141
87	271	84	140
87	271	88	141
85	273	93	141
85	275	97	140
84	275	100	140
82	274	99	140
82	279	101	136
82	277	102	138
82	275	101	139
81	277	101	137
83	276	101	138
84	273	97	142
89	269	94	146
84	274	96	143
81	273	100	142
81	273	99	142
82	274	100	141
83	276	98	140
86	276	96	139
84	275	97	140
87	274	96	141
87	271	95	145
86	272	96	142
89	272	93	143
88	274	93	141
78	278	100	137
86	278	97	135
86	276	96	137
86	277	96	136
81	278	100	135
88	276	96	137
85	277	96	136
87	270	95	142
87	275	95	138
87	274	96	140
83	274	98	139
86	272	96	142
85	273	98	141
85	271	98	143
47	282	74	131
83	276	100	137
74	276	104	137
84	268	98	146
87	263	95	151
88	259	95	154
85	273	97	139
88	280	95	133
84	282	93	131
83	283	99	128
80	285	99	127
78	286	101	125
79	284	98	123
75	284	95	125
77	282	96	126
75	281	93	127
74	278	77	131
68	277	74	131
65	279	72	130
71	276	71	134
65	277	74	134
70	278	71	133
65	279	75	132
62	280	78	131
55	280	82	131
59	281	83	130
57	279	84	130
50	278	91	133
51	278	89	134
52	275	86	134
52	274	85	134
48	274	82	136
46	272	83	136
41	272	85	136
37	272	90	136
43	273	83	136
46	275	78	134
46	277	75	132
47	279	73	130
47	280	71	127
46	281	68	126
49	273	76	136
51	259	90	149
47	251	97	159
50	257	87	153
60	255	82	153
74	247	76	159
77	245	73	161
83	248	72	159
89	257	68	150
94	260	68	146
95	264	71	144
107	268	66	141
115	270	62	137
119	278	61	129
122	286	62	122
122	287	62	120
123	293	60	114
124	295	61	111
123	295	62	110
125	296	64	110
125	288	64	117
130	284	63	122
127	284	63	121
130	285	61	121
129	291	61	114
126	290	63	113
128	284	60	123
127	286	63	122
129	289	64	117
127	292	66	114
130	297	71	111
126	295	71	112
126	296	69	112
130	298	67	109
135	300	66	106
133	295	65	109
139	297	69	103
147	292	62	101
215	270	52	119
221	267	51	113
228	265	52	110
234	266	52	115
237	269	52	127
163	285	66	115
51	257	68	159
55	268	64	159
57	280	66	151
59	287	72	149
66	294	76	146
79	301	75	140
111	310	75	132
130	306	86	137
165	303	80	137
198	298	78	139
219	298	88	138
261	299	75	133
289	295	70	134
318	292	65	137
331	287	73	136
354	276	70	140
396	275	64	131
420	268	68	129
441	261	68	137
460	259	67	137
476	255	68	138
488	253	65	140
491	250	67	144
492	245	68	143
494	242	73	145
496	239	65	145
498	241	60	144
501	242	58	143
499	242	60	142
499	241	61	142
499	241	63	142
498	241	65	143
498	242	67	143
499	241	68	144
501	241	68	144
504	241	68	143
508	240	66	145
509	240	67	145
511	239	67	145
512	238	66	146
513	238	66	146
513	238	69	147
514	237	73	147
516	238	76	147
521	236	79	150
534	235	77	151
556	236	74	146
576	236	74	146
593	235	73	147
603	234	70	146
603	234	72	148
605	233	73	149
605	233	73	150
606	233	72	151
606	233	74	151
607	233	76	152
607	233	73	150
607	233	74	152
607	234	71	152
607	234	71	152
608	234	69	152
608	233	69	153
609	232	69	153
609	231	68	154
608	232	67	155
608	231	67	156
609	231	65	156
609	231	65	158
609	230	64	159
609	230	63	158
610	230	61	159
610	231	61	158
611	230	60	160
610	230	61	161
612	228	60	162
612	227	61	163
612	227	61	162
613	227	60	164
612	227	60	163
613	228	59	163
613	228	59	163
613	228	59	162
610	229	61	159
608	229	63	160
608	229	63	159
605	229	65	160
568	235	92	156
521	217	102	176
491	215	104	179
469	214	101	178
450	215	94	173
446	215	87	172
453	212	77	176
454	212	81	181
457	212	82	180
458	213	84	179
458	214	89	179
458	215	92	178
458	215	92	178
458	215	93	177
456	216	80	177
454	223	71	166
455	228	65	159
455	229	64	159
454	228	65	159
454	228	65	160
454	228	64	160
455	228	63	160
455	229	63	160
454	230	63	160
455	230	63	161
455	231	64	161
455	231	63	160
456	232	63	158
456	231	62	157
458	232	61	156
458	232	60	156
458	230	59	157
458	232	59	156
459	231	58	156
457	232	59	157
458	234	59	154
456	234	60	153
457	234	60	153
456	233	60	154
457	233	59	154
458	232	59	154
456	232	60	154
458	234	60	152
458	234	61	152
459	234	60	151
458	235	61	151
460	235	61	150
460	235	62	150
461	236	62	149
462	236	63	147
464	237	63	146
464	238	66	145
464	239	68	145
465	239	71	147
466	237	74	147
465	240	78	145
470	239	78	145
477	238	72	146
485	236	66	148
490	236	64	148
495	237	62	146
497	238	59	145
500	238	60	144
500	238	64	144
500	237	69	144
502	237	72	144
503	239	74	143
505	239	75	143
507	239	75	143
510	239	75	144
518	238	71	144
530	237	64	143
539	236	60	145
544	236	60	144
549	235	58	145
552	236	59	144
552	235	65	143
551	236	73	143
552	234	74	145
554	235	75	145
557	234	74	145
561	235	73	145
567	235	71	145
574	234	68	145
582	234	65	145
588	233	62	147
593	234	62	145
595	233	64	147
596	232	67	148
598	231	69	149
599	231	73	149
602	231	75	149
605	230	74	151
608	229	73	152
611	230	71	151
612	230	71	152
615	230	70	150
618	230	68	149
622	230	67	150
626	230	64	150
627	229	66	150
629	229	64	152
612	233	66	146
580	241	71	139
547	234	68	145
519	234	68	145
487	236	61	143
483	235	58	144
483	234	59	145
484	233	57	146
485	234	57	146
486	234	66	147
487	233	62	148
486	232	62	149
474	231	70	151
458	230	81	151
417	231	72	149
399	231	72	151
388	230	75	150
385	227	78	153
381	227	85	153
376	228	95	152
381	228	93	151
381	228	96	152
386	228	90	152
392	229	85	151
400	230	78	150
407	229	72	150
411	228	70	151
415	229	69	150
418	229	71	149
422	235	70	145
423	234	70	145
425	236	72	145
430	233	76	148
431	233	79	145
435	232	79	147
439	232	76	147
441	230	75	150
442	230	75	151
444	229	74	152
446	228	74	153
448	227	73	153
451	229	71	151
453	228	71	151
459	228	68	150
468	229	62	152
470	229	62	151
472	230	63	149
475	229	62	149
478	226	64	154
483	230	66	150
485	228	70	153
488	230	69	149
491	231	69	148
493	229	69	150
496	229	68	151
498	228	68	150
501	230	68	150
504	227	65	150
507	228	64	150
512	228	64	150
513	230	64	146
514	229	64	146
515	229	65	145
516	230	66	145
518	228	69	149
522	227	69	150
523	226	72	153
527	225	71	152
530	225	68	152
533	226	65	152
535	229	61	148
536	229	61	149
537	229	62	149
537	230	62	147
537	230	62	147
538	224	64	153
537	224	64	154
537	224	65	154
537	222	65	155
536	220	67	158
534	220	68	157
532	219	70	158
531	221	71	156
528	220	73	155
526	221	74	155
525	220	74	155
524	219	75	157
523	221	75	155
522	223	76	154
521	224	75	153
518	226	78	152
515	225	79	154
511	226	79	151
508	227	80	152
505	227	80	154
502	225	77	157
501	224	74	159
498	223	71	161
496	223	69	162
493	223	70	161
490	224	72	160
488	223	74	159
486	224	74	159
484	225	76	157
480	226	80	156
476	227	84	155
475	226	84	156
472	228	86	156
471	228	84	156
467	228	85	156
463	229	83	154
461	228	77	153
459	229	74	153
454	228	67	153
452	227	64	155
446	227	63	157
443	225	64	159
440	225	65	159
431	224	73	158
424	225	80	156
415	224	88	158
411	224	92	159
408	225	94	157
407	226	96	157
406	226	96	159
405	226	94	158
405	226	89	160
404	226	83	158
403	226	75	158
403	228	74	156
401	224	74	159
400	224	69	161
398	224	73	160
397	224	73	160
394	225	74	157
386	225	77	157
380	224	78	159
379	223	78	159
378	223	78	159
377	221	78	161
375	221	75	161
375	221	72	163
375	222	71	163
374	222	69	164
373	221	69	165
373	220	69	166
374	220	67	166
373	220	67	166
374	220	67	166
374	219	68	167
374	219	68	168
375	219	70	168
375	219	72	169
374	219	73	169
375	219	72	169
377	219	73	168
378	219	71	168
380	220	70	169
382	221	67	165
384	222	67	165
387	222	64	164
387	222	64	164
388	222	63	165
390	223	63	165
388	221	62	167
389	222	62	166
388	222	62	167
389	222	61	167
389	222	61	168
389	221	60	168
388	221	60	168
387	221	61	168
388	220	62	168
387	219	62	169
386	221	62	168
384	220	64	169
383	219	65	170
382	219	66	169
381	218	66	169
379	218	67	170
376	219	70	169
373	219	73	168
368	218	77	170
364	218	83	171
361	220	85	168
359	220	80	169
356	219	77	170
352	220	79	168
350	219	80	169
351	219	76	169
348	220	71	168
351	221	67	167
351	221	65	166
349	222	65	166
349	223	63	166
349	224	63	164
348	224	64	163
347	224	68	163
345	226	72	162
344	226	75	162
340	225	78	161
338	226	80	158
337	225	79	162
336	225	77	163
334	227	77	162
332	227	73	160
329	228	74	159
326	227	77	160
323	227	76	158
320	227	79	160
316	228	81	157
314	232	81	152
313	230	81	155
313	231	81	155
312	231	82	155
312	231	80	155
312	230	77	155
311	231	71	153
310	231	69	153
308	231	69	154
307	233	66	153
306	233	65	153
305	234	65	152
304	233	64	152
303	233	63	152
302	235	62	152
301	235	64	154
300	234	65	151
300	235	64	150
298	234	64	151
297	235	62	153
296	235	63	152
294	235	63	151
291	236	68	151
289	234	67	151
288	235	70	151
287	236	71	151
287	237	72	150
287	237	68	149
287	238	64	150
286	237	64	150
286	238	63	150
286	237	62	149
286	238	63	149
287	237	62	150
287	238	62	150
288	238	59	149
289	237	60	149
290	238	59	149
290	238	62	149
290	239	65	147
291	239	70	147
292	241	71	146
295	243	70	144
296	245	71	142
299	244	70	142
299	246	77	140
301	254	79	131
302	253	83	132
302	247	90	138
302	253	101	131
300	247	111	138
301	249	120	134
301	256	123	130
302	252	128	132
306	255	131	129
319	252	130	132
335	260	110	126
362	259	86	128
378	262	75	122
375	270	67	112
380	264	73	120
401	266	66	119
414	264	59	120
415	264	65	120
429	263	86	119
435	263	84	115
444	263	84	115
453	266	85	112
462	262	81	116
468	264	81	116
480	261	73	117
480	259	76	120
481	255	82	124
482	253	91	127
479	250	95	130
485	248	95	131
486	249	87	129
492	248	77	130
495	249	74	130
496	252	76	125
524	241	83	135
540	250	83	128
535	258	77	119
517	255	86	123
533	260	82	116
497	253	107	122
478	250	122	127
454	247	153	132
447	249	161	131
445	246	142	137
461	247	109	133
459	248	108	134
460	249	105	130
455	245	104	130
449	245	109	130
442	247	105	128
432	247	100	127
424	246	87	133
413	242	75	141
405	246	74	136
382	246	93	137
376	246	99	137
364	249	108	133
351	247	115	137
349	252	112	128
339	250	97	132
329	250	83	134
325	247	77	138
322	251	76	134
318	251	77	133
314	253	81	130
297	251	78	132
287	253	84	131
271	255	85	128
266	253	78	131
257	254	76	129
253	257	68	125
246	259	64	127
243	258	57	124
237	256	58	127
228	255	61	128
220	258	63	126
216	260	62	123
213	261	61	122
211	262	59	122
205	260	60	125
201	254	62	130
201	251	61	133
196	247	64	137
191	244	68	140
185	244	70	140
183	243	68	142
181	243	67	142
179	245	66	140
176	246	69	139
174	248	70	137
176	248	64	138
175	249	64	136
173	249	62	136
173	247	56	138
169	249	57	137
166	250	59	135
165	250	59	136
166	250	59	135
162	253	61	131
163	253	60	131
162	254	61	129
162	255	60	128
161	257	60	124
159	257	60	125
157	258	61	124
155	259	62	124
156	259	63	123
156	260	62	122
156	262	61	120
159	264	56	118
158	264	55	118
157	262	57	122
154	258	60	124
150	256	64	126
149	257	65	124
149	259	64	122
146	258	68	123
146	260	66	122
145	261	66	121
147	264	60	119
147	268	59	115
147	273	57	108
138	255	67	128
139	256	65	127
138	257	66	126
139	257	64	125
138	257	65	125
139	257	65	126
137	256	67	127
135	255	68	128
135	254	68	130
134	253	69	131
138	252	67	131
138	252	67	132
139	252	66	133
141	253	64	133
142	254	62	131
142	253	62	132
142	251	62	134
145	252	61	131
141	253	64	131
141	253	64	131
138	252	66	132
136	252	68	131
133	252	70	133
131	251	70	134
132	250	69	135
131	250	69	136
130	249	70	136
128	249	70	137
130	250	68	136
127	250	70	135
124	250	72	136
122	251	72	135
124	250	67	136
125	250	60	135
126	250	56	135
126	250	54	138
123	249	57	139
120	251	59	137
117	251	64	136
116	251	64	136
115	251	62	138
115	251	58	137
113	252	58	133
110	252	58	134
109	252	58	136
107	251	59	135
105	251	60	137
105	251	60	136
101	251	63	137
97	252	65	136
97	251	65	137
95	252	63	138
94	251	64	139
94	250	66	140
92	251	70	138
88	250	69	139
88	250	67	138
86	250	67	138
85	249	67	140
85	249	65	140
85	248	65	142
84	247	65	143
84	247	64	144
84	248	64	142
81	247	66	142
81	249	71	138
81	249	71	140
82	249	75	140
78	248	80	142
55	246	94	145
49	245	105	155
57	244	101	153
63	245	99	147
67	248	93	144
71	246	86	147
85	246	74	146
90	247	70	144
90	246	61	144
91	245	58	145
93	245	56	145
93	246	56	144
93	245	56	144
92	246	56	145
94	245	55	145
94	245	55	146
95	246	55	145
95	246	55	145
94	245	56	145
94	245	60	145
94	245	61	146
93	244	62	147
93	243	64	148
93	243	66	147
94	242	66	148
94	241	67	148
94	241	68	149
95	242	68	148
96	242	68	149
97	242	67	149
98	243	66	148
98	242	67	150
99	241	67	150
101	240	66	151
102	240	67	152
103	240	69	153
103	239	70	151
105	239	69	153
105	239	71	153
103	239	74	151
102	238	76	152
101	237	78	152
101	237	80	152
101	237	82	152
99	236	83	153
101	236	82	155
108	236	75	156
107	236	76	155
112	236	71	156
113	235	72	156
116	235	71	157
119	234	69	157
121	234	69	157
124	234	67	158
127	233	65	159
129	233	64	159
130	234	64	159
132	234	66	158
133	233	68	158
133	233	71	158
136	232	72	160
136	232	73	160
137	233	72	160
138	232	74	160
139	234	75	159
140	233	74	158
146	233	73	158
151	234	70	157
155	234	72	155
162	233	69	156
166	232	69	160
169	232	69	159
172	232	65	158
176	231	66	159
178	232	71	159
179	233	75	159
179	232	79	159
180	232	82	160
181	233	84	159
183	231	85	160
186	230	86	160
190	232	85	158
197	232	81	159
202	230	79	161
208	227	77	167
211	229	78	165
215	229	76	163
217	229	76	162
218	229	79	161
217	228	83	162
217	229	86	162
218	228	87	163
219	228	88	161
222	231	86	160
228	227	81	163
230	229	81	159
236	230	77	160
240	229	75	162
241	229	77	161
243	229	80	160
245	231	85	159
246	230	87	160
248	231	86	159
249	230	85	161
252	229	82	163
253	228	81	164
255	227	79	163
257	226	77	165
259	227	74	164
261	227	72	164
266	228	69	162
269	228	67	163
270	228	65	162
270	227	65	163
270	227	66	163
271	226	67	164
271	225	68	166
271	224	70	164
270	225	72	164
271	224	72	164
272	223	71	165
274	223	71	166
275	223	70	165
280	223	67	166
284	223	64	166
285	223	63	167
284	221	61	168
284	222	60	167
283	222	61	167
283	221	63	166
281	221	64	168
279	221	65	168
279	221	66	167
277	221	68	169
275	220	70	169
274	219	73	170
272	220	76	169
269	219	79	169
267	219	83	170
264	220	84	169
262	221	83	168
261	220	82	169
260	220	82	171
260	219	80	170
260	219	79	173
260	218	79	174
259	217	79	174
261	217	83	173
261	217	90	174
262	216	83	175
262	216	87	176
262	215	85	176
262	214	87	178
263	213	86	178
263	212	87	179
262	213	89	178
263	213	88	178
264	214	87	178
272	214	82	178
274	214	82	179
280	213	80	179
290	212	73	179
297	213	71	175
297	214	72	175
301	211	71	176
307	212	73	175
309	212	75	176
312	212	77	173
313	212	82	176
316	212	91	177
317	210	95	179
318	211	98	181
319	210	99	183
323	211	97	181
327	210	97	183
338	212	86	180
344	210	84	181
351	210	84	181
353	213	97	178
356	212	105	181
363	209	99	181
371	208	111	185
378	209	110	181
382	210	116	180
389	210	112	182
391	207	113	183
397	207	115	182
402	206	111	182
409	206	109	184
417	205	105	184
431	205	93	184
438	202	86	185
444	204	84	185
454	206	77	181
458	205	79	185
464	206	88	183
467	205	100	183
469	204	109	183
469	207	114	179
469	208	118	179
474	206	115	183
476	206	116	183
481	207	112	182
493	206	100	181
506	205	90	182
518	204	85	184
526	205	85	182
533	204	87	183
532	202	93	184
536	202	94	184
542	202	97	185
544	201	96	185
548	200	95	186
551	201	95	184
555	201	91	184
560	202	89	183
564	202	87	184
568	202	84	183
575	203	83	182
579	203	80	183
585	203	79	185
591	201	79	183
594	202	84	182
598	201	88	183
601	201	92	182
603	200	98	182
607	200	98	183
610	200	98	181
613	201	97	179
618	203	95	177
624	204	91	176
628	203	94	175
631	204	89	174
633	204	88	177
637	203	88	179
643	203	83	178
645	203	84	177
646	203	89	177
647	202	92	174
653	202	91	173
656	203	93	168
660	202	93	172
663	203	92	171
666	203	90	170
669	204	87	169
673	205	85	168
677	205	81	169
684	206	77	167
684	207	79	165
688	209	79	163
694	209	79	164
694	207	81	165
700	208	80	165
700	207	79	163
708	206	74	172
701	202	85	183
702	210	88	183
677	213	113	172
673	203	119	193
684	199	110	178
690	205	92	171
695	208	79	162
698	209	78	157
697	211	78	157
696	210	81	163
699	208	82	166
696	208	85	166
699	206	87	168
700	208	91	167
698	209	92	161
699	210	93	164
697	210	97	163
696	211	97	163
701	211	93	160
709	209	86	160
719	209	77	163
716	208	78	161
723	208	74	162
721	208	76	160
722	208	73	159
726	209	69	158
728	210	66	157
728	211	65	155
728	212	64	154
729	212	64	153
729	214	63	152
730	215	63	151
730	217	61	149
730	216	60	150
731	219	61	147
731	222	59	142
730	224	59	141
729	228	60	137
728	231	59	133
726	233	61	131
723	234	65	130
724	233	67	131
722	231	70	134
721	233	72	132
720	234	75	133
716	236	80	131
719	234	82	133
717	237	81	128
721	238	75	126
722	239	74	122
725	239	69	124
725	240	66	122
726	239	66	124
728	241	64	121
727	241	63	120
727	239	61	123
725	240	60	123
725	241	58	121
725	243	55	119
724	244	56	119
727	245	56	118
726	247	55	115
726	246	53	118
726	244	55	118
727	241	54	122
728	240	54	125
729	239	55	124
729	237	56	127
729	235	55	130
729	234	54	130
729	230	55	134
727	229	55	135
726	228	56	136
726	228	58	137
725	228	60	137
722	229	63	136
717	228	68	136
716	226	70	138
712	227	74	138
708	227	77	139
707	227	76	138
701	228	80	136
699	229	77	136
691	230	76	136
686	229	79	138
681	229	82	137
680	229	77	137
684	232	71	135
684	234	69	132
680	235	71	130
679	236	69	129
680	237	67	130
680	236	68	131
679	233	66	133
678	226	66	140
678	224	65	144
675	218	65	150
672	214	66	152
671	210	65	152
670	211	64	150
668	212	64	145
666	211	62	147
542	238	71	134
544	237	71	136
544	236	73	137
545	235	74	137
544	235	78	137
543	234	80	138
544	234	82	138
655	230	57	139
655	232	58	136
655	233	58	134
655	232	61	134
656	232	61	135
657	231	61	134
657	231	64	135
658	232	66	134
661	231	62	134
666	232	58	133
670	233	55	132
672	233	55	133
678	232	60	131
679	236	64	127
680	240	60	124
684	244	61	123
691	235	56	131
693	235	56	133
692	225	69	143
687	218	72	158
683	220	80	158
684	217	82	165
534	239	63	131
534	239	63	134
531	240	66	132
528	241	69	132
523	241	72	131
521	240	74	132
520	240	74	132
517	241	75	132
515	240	74	133
514	240	73	134
512	241	66	132
510	239	62	134
506	241	59	134
503	239	60	137
499	240	57	134
494	240	62	134
489	240	67	133
485	240	71	133
482	241	73	132
480	241	76	133
477	240	77	132
476	240	77	132
475	240	75	132
473	241	70	132
471	241	68	132
466	240	60	134
463	240	58	134
457	240	60	134
450	240	61	133
446	239	65	137
445	240	66	136
441	239	68	136
439	239	71	136
435	239	74	135
434	240	73	135
433	241	75	135
432	241	75	134
432	242	74	134
430	241	74	134
428	241	73	134
425	241	72	135
422	241	70	135
418	242	69	134
416	242	65	135
412	242	67	135
409	241	65	136
410	241	62	135
413	242	57	135
414	242	55	134
411	243	58	133
407	242	63	134
404	242	66	135
403	243	66	135
401	242	68	135
400	243	70	134
398	244	71	134
396	243	70	134
394	242	71	134
390	243	72	134
390	243	66	133
387	244	63	132
384	243	59	135
379	244	59	133
376	245	57	132
375	245	55	132
370	246	59	131
365	245	64	132
360	245	70	132
359	245	71	131
357	245	74	131
355	246	76	130
353	247	78	129
350	246	80	129
345	246	80	129
342	246	82	132
338	245	78	133
338	245	70	132
340	246	64	132
340	245	59	133
334	246	60	133
326	247	63	131
322	246	64	132
318	247	64	131
315	247	69	131
306	247	78	131
296	248	87	129
299	249	85	129
294	249	88	129
294	250	84	129
287	249	87	129
279	248	89	131
270	248	93	133
267	248	93	131
267	248	82	133
267	248	70	132
261	248	68	133
252	247	69	134
252	248	61	132
244	250	58	130
241	249	70	131
248	249	73	131
242	248	76	133
236	249	80	132
230	249	84	132
227	251	85	130
224	250	82	132
223	249	76	133
219	248	71	132
215	247	66	134
215	248	60	134
207	247	62	134
209	247	61	134
204	247	66	135
185	247	68	136
194	248	67	134
189	249	76	134
183	249	81	134
178	249	86	134
174	248	87	135
168	249	89	135
164	249	87	136
161	248	82	137
156	249	78	135
151	249	71	137
148	249	69	135
145	250	68	134
144	251	64	134
139	249	63	136
134	249	64	136
129	248	63	137
135	248	62	138
138	248	62	138
137	249	62	137
133	248	60	139
127	248	62	138
122	247	63	140
119	247	64	138
116	245	65	140
114	246	65	140
113	246	64	139
111	245	64	139
108	243	64	142
103	241	68	144
96	236	73	150
92	237	77	148
91	236	74	147
90	238	69	147
89	239	70	147
88	241	71	146
87	244	70	144
85	244	72	143
82	245	75	143
79	244	77	144
76	245	79	143
76	245	75	142
74	246	73	142
70	246	68	142
69	245	69	143
67	246	67	143
64	246	66	144
64	247	61	143
64	248	57	142
60	249	60	141
57	249	63	141
54	250	66	140
51	251	68	139
47	252	72	139
45	251	74	140
41	250	73	140
41	249	68	140
37	249	68	140
34	247	61	143
33	246	55	145
29	246	57	148
24	245	58	148
20	246	60	148
15	245	66	148
10	245	70	151
7	244	72	150
0	246	78	149
0	247	78	148
0	247	77	147
0	247	74	147
0	248	72	146
0	250	69	146
0	252	62	143
0	258	52	141
0	259	47	138
0	261	45	135
0	262	46	135
0	263	47	133
0	264	46	132
0	264	47	132
0	263	46	133
0	264	46	132
0	263	45	133
0	264	47	131
0	265	46	132
0	263	46	133
0	264	47	132
0	264	48	133
0	264	47	132
0	265	47	132
0	266	46	131
0	265	44	133
0	262	42	137
1	253	38	147
1	248	36	152
1	244	34	158
0	240	38	162
0	240	39	163
0	238	47	165
0	236	50	167
0	234	55	168
0	234	61	167
0	235	66	166
0	247	77	134
1	243	75	138
143	250	70	142
131	253	77	138
118	252	83	139
107	250	86	141
98	250	89	139
90	249	97	137
67	256	119	132
51	249	133	139
49	245	123	141
154	248	78	144
153	246	73	148
150	246	72	147
149	245	69	148
144	244	69	148
139	244	68	147
139	243	68	148
138	243	67	148
136	243	67	149
134	243	68	151
133	244	70	149
136	244	70	149
128	245	73	148
132	243	72	150
131	244	72	150
130	244	72	150
129	244	71	149
130	244	71	149
126	244	72	148
126	243	72	150
124	242	72	151
123	242	72	149
119	242	71	148
116	244	72	148
114	244	71	147
117	246	70	146
116	245	70	146
118	245	68	148
117	245	69	149
116	245	70	150
110	243	76	150
110	245	73	150
106	243	75	151
105	243	76	151
93	243	85	151
91	243	83	152
92	242	79	153
90	243	75	152
90	244	77	150
90	245	74	149
91	246	72	149
92	246	70	150
92	247	69	148
93	247	68	147
93	247	69	148
91	246	69	149
90	246	71	149
89	245	72	149
88	246	72	150
85	246	75	150
83	247	74	149
82	248	73	147
82	248	71	147
82	248	68	147
78	248	66	147
81	248	66	143
80	248	65	145
83	248	61	143
84	248	56	145
83	248	53	147
79	249	56	145
71	250	57	143
76	249	58	144
70	250	60	144
65	250	65	148
61	249	65	149
59	250	61	148
59	250	64	149
60	251	64	148
60	251	63	146
60	251	67	146
58	250	72	148
56	249	77	149
63	248	78	150
78	248	71	148
55	248	68	150
88	248	68	147
48	249	69	148
52	249	69	150
53	248	74	152
101	249	72	147
108	249	71	150
109	249	71	149
103	249	71	149
107	249	69	149
107	249	69	147
111	249	70	148
107	251	70	148
103	249	74	148
104	249	70	147
108	249	70	147
106	249	71	146
105	249	72	148
106	249	71	147
108	249	71	147
116	251	65	142
115	248	65	143
122	248	60	140
120	250	62	141
115	247	67	141
121	247	63	139
121	248	63	141
124	248	60	140
131	249	56	137
124	249	59	138
23	262	69	126
29	259	71	130
42	257	65	133
52	252	69	139
57	248	69	142
66	246	88	143
74	243	92	151
90	239	78	156
96	244	77	152
102	245	76	149
103	246	79	148
103	246	82	149
104	245	81	151
109	240	78	155
114	238	74	155
138	230	63	158
155	230	74	147
164	235	70	148
172	243	91	136
181	245	92	137
188	253	101	131
187	253	107	129
187	257	111	126
190	257	112	128
194	258	110	126
214	258	96	123
231	256	83	123
245	254	82	124
260	250	74	127
276	248	68	131
285	244	68	136
289	241	73	137
292	242	80	135
294	243	91	133
299	243	94	131
306	244	95	131
315	248	94	127
327	251	92	124
343	252	83	122
357	254	78	121
375	243	69	132
381	245	71	130
386	242	76	131
391	245	80	128
395	245	87	126
405	247	91	124
414	249	87	123
426	251	82	121
438	254	76	117
459	255	65	115
476	251	59	120
479	247	63	125
481	247	71	125
482	249	83	120
484	246	96	123
486	251	107	116
492	251	105	116
499	251	102	115
510	254	94	113
527	255	85	113
556	245	61	123
566	241	58	127
570	238	58	133
574	236	59	131
577	236	59	128
579	237	61	126
589	240	67	122
599	242	68	122
602	246	77	119
606	245	82	122
615	245	79	121
620	244	80	124
625	245	80	121
628	245	77	121
631	245	75	120
637	244	71	121
641	243	67	121
647	243	62	120
654	242	63	121
654	241	62	121
659	241	64	121
663	240	66	121
667	239	68	121
670	240	71	122
673	240	73	120
677	240	77	120
678	240	77	122
678	240	81	122
679	240	81	124
681	241	80	123
684	238	76	124
687	237	73	124
691	236	69	124
693	234	68	125
694	234	67	126
694	234	68	125
696	233	66	125
698	233	64	126
700	234	63	125
700	234	63	124
699	235	66	124
697	235	70	124
696	235	72	124
696	235	72	125
696	235	71	124
698	235	70	124
697	235	69	124
698	235	69	125
697	235	71	125
696	234	71	126
696	234	71	126
695	234	72	127
695	234	71	127
694	233	70	127
693	233	69	127
693	233	69	126
693	234	67	126
693	233	66	127
692	233	66	127
692	232	65	129
691	231	66	129
687	231	68	131
684	230	70	131
683	230	71	131
681	229	71	131
677	230	74	131
674	229	75	133
671	229	77	135
671	229	78	134
669	229	79	135
668	230	79	135
666	230	80	135
665	230	79	135
663	229	78	135
661	229	77	136
658	229	76	136
654	228	74	137
651	229	70	137
648	228	64	136
646	228	63	139
643	228	64	137
639	228	68	137
635	229	68	136
632	229	72	137
627	229	70	137
624	229	72	138
620	228	67	138
617	228	65	137
614	229	61	139
611	228	59	141
606	228	60	139
601	227	64	144
598	227	65	143
591	227	72	144
581	227	80	144
573	226	88	145
570	227	91	144
565	228	93	144
561	228	95	144
559	228	97	143
559	229	95	143
559	231	79	141
558	230	74	141
556	230	65	141
548	231	60	141
543	230	61	142
536	231	68	142
532	230	70	143
527	231	76	141
518	231	82	142
509	231	90	142
502	232	95	143
496	232	100	144
492	231	99	144
491	231	94	144
492	231	82	145
491	232	70	143
486	231	62	144
480	231	62	144
475	231	66	144
471	231	70	144
464	232	75	143
459	232	80	143
453	233	83	143
449	234	84	142
444	235	87	143
438	236	87	141
435	237	85	140
429	237	80	138
425	237	75	138
419	235	71	142
415	235	58	142
411	237	58	146
406	236	60	147
395	235	68	146
384	235	78	147
382	235	80	147
377	236	84	146
374	236	84	145
371	236	82	144
370	238	78	141
358	240	72	140
360	240	70	139
358	239	63	139
354	238	59	141
348	237	59	141
344	237	57	142
328	237	70	145
313	230	88	149
315	230	84	150
313	230	84	150
310	230	86	150
306	229	87	151
303	230	87	150
301	234	81	145
298	238	77	142
297	240	72	140
290	242	76	138
286	244	81	135
285	244	80	134
281	248	82	131
277	249	85	131
267	251	91	128
262	253	95	126
257	253	92	127
254	255	87	126
252	254	81	128
250	255	82	125
248	256	76	124
244	254	68	127
239	254	61	127
236	252	56	128
233	249	56	131
231	247	55	133
228	246	55	135
226	245	55	135
222	246	55	133
220	247	56	132
217	249	56	131
215	249	56	129
213	249	55	130
211	246	54	134
209	245	54	135
208	245	57	137
205	246	56	135
204	247	57	133
201	248	59	132
202	249	56	131
201	251	57	132
199	251	56	130
198	251	58	130
195	252	59	131
189	251	61	131
187	250	63	130
190	248	57	131
190	249	56	131
191	249	54	130
191	250	53	131
189	252	55	129
186	255	58	125
184	256	60	123
181	257	62	122
180	256	63	124
177	256	66	125
175	256	68	125
173	255	69	126
173	255	68	126
170	255	70	126
167	254	72	127
163	255	73	126
160	256	71	125
149	256	67	124
145	256	67	124
145	253	64	126
144	252	63	127
140	252	66	129
138	255	68	124
134	256	69	124
132	255	69	125
131	257	68	124
128	261	69	120
124	258	66	127
121	254	63	135
115	254	66	138
114	253	68	140
113	253	69	141
113	254	67	139
108	253	66	135
106	253	62	134
103	253	58	133
97	253	53	133
95	254	54	132
94	255	52	130
92	254	52	130
89	255	53	132
84	255	55	129
83	255	54	127
80	254	55	130
76	254	58	129
71	253	60	130
69	253	62	130
66	252	65	132
62	254	68	131
60	253	67	133
59	254	67	132
57	253	65	134
56	252	58	134
57	253	56	134
57	252	53	134
54	252	52	135
51	252	54	137
50	252	55	137
44	253	58	139
36	253	65	139
35	252	64	142
35	251	64	142
35	251	63	143
36	251	63	143
35	251	62	144
34	252	63	142
34	254	66	140
33	257	69	137
31	256	72	137
29	255	74	139
25	256	72	138
25	257	75	135
9	255	66	136
10	251	63	137
10	250	62	139
10	250	60	139
5	251	62	139
4	251	61	138
1	251	61	138
0	250	60	138
1	251	58	138
0	250	57	138
0	250	55	138
1	248	55	138
0	248	56	139
0	248	56	140
0	248	54	140
0	249	55	140
0	248	55	140
0	248	54	141
0	249	54	140
0	247	53	142
0	247	50	141
0	247	50	142
0	246	51	142
0	246	52	142
0	246	53	142
0	247	55	142
0	247	55	142
0	247	54	142
0	248	52	142
0	248	45	142
0	248	44	142
0	252	43	135
0	253	39	134
0	255	35	132
0	257	31	129
0	259	31	126
0	262	30	123
1	261	29	124
1	260	27	125
0	257	25	126
34	266	41	117
35	260	52	127
38	251	66	136
43	250	63	138
44	251	65	139
48	250	67	139
47	250	74	141
50	250	76	142
55	250	68	142
60	251	64	141
61	251	61	140
64	252	59	141
63	251	61	140
63	251	64	141
178	254	63	129
173	255	67	127
178	254	63	129
179	254	61	128
180	254	59	129
181	253	59	130
182	253	59	129
182	254	61	129
182	254	61	128
180	254	62	129
182	255	61	128
182	255	61	129
184	256	60	127
189	255	68	130
182	254	73	131
182	253	65	133
187	252	75	133
187	252	72	133
187	254	69	131
188	254	67	131
189	254	65	131
189	253	66	133
194	252	66	134
196	252	68	133
198	253	64	133
205	253	61	133
205	251	61	134
209	251	60	133
211	251	58	135
210	251	60	135
209	250	62	134
204	250	64	133
205	250	67	133
206	250	66	133
209	249	65	133
212	250	66	134
213	250	66	133
216	249	66	133
216	249	66	133
218	249	66	133
218	249	64	133
220	248	63	134
220	248	66	134
221	248	69	134
221	248	71	134
220	247	74	135
218	247	77	135
218	246	77	136
219	246	77	136
221	245	74	137
223	245	70	138
226	245	66	139
229	246	62	139
230	246	61	139
231	245	61	140
232	245	60	140
233	245	59	141
233	245	59	141
232	246	59	140
233	246	59	140
233	245	58	141
232	246	59	140
231	246	59	140
230	247	60	140
231	246	59	140
154	230	66	160
161	228	65	160
167	228	68	161
169	228	70	162
175	229	68	161
180	228	68	162
183	230	73	159
184	230	82	159
186	226	85	164
186	225	87	166
188	224	87	167
190	224	92	169
194	225	89	166
198	224	91	166
210	223	85	165
218	224	80	163
228	224	74	164
233	224	71	167
239	224	67	168
242	224	69	166
243	225	71	164
243	225	77	163
243	224	87	164
244	223	94	164
248	223	96	166
250	223	96	165
254	223	94	167
261	222	87	165
266	223	83	164
273	224	78	164
280	224	72	162
285	224	69	162
290	224	68	162
298	225	67	161
303	229	69	158
307	229	68	158
309	229	73	156
310	229	83	157
310	227	92	160
310	227	98	160
311	228	99	158
316	230	101	156
321	230	96	156
330	231	89	156
337	226	82	160
344	228	77	159
348	229	73	158
351	231	72	154
357	230	69	155
360	229	72	156
362	226	75	159
364	225	75	161
367	224	75	160
372	224	73	160
375	225	72	159
379	227	72	157
379	224	73	159
384	226	72	158
389	227	69	157
394	227	67	157
398	229	66	154
402	230	64	152
403	231	65	151
401	233	72	147
402	233	73	146
402	235	76	144
402	237	79	142
403	237	81	142
406	238	82	140
408	238	80	139
416	236	77	142
418	239	69	137
426	235	70	144
436	235	74	141
439	231	73	152
513	237	61	135
519	238	59	134
521	239	65	134
522	239	77	135
522	239	78	134
524	238	79	136
524	237	79	136
464	236	70	137
473	232	61	142
477	233	58	141
475	232	60	145
478	231	58	145
480	232	59	145
481	232	61	146
482	233	64	145
482	233	66	143
485	232	67	145
487	231	68	144
487	231	71	144
489	231	71	144
491	232	72	145
493	232	73	143
495	231	72	141
498	231	67	148
500	230	64	148
503	229	59	147
505	230	59	145
507	230	60	147
506	230	63	146
510	230	62	147
511	230	64	147
514	229	64	147
515	228	66	147
517	228	65	148
517	228	64	149
520	229	64	150
524	228	60	148
529	229	60	145
532	229	62	145
534	229	64	145
535	227	63	148
536	227	65	149
537	227	70	149
538	227	75	145
540	227	77	145
542	227	78	145
545	227	75	145
546	227	75	146
547	228	75	146
547	227	74	146
549	227	74	147
548	228	74	146
549	227	73	146
548	227	74	144
546	227	76	143
544	226	75	143
543	227	68	144
539	227	71	143
541	228	118	146
517	236	148	139
511	235	147	139
504	234	132	140
513	233	109	141
521	235	98	139
507	236	101	137
500	238	106	136
486	241	117	135
470	242	123	132
459	244	132	134
447	242	142	135
454	241	133	136
460	241	121	136
453	242	121	135
440	243	125	135
434	242	114	136
421	242	99	137
415	243	84	133
402	240	78	139
390	240	85	139
380	239	91	140
367	240	100	137
353	242	107	136
341	241	112	138
248	226	89	159
237	233	82	150
232	235	80	147
226	239	81	145
219	240	87	145
202	234	104	151
199	238	90	149
283	238	75	142
274	238	80	142
266	239	87	142
261	239	79	142
254	242	80	138
246	242	71	138
242	241	67	139
235	239	65	142
230	238	65	144
227	238	65	144
219	239	72	142
210	240	81	142
200	240	89	142
194	241	92	141
191	243	95	141
189	246	95	138
184	246	95	137
178	246	93	138
175	246	87	136
169	243	71	139
168	240	65	144
160	241	69	143
158	240	65	144
157	240	65	144
150	243	70	142
145	243	71	142
139	243	73	143
137	243	69	142
133	242	66	143
128	241	62	143
125	242	61	143
121	243	63	143
119	242	63	143
114	243	67	142
108	244	72	142
104	244	75	143
99	245	79	143
88	246	86	142
91	247	81	141
90	248	80	139
79	249	87	138
73	247	92	139
64	248	95	139
66	249	91	140
71	248	85	142
76	247	78	142
68	247	79	142
64	252	78	138
65	250	76	139
90	246	75	145
104	243	70	144
108	243	68	142
106	243	71	142
109	244	68	142
109	244	66	142
110	243	67	142
112	243	65	142
112	243	65	143
112	243	65	141
111	243	66	141
110	244	67	141
108	244	70	139
111	246	71	138
115	247	68	136
110	247	77	137
110	248	80	137
114	247	78	136
121	248	72	136
123	247	71	139
123	245	72	140
124	245	73	140
127	245	70	140
122	243	78	142
121	243	86	142
126	243	91	142
123	242	98	144
123	244	100	144
122	245	102	142
125	246	103	140
131	250	99	136
127	248	107	137
127	252	107	134
129	252	108	136
130	251	111	137
126	251	118	136
141	252	106	133
157	250	92	135
165	250	87	133
169	251	79	132
177	252	87	130
177	252	98	130
175	253	99	130
174	255	110	130
174	255	118	131
175	257	125	128
177	255	125	129
181	255	128	129
188	255	126	126
198	253	118	127
209	254	114	128
214	253	108	127
220	253	90	128
228	255	83	124
233	255	84	124
232	258	79	123
232	258	75	123
231	258	78	125
234	257	84	123
241	253	74	128
249	253	70	126
255	252	66	126
261	251	64	127
268	250	58	130
267	250	57	129
214	253	99	125
218	251	108	130
223	256	108	127
235	255	100	128
254	257	89	126
287	260	88	121
292	260	80	121
289	259	68	124
291	262	68	119
293	262	70	117
293	260	60	119
293	259	56	120
296	258	58	122
300	257	67	124
305	256	77	125
302	253	83	128
303	254	86	128
304	245	97	134
303	233	98	146
303	229	99	149
296	225	105	154
290	222	107	157
290	222	103	159
284	221	107	162
285	227	95	157
274	226	88	156
277	234	83	148
279	235	77	148
279	243	75	138
280	246	81	136
277	245	85	139
276	240	83	145
270	237	73	148
269	238	70	147
265	237	71	148
259	238	69	147
256	238	63	144
253	238	59	145
248	240	58	142
245	241	56	142
241	242	57	141
237	242	59	142
233	241	59	143
230	239	61	144
228	238	61	146
227	237	58	146
225	236	59	146
221	237	61	147
220	238	64	145
219	238	62	145
217	238	63	145
216	239	65	145
213	238	67	145
212	238	68	145
210	238	70	144
207	239	73	144
206	238	75	145
203	238	77	145
202	238	79	145
204	238	77	145
204	237	76	146
208	237	72	146
210	238	71	146
212	238	69	146
213	240	64	144
218	245	66	143
214	243	66	144
215	244	66	142
217	245	67	137
217	246	67	137
220	247	64	135
221	248	64	134
222	248	65	133
221	249	66	134
221	249	66	134
221	250	66	133
213	250	72	133
215	249	72	133
211	247	78	135
209	244	79	139
213	244	78	139
216	242	72	141
217	239	72	143
220	240	73	142
218	238	73	142
221	238	77	144
219	237	77	145
220	237	86	144
218	236	77	145
219	236	70	143
220	236	71	142
222	236	81	147
223	235	85	148
225	235	81	149
227	235	80	149
228	234	81	149
228	234	80	150
229	235	79	149
231	236	76	147
232	237	75	144
234	238	75	144
233	240	65	142
233	240	62	143
228	243	65	140
230	250	67	132
231	253	75	130
266	264	68	115
270	267	64	111
269	266	64	111
270	265	64	113
266	263	68	117
222	240	57	139
217	237	60	141
218	237	62	143
219	237	60	138
217	236	61	144
216	236	61	143
215	235	60	146
214	235	61	147
214	235	60	149
213	235	61	148
208	235	63	151
207	235	66	150
205	235	65	151
205	235	64	151
210	233	65	152
231	236	77	147
264	236	73	147
292	234	67	146
313	235	64	146
323	234	63	146
325	233	68	147
330	232	68	149
333	232	68	149
336	232	69	149
341	233	69	149
348	233	68	147
350	232	68	148
353	232	68	148
352	232	67	148
351	233	70	148
349	232	64	148
346	232	63	147
345	231	64	150
343	232	65	149
342	233	66	148
339	233	68	149
338	233	69	149
335	232	69	150
333	233	72	149
332	234	72	149
330	235	73	148
328	235	73	148
326	236	75	148
325	237	76	147
323	238	73	146
321	241	71	142
320	242	67	141
319	244	66	139
318	244	63	140
317	244	64	138
315	245	65	138
315	245	65	137
314	243	66	138
314	244	65	136
315	245	65	136
314	245	65	135
314	245	67	139
314	244	66	139
313	244	68	139
314	243	67	138
314	242	65	138
314	242	65	138
314	242	63	139
314	241	62	138
315	241	62	140
313	240	63	140
313	239	63	141
313	239	62	142
312	240	62	141
312	240	62	140
313	241	61	140
313	240	60	140
314	241	61	140
315	241	61	140
316	241	62	139
315	241	64	139
317	241	64	139
318	242	65	137
318	242	69	137
319	243	73	136
320	242	76	138
321	243	79	136
323	243	79	136
324	244	79	136
325	245	79	135
327	244	79	136
331	244	77	136
336	244	73	136
345	244	66	135
352	244	60	136
360	246	59	133
363	244	58	134
367	244	58	134
371	243	60	135
375	243	63	135
376	241	75	136
378	245	76	133
379	243	79	136
379	244	79	134
381	241	79	137
383	241	79	137
386	241	78	136
390	243	74	134
397	243	67	135
401	241	66	137
412	242	60	135
415	241	60	135
421	241	60	135
425	241	60	135
428	240	61	136
432	241	65	133
433	242	69	132
432	242	74	133
433	241	77	135
437	244	74	136
444	245	70	135
441	244	74	135
427	246	76	133
361	237	115	144
359	231	105	150
365	225	93	154
373	226	87	153
381	224	83	152
387	230	81	147
395	229	85	148
411	237	95	140
403	239	72	140
403	239	64	140
404	240	64	138
406	240	68	138
408	241	69	138
410	240	71	137
411	241	74	136
414	241	73	136
418	241	74	134
423	247	69	129
425	241	70	134
432	241	67	135
444	240	66	134
466	249	64	123
487	245	63	128
510	240	72	133
522	245	72	126
527	237	75	135
537	238	67	134
540	235	65	137
544	236	62	136
546	235	62	136
547	235	63	136
547	234	64	137
549	235	62	136
549	235	61	136
549	235	62	135
548	234	66	135
545	235	69	134
544	235	72	135
541	234	76	135
540	236	77	134
535	237	81	133
531	239	84	132
529	238	84	132
524	242	87	129
524	242	85	129
525	244	84	127
523	244	85	127
522	250	86	122
518	246	91	124
512	254	91	118
508	244	79	128
505	250	77	122
503	246	73	127
495	245	72	127
490	247	70	124
486	247	67	124
479	247	78	125
475	250	80	120
465	256	89	115
458	264	95	107
452	258	99	115
450	264	100	108
444	257	102	115
437	253	104	118
430	255	96	118
423	255	71	119
412	254	72	118
417	251	70	122
416	251	64	121
411	247	65	125
402	258	68	115
397	249	75	123
391	263	79	109
387	252	74	122
384	253	73	123
386	248	68	126
386	246	69	128
386	244	69	131
386	247	70	128
386	246	71	130
386	244	74	132
386	241	74	134
386	244	74	131
384	240	76	136
385	242	75	134
384	243	75	132
387	245	74	128
386	246	80	128
386	250	82	125
386	252	86	124
389	253	92	121
390	258	91	117
390	260	100	114
388	269	102	105
393	272	97	102
399	265	90	108
431	262	65	110
430	263	66	108
431	261	68	109
435	260	69	110
443	261	66	110
447	253	67	118
448	257	71	114
455	257	67	115
466	252	64	118
465	254	73	115
471	252	81	118
461	260	99	108
467	260	96	109
482	259	85	110
490	255	76	115
489	257	77	113
491	256	76	114
489	256	78	113
487	255	80	115
485	254	82	117
482	255	84	118
478	255	87	118
475	257	91	120
473	256	94	124
469	255	96	125
467	253	97	125
466	251	94	126
466	246	87	130
465	243	78	130
460	241	66	132
459	239	59	133
457	238	56	134
454	237	56	135
440	239	69	134
444	239	66	134
439	239	70	134
440	238	68	134
444	239	62	135
441	238	63	136
441	239	65	135
441	238	63	135
442	239	64	137
447	240	59	136
445	243	60	133
448	243	60	134
450	251	66	127
442	242	64	136
441	241	65	135
441	240	64	136
442	239	63	141
442	239	64	142
440	238	66	138
439	238	66	138
439	238	66	138
439	238	66	137
438	238	66	135
438	238	68	135
437	238	68	135
435	238	69	135
434	238	70	135
433	238	71	135
432	238	70	135
432	238	66	136
432	237	64	137
432	237	65	138
431	237	65	137
431	236	65	138
430	236	65	139
430	235	66	139
429	234	66	139
428	233	68	140
427	233	70	141
427	232	68	141
427	233	67	141
427	234	65	140
426	234	66	140
426	234	65	140
426	235	65	140
423	234	65	141
423	234	66	141
422	233	68	142
420	234	70	141
415	233	74	142
411	234	77	142
409	234	79	142
408	234	80	143
407	233	81	144
408	234	77	142
406	237	77	140
404	239	82	140
392	235	94	144
386	233	101	145
383	232	91	147
389	231	73	147
392	231	68	144
392	230	65	144
391	230	62	146
389	230	61	146
386	230	63	146
384	230	64	146
385	230	63	145
388	229	60	147
392	230	55	147
395	230	53	147
395	231	53	148
395	230	53	147
395	231	54	148
393	232	55	146
393	232	58	146
391	232	60	147
391	231	60	148
390	232	60	148
389	232	61	148
390	232	61	147
391	232	58	147
392	233	58	146
394	233	57	146
397	233	55	146
399	234	54	146
395	234	56	146
392	235	61	146
390	235	63	145
390	234	65	145
389	234	66	145
387	234	68	144
387	234	67	145
385	234	67	146
387	233	65	146
387	233	64	145
388	234	61	144
389	235	62	144
390	234	59	145
390	235	60	145
390	235	59	144
389	236	60	143
389	237	61	142
388	237	61	142
387	237	63	142
383	237	66	143
382	236	69	143
379	235	70	143
377	237	74	141
374	237	76	141
371	238	78	141
370	237	79	142
369	238	79	142
368	240	78	140
367	241	75	139
367	239	74	141
366	238	74	142
365	239	75	142
365	239	75	141
363	238	78	143
363	237	78	143
363	236	78	144
363	237	79	143
363	236	78	145
365	238	76	141
368	240	73	141
371	240	72	142
372	238	72	144
373	234	72	147
372	234	75	147
373	233	75	147
375	235	74	145
377	235	73	146
379	235	73	146
386	235	68	145
391	234	65	146
394	236	63	145
397	236	62	145
400	236	61	145
402	236	60	144
405	239	58	143
407	239	59	141
407	239	63	141
407	240	67	140
408	240	68	138
410	241	69	137
412	240	69	138
415	239	67	140
419	240	65	138
421	238	66	141
429	239	63	139
432	239	64	139
435	239	65	138
438	239	65	137
440	239	67	138
444	241	67	137
446	240	69	138
448	240	73	137
449	239	76	137
452	240	78	136
453	239	78	136
456	240	76	136
458	240	74	137
461	239	73	137
462	240	74	136
464	238	73	138
466	237	74	140
471	238	74	138
473	237	74	138
481	236	68	139
492	239	62	137
495	240	62	137
495	239	64	136
497	240	66	134
499	238	67	138
504	247	65	128
506	248	66	128
508	245	65	129
511	241	69	133
516	243	71	132
519	244	72	132
525	247	69	127
531	250	67	123
537	247	65	125
542	244	64	130
549	240	59	135
552	240	60	134
555	239	65	135
558	237	66	138
560	236	70	138
561	237	73	138
562	235	75	140
563	234	79	140
565	233	86	141
565	236	90	137
569	239	88	135
587	237	70	136
589	237	70	135
593	236	71	137
600	235	70	138
607	233	67	139
608	234	69	138
617	234	64	138
624	234	66	137
633	238	70	131
648	239	76	130
660	244	74	125
674	243	73	126
685	244	73	125
694	244	75	125
714	241	72	128
734	241	65	128
743	233	68	136
747	235	69	135
750	235	70	135
756	234	72	136
757	232	76	138
759	234	78	135
761	233	81	136
760	238	84	130
762	241	84	128
763	236	83	133
765	241	84	126
768	236	83	132
772	234	78	132
780	232	71	136
782	232	68	135
784	232	66	137
787	232	62	139
788	232	59	137
789	233	58	137
789	233	58	137
786	233	60	137
785	232	62	137
784	231	63	137
784	231	64	138
786	231	61	138
786	231	61	139
787	231	59	139
788	231	58	138
789	231	58	140
789	230	57	139
788	232	57	140
789	231	58	138
789	232	59	138
789	232	60	136
788	233	60	136
789	232	61	136
788	233	61	136
788	233	62	136
788	233	64	136
788	233	62	137
789	232	61	137
790	232	60	137
790	232	60	137
791	233	60	137
791	233	60	137
791	232	60	138
793	232	61	138
794	231	62	137
793	231	64	138
796	231	61	138
800	232	60	138
803	232	60	137
805	232	58	136
806	233	60	136
807	233	62	134
807	232	64	135
809	232	65	135
810	232	67	135
812	232	69	134
814	233	72	136
815	233	76	135
814	233	80	136
815	234	79	133
816	233	83	134
818	234	85	134
820	233	82	134
821	234	82	134
822	233	81	134
822	234	80	133
824	233	78	133
826	233	74	133
828	234	66	134
830	233	62	135
832	233	61	135
833	234	57	133
834	233	55	132
835	234	54	131
836	234	54	130
838	234	52	131
838	234	51	130
835	234	53	130
833	234	55	132
830	234	60	131
828	233	62	131
827	233	63	129
826	233	64	128
826	232	65	129
828	232	62	129
831	232	59	129
836	232	56	130
839	232	55	130
840	232	54	131
840	232	53	131
841	233	54	130
841	232	51	130
840	233	53	131
840	233	51	131
839	232	52	132
838	233	52	133
837	232	53	134
835	232	54	134
833	232	57	133
829	233	61	132
825	233	66	133
819	234	70	132
816	235	73	133
812	235	77	133
812	235	77	135
811	234	76	136
811	234	74	135
810	233	73	137
810	232	69	138
810	230	64	138
811	229	60	139
809	231	57	137
801	233	59	135
844	237	61	127
815	237	68	126
743	234	62	135
738	234	59	136
737	233	58	136
736	233	58	136
737	232	56	138
737	230	56	141
739	227	56	142
741	226	61	142
745	224	68	146
746	225	77	146
747	225	77	147
751	225	73	145
753	227	71	143
754	228	70	142
754	228	70	142
755	228	64	141
754	228	60	142
752	228	60	143
747	228	65	144
745	226	67	146
741	224	69	146
736	223	74	147
731	221	79	151
728	218	82	153
726	217	83	154
721	217	87	154
716	218	92	155
714	219	92	154
719	219	88	152
714	219	90	155
713	220	90	152
717	221	88	151
730	219	75	154
740	218	66	155
734	217	68	154
733	217	69	154
732	216	70	156
736	216	67	157
738	216	64	158
740	218	62	158
740	221	62	157
738	223	67	155
735	224	70	153
729	225	76	151
717	225	85	153
682	225	94	153
748	219	71	161
753	218	79	160
755	218	83	160
749	218	97	160
761	217	90	159
763	217	94	159
765	217	97	161
766	217	98	161
768	216	96	163
770	215	96	164
775	214	92	164
781	216	90	162
780	213	92	164
791	216	86	160
796	212	83	164
801	210	85	165
808	211	82	165
812	209	76	167
815	210	84	166
811	212	84	164
804	213	84	164
815	216	79	160
814	215	80	162
822	214	79	162
819	213	81	162
826	216	80	160
817	216	88	161
797	222	111	153
804	230	103	143
804	231	104	142
806	230	106	144
835	230	84	144
835	228	84	146
838	233	90	140
848	234	94	140
844	234	105	139
843	237	109	136
851	235	103	135
854	232	101	136
850	238	103	130
848	235	101	134
854	237	95	132
849	235	99	134
851	235	97	133
853	237	99	133
850	237	102	134
854	240	90	129
839	241	78	126
811	243	82	122
812	243	78	121
826	239	76	126
843	242	69	123
841	244	68	122
832	239	77	126
834	241	83	125
832	242	84	123
835	242	83	123
830	240	88	126
829	243	89	124
827	244	90	122
820	242	96	123
811	249	103	117
808	249	103	117
809	250	95	115
810	249	80	115
813	243	62	121
810	238	62	125
802	244	67	117
802	239	63	123
787	247	72	116
755	247	82	119
709	253	84	113
682	250	86	119
661	253	98	115
660	252	97	115
641	251	101	119
659	251	80	116
665	250	71	117
669	250	64	118
669	244	61	123
666	246	62	120
662	247	63	119
661	244	64	124
660	244	64	124
656	243	65	125
654	241	68	128
655	243	67	128
658	242	64	128
656	243	68	126
648	243	73	125
647	240	75	129
651	240	69	128
651	241	68	126
650	241	69	128
651	241	67	127
658	242	67	125
671	244	71	120
669	240	68	123
704	240	76	122
717	235	75	125
724	232	76	130
723	234	81	131
726	234	83	131
725	235	87	130
722	238	90	128
721	243	92	124
713	245	100	123
705	247	106	120
697	248	115	119
685	248	121	120
678	249	124	120
670	252	126	118
672	254	108	116
667	245	90	127
664	244	88	128
658	244	91	128
651	245	97	127
634	244	113	130
619	251	128	121
607	252	139	122
602	253	133	120
595	253	125	122
593	255	131	119
592	252	134	122
583	251	141	123
566	248	88	127
553	243	79	131
541	248	92	126
532	255	89	118
525	254	83	121
521	250	74	126
519	254	73	120
522	252	66	121
527	249	66	125
533	249	68	125
544	250	64	123
550	249	69	125
556	251	77	124
552	249	71	126
557	251	78	123
550	249	75	123
548	250	75	123
541	250	77	124
535	250	88	124
531	253	87	121
527	252	81	121
525	252	82	122
525	252	85	121
522	253	84	120
522	256	86	118
520	258	80	117
521	258	79	116
520	260	80	113
527	260	74	114
531	258	74	115
534	255	70	118
537	253	70	120
536	252	75	121
537	250	76	122
540	250	73	122
542	253	75	119
540	253	77	119
530	253	85	119
527	254	90	119
524	255	94	118
521	255	90	119
522	256	90	117
525	255	83	117
529	255	80	119
528	257	71	116
531	256	78	117
527	254	70	118
530	254	77	119
524	254	73	119
525	250	79	123
521	249	76	124
524	250	69	124
493	251	63	122
506	250	63	123
544	249	63	122
538	249	71	121
517	250	67	122
531	251	80	123
549	247	73	126
548	248	72	127
549	248	75	127
548	248	73	127
548	247	74	127
548	247	74	127
547	247	81	127
594	246	83	125
608	248	92	123
602	247	77	127
605	247	82	124
612	245	84	125
613	245	87	124
614	242	81	127
614	241	70	128
615	241	65	129
618	241	64	130
619	241	64	128
620	241	65	129
623	241	67	128
623	243	71	127
621	242	75	128
620	243	76	127
619	242	79	127
615	242	83	127
614	243	84	127
614	243	81	127
614	243	78	126
612	243	78	125
611	243	71	125
609	243	70	124
611	244	66	124
611	243	66	124
610	244	67	124
609	245	67	124
609	244	67	124
608	245	67	124
608	244	68	125
607	245	68	125
602	245	74	125
601	246	74	125
603	246	72	126
603	245	73	126
600	246	74	126
597	246	75	126
595	246	78	127
581	247	89	127
570	243	94	136
543	240	76	143
541	240	75	140
535	240	76	137
531	239	74	140
530	239	74	142
534	240	72	139
531	241	73	138
526	238	73	142
580	247	71	130
604	254	78	124
599	255	84	124
579	254	99	122
521	254	77	121
520	253	68	122
531	253	62	120
529	253	62	119
528	254	60	118
530	253	58	119
530	254	57	119
533	255	55	118
532	255	55	118
524	254	56	115
519	255	59	116
519	255	57	118
517	254	57	118
514	253	58	120
509	253	60	119
509	253	58	120
508	251	58	120
510	253	55	119
511	253	54	119
512	253	54	119
511	254	54	118
512	255	53	118
513	254	52	118
514	255	52	118
515	255	51	117
514	255	52	118
514	255	52	117
511	255	55	118
507	254	58	119
511	251	57	122
510	252	58	121
513	251	57	122
513	253	58	120
512	251	58	122
512	250	61	123
511	250	65	123
515	251	64	121
518	249	68	123
521	250	73	120
515	251	80	120
520	251	79	121
517	251	79	120
518	251	78	121
512	251	83	120
513	249	82	124
504	251	89	123
495	249	93	126
495	250	85	126
493	252	81	122
490	251	75	121
487	252	76	120
487	251	75	121
484	251	76	120
479	252	81	121
482	251	77	121
484	251	76	121
483	252	78	121
485	250	77	122
482	251	78	121
484	251	78	122
486	251	78	121
492	252	72	120
494	252	72	120
496	252	70	121
499	251	68	120
499	252	68	120
499	252	68	120
500	251	67	120
500	251	67	121
498	252	68	120
500	252	66	120
500	251	67	121
500	251	66	121
501	251	65	121
500	250	65	121
500	251	65	120
506	250	66	121
513	251	73	122
524	254	84	117
545	252	82	119
552	252	80	120
553	251	79	120
548	252	84	119
554	250	80	121
547	251	85	120
545	251	85	121
549	251	80	121
562	249	65	122
562	250	61	123
562	250	60	123
561	249	59	123
558	248	61	126
554	248	63	125
552	248	64	125
545	248	68	126
543	248	69	124
542	248	69	124
540	249	71	124
539	250	75	122
529	250	77	128
507	232	79	150
491	228	87	153
485	228	85	148
478	227	90	149
470	225	93	152
477	224	92	157
472	224	84	157
474	225	93	152
474	223	85	154
467	224	83	155
474	224	81	154
469	224	75	156
469	226	75	152
471	225	73	151
471	225	70	156
465	225	76	154
470	225	71	153
472	225	69	155
471	225	70	158
470	225	70	156
469	222	66	164
458	216	71	166
424	209	91	178
412	205	89	175
395	198	89	185
389	200	93	184
387	203	93	176
384	202	95	176
381	194	96	184
387	211	91	172
381	231	87	150
380	216	89	166
381	229	81	156
384	224	82	163
387	203	85	186
384	218	86	173
385	213	85	178
385	216	84	173
383	215	82	174
381	225	82	164
376	229	80	160
374	236	75	149
373	227	71	160
372	226	73	162
372	230	72	156
372	229	73	154
375	243	74	141
371	239	72	140
370	255	70	127
378	265	79	115
365	252	76	128
368	255	83	123
396	254	71	121
387	253	71	122
381	251	69	125
377	251	64	127
374	249	61	131
371	248	61	130
374	245	60	135
372	243	62	135
373	242	62	143
328	238	72	148
335	238	67	150
338	237	69	152
342	235	74	152
337	234	66	155
343	236	66	154
351	237	74	150
337	238	72	149
337	239	77	149
335	239	80	151
342	240	85	150
397	256	80	130
405	260	74	121
409	255	74	125
417	255	79	124
427	250	76	126
433	247	71	124
429	244	76	128
426	244	80	126
430	246	83	125
434	244	81	126
438	245	77	125
448	246	69	123
450	243	66	126
452	241	66	128
458	240	61	129
459	240	61	132
459	238	60	137
459	237	59	135
461	241	59	130
458	247	60	126
356	239	68	143
354	241	69	144
355	240	69	145
355	241	66	144
354	242	65	142
353	243	63	140
351	248	64	137
349	251	64	131
352	244	63	138
353	249	65	135
455	246	61	130
453	247	61	129
450	247	62	126
447	248	63	127
441	248	66	127
439	247	65	125
434	248	70	126
435	247	67	127
429	252	69	123
425	251	71	124
422	253	74	122
417	256	78	119
414	263	81	112
415	263	78	109
414	264	79	109
411	264	80	109
412	263	80	109
410	263	80	110
410	264	82	110
410	261	84	110
409	263	82	109
409	261	82	111
408	259	82	113
407	255	83	117
404	254	85	118
404	253	84	119
402	252	85	121
400	252	88	120
397	250	91	122
394	247	94	124
395	246	93	126
391	248	97	125
387	247	101	125
384	251	104	121
380	251	106	121
380	250	106	123
378	248	107	124
376	251	107	121
373	249	100	122
370	251	93	119
372	250	84	120
370	249	78	122
370	249	74	122
367	238	72	134
364	242	72	128
362	240	72	130
361	238	71	132
358	240	70	131
357	236	72	138
354	244	62	129
353	240	62	133
350	242	68	132
354	250	71	124
350	251	76	123
354	252	73	122
353	254	75	121
348	254	85	120
350	257	90	119
350	261	90	116
353	261	87	117
353	262	88	115
353	264	89	115
350	265	95	114
351	267	96	113
350	266	96	115
351	265	95	115
350	264	95	115
348	265	97	114
349	263	94	116
347	263	96	116
346	263	96	117
345	263	95	117
346	263	94	116
345	264	95	115
344	264	97	116
344	265	97	114
344	264	99	115
343	267	103	112
336	270	108	112
348	273	101	109
342	271	105	114
354	272	100	111
366	265	87	112
369	255	79	117
375	253	76	119
372	247	76	123
376	242	77	128
374	237	76	134
370	224	78	147
371	223	78	147
323	242	75	132
325	243	75	131
326	244	74	130
329	243	77	130
330	245	74	128
337	241	74	131
338	240	73	131
391	222	70	144
387	226	75	141
393	235	70	130
400	239	66	127
409	241	58	125
410	241	56	127
409	240	58	127
409	240	60	128
408	238	59	130
409	237	58	131
409	236	58	132
409	235	58	132
407	235	61	130
407	237	63	129
405	236	65	130
405	237	67	129
404	239	67	128
406	240	63	127
406	242	63	127
403	243	66	126
400	247	67	127
396	252	71	127
388	255	73	126
376	255	80	127
382	253	73	129
380	253	69	128
375	252	66	129
372	253	60	128
369	251	59	130
365	251	60	130
360	251	63	129
357	251	66	129
346	252	75	129
344	251	75	129
338	250	79	131
333	253	81	129
328	253	82	128
322	254	78	127
320	254	66	129
316	254	65	129
311	251	67	131
307	249	68	134
304	245	69	138
303	243	69	139
300	243	70	139
298	242	69	140
297	243	66	139
294	244	63	139
291	244	65	137
288	245	64	137
285	245	63	136
281	245	62	136
277	243	60	138
273	243	61	140
270	242	64	140
266	242	64	141
265	242	61	140
260	243	62	140
254	244	64	138
252	245	63	139
248	244	63	138
245	243	65	141
239	241	68	144
236	239	68	145
232	238	69	145
231	239	67	146
228	240	66	144
225	241	66	144
224	242	64	144
222	242	63	144
218	241	66	144
214	239	71	149
209	237	74	150
203	236	76	151
198	236	78	152
193	237	79	151
189	237	78	150
182	237	72	151
178	237	70	153
173	235	72	155
169	232	72	157
165	230	74	159
159	230	75	161
155	229	76	162
153	231	72	160
151	232	72	161
149	232	70	161
143	231	71	162
136	230	72	163
131	228	73	165
125	226	78	167
117	224	82	171
107	222	91	172
83	222	114	173
85	223	111	171
87	225	107	170
91	225	94	170
93	224	82	173
92	221	80	176
88	218	82	178
86	217	83	181
84	217	84	181
81	216	85	182
80	216	86	184
79	219	85	182
76	219	88	182
72	220	92	181
70	219	95	184
67	217	97	186
68	217	97	186
68	217	97	185
69	216	95	185
71	215	97	189
78	216	95	186
66	216	100	185
73	217	98	187
72	216	97	188
75	217	99	189
72	215	99	191
72	210	101	199
70	207	106	201
65	208	109	200
66	210	104	199
66	208	107	201
68	215	110	194
70	217	111	193
159	240	89	162
162	238	84	159
163	237	83	157
164	237	82	159
167	236	78	159
170	237	75	157
176	239	75	155
180	242	73	153
183	242	76	151
180	238	77	158
148	231	99	175
148	226	118	184
140	204	116	204
140	199	118	213
142	192	120	217
146	188	123	222
150	190	131	221
155	191	137	217
169	194	136	212
182	199	135	203
202	197	120	206
198	220	103	186
200	215	86	190
211	207	102	200
244	199	123	202
237	213	132	186
214	216	100	186
220	228	88	169
227	228	83	168
229	226	93	170
236	224	105	173
236	220	125	175
239	215	128	182
236	219	124	177
246	226	125	168
275	224	121	167
290	224	110	166
307	224	104	167
309	223	110	169
311	221	112	171
314	219	112	172
320	215	113	177
324	213	113	178
330	214	113	178
346	214	101	177
354	215	96	177
370	218	85	173
382	219	82	173
390	219	82	174
396	221	86	171
399	222	91	168
401	224	97	164
401	228	109	161
400	227	107	161
408	223	108	164
406	226	101	160
407	227	101	160
471	227	90	158
421	228	90	157
426	225	83	160
432	228	78	155
441	228	77	156
451	232	93	152
449	229	99	155
453	230	99	155
453	229	94	155
455	228	90	155
448	229	91	157
440	229	103	155
429	230	114	155
423	243	118	143
430	231	117	154
419	239	128	145
463	227	87	157
438	233	108	147
401	245	108	130
472	226	77	156
476	224	82	158
479	222	77	161
479	221	81	161
482	222	81	161
482	222	82	159
490	224	86	158
484	223	79	160
491	223	80	158
490	225	78	158
490	225	83	156
488	226	87	155
489	226	91	155
489	226	90	158
486	228	99	154
481	227	99	155
473	226	110	155
466	225	119	156
465	226	129	156
461	229	136	153
462	228	144	152
460	228	143	153
461	227	142	155
462	227	141	155
464	227	139	156
469	227	131	157
472	229	125	157
472	228	119	158
470	228	119	159
462	229	124	157
459	229	124	157
456	230	127	156
462	228	116	156
467	228	104	158
455	225	107	159
416	235	129	148
423	232	122	154
441	226	106	160
457	221	86	167
458	221	82	167
459	220	76	169
455	221	70	167
452	224	67	166
449	223	66	165
316	273	81	106
312	272	85	107
301	271	94	110
299	269	96	112
295	265	99	115
291	261	100	120
288	259	101	121
286	247	97	132
281	243	96	137
279	244	94	136
276	245	96	137
278	243	94	137
277	245	90	137
276	248	91	134
276	256	89	126
275	264	82	119
277	255	78	126
281	260	67	123
281	250	64	133
282	254	65	128
277	266	67	120
276	264	68	121
275	252	70	131
284	251	65	132
289	251	63	133
293	264	63	119
299	266	58	116
297	261	60	119
299	256	63	124
303	275	62	108
299	249	62	133
304	264	63	118
303	254	64	126
305	263	65	118
303	255	67	126
307	266	64	116
305	255	64	125
308	267	60	115
305	259	63	123
307	265	61	118
306	261	60	120
306	262	60	118
305	259	61	120
303	263	61	116
301	264	61	116
300	264	62	116
299	263	62	117
298	264	62	117
298	266	62	116
296	264	63	117
295	267	62	114
295	265	62	116
295	265	60	116
293	265	59	115
292	265	57	118
291	265	57	116
288	266	59	114
285	266	62	114
284	266	61	117
242	268	98	119
237	271	104	117
236	268	103	120
248	267	89	118
254	266	77	120
265	265	67	120
272	267	60	119
264	266	64	119
274	267	58	119
272	266	61	120
268	266	64	121
268	267	67	121
265	267	69	120
268	267	69	119
272	267	64	118
268	267	64	118
261	267	54	117
260	265	57	119
256	266	60	119
259	267	61	119
254	267	62	119
255	267	64	118
256	267	65	119
258	267	63	118
260	267	66	120
259	266	69	120
248	266	57	118
257	267	66	118
246	267	52	117
295	268	66	117
301	268	69	115
305	266	64	118
306	265	62	119
308	265	61	121
315	265	59	120
313	265	57	120
318	264	57	120
312	262	55	122
318	264	53	120
318	264	55	120
320	266	55	120
317	264	57	120
318	265	56	121
314	265	60	119
314	265	63	119
313	265	65	120
311	264	67	120
309	263	68	122
309	263	68	121
246	264	64	121
247	265	60	121
303	266	70	119
301	265	71	120
300	267	69	118
304	266	66	119
303	266	66	119
309	266	64	120
310	267	62	119
311	267	61	120
313	266	62	120
314	267	60	118
315	267	61	118
313	267	64	118
316	267	63	118
313	266	65	119
317	266	64	118
315	266	64	119
317	267	62	118
317	266	61	119
313	267	61	118
300	266	69	119
305	266	65	120
304	265	63	122
306	266	60	121
306	267	59	122
303	269	62	122
305	268	65	124
302	267	67	125
305	265	65	126
297	258	74	125
295	257	80	125
299	257	79	125
300	256	81	124
304	255	77	126
310	255	75	126
314	254	75	128
314	253	75	128
312	253	77	128
310	253	81	127
301	253	94	128
300	255	97	125
296	255	100	124
295	257	102	123
294	254	101	124
294	257	101	123
292	258	103	122
291	259	104	121
296	261	102	118
292	262	102	118
298	261	96	117
302	260	102	120
293	256	89	123
315	261	96	119
297	256	93	123
296	259	93	121
294	257	109	121
292	256	92	121
298	256	94	123
288	254	96	125
284	259	101	120
288	260	101	114
422	250	83	119
414	248	103	120
397	252	111	118
389	251	144	120
382	249	130	122
377	249	127	123
374	249	125	122
377	249	144	122
369	248	117	123
362	243	105	128
383	243	96	125
379	241	89	130
369	240	89	132
369	236	78	135
361	235	80	134
356	234	78	137
354	237	75	134
354	239	69	135
353	240	64	135
355	240	63	135
347	238	63	137
349	237	59	136
345	237	61	136
339	239	63	132
323	240	68	129
275	251	69	122
272	250	72	125
274	244	69	130
271	252	69	123
273	248	69	128
274	246	67	130
274	244	68	132
274	248	66	127
274	240	68	137
272	243	71	132
271	245	69	129
269	240	70	136
268	244	69	132
263	248	75	128
261	245	75	132
260	248	76	127
257	246	79	130
254	249	79	127
254	251	78	126
254	251	77	126
253	254	79	123
254	254	77	124
254	250	73	127
250	249	74	129
208	251	69	128
214	249	76	132
260	246	80	134
265	245	77	133
266	243	79	136
272	243	73	135
272	241	73	137
273	240	71	137
276	240	66	135
280	240	62	133
283	239	60	134
283	239	60	134
285	241	58	133
285	242	59	134
286	243	59	131
287	242	58	131
287	242	58	132
285	241	61	132
286	242	61	132
284	241	63	132
285	241	64	132
287	242	64	131
289	244	66	129
290	244	66	129
292	246	67	128
294	248	69	126
292	250	71	125
292	250	73	124
298	253	73	122
299	253	76	124
306	255	68	122
309	255	65	120
313	253	66	122
316	250	69	124
321	249	67	123
327	249	65	125
333	246	61	127
337	245	59	128
341	244	57	129
344	243	56	129
346	243	56	129
347	242	60	131
347	241	63	132
348	240	72	132
350	240	70	133
349	240	73	132
350	239	76	133
352	239	79	135
354	238	84	136
362	239	78	136
369	239	72	134
374	238	72	135
457	248	57	120
457	249	59	120
458	249	61	119
459	248	62	119
460	248	63	121
463	247	63	122
467	248	61	121
471	248	59	120
477	248	60	121
481	247	61	123
487	246	65	122
490	244	69	127
492	242	73	130
494	240	78	132
498	235	81	137
493	236	86	136
490	238	86	134
442	250	65	119
450	250	60	117
453	248	60	119
454	247	61	120
458	246	67	123
459	245	73	123
461	242	79	128
462	244	76	124
467	242	74	127
469	242	73	128
474	242	69	129
483	240	64	129
487	239	62	130
495	237	59	131
499	238	59	129
503	236	60	131
512	237	57	131
515	234	58	134
516	234	60	135
518	234	59	135
520	234	61	135
524	234	63	134
527	232	71	137
532	230	82	139
536	229	92	138
540	229	103	137
533	223	97	143
533	223	91	150
531	216	90	159
541	211	89	164
542	209	89	168
546	208	78	166
547	214	80	162
554	219	85	156
568	229	78	143
574	227	81	145
578	228	75	142
582	225	72	143
586	224	74	142
652	237	71	128
656	236	70	129
659	236	69	130
664	236	66	129
669	236	63	128
682	237	55	128
683	238	56	127
615	228	54	139
614	229	62	141
615	227	67	138
618	226	68	141
618	227	68	139
620	228	71	138
621	229	72	138
623	228	72	138
625	229	70	136
630	230	67	132
637	233	63	129
638	235	63	129
639	237	64	129
640	238	66	127
640	238	68	125
641	243	70	121
646	243	68	120
645	243	68	120
642	246	71	116
643	246	72	117
644	243	71	121
644	243	72	120
645	245	73	118
646	246	72	117
646	247	73	116
647	248	73	115
648	247	72	116
648	247	72	116
650	247	72	115
650	246	72	118
649	243	74	122
650	242	73	124
650	239	74	126
649	238	74	126
649	236	75	128
649	232	76	132
648	229	76	134
649	228	77	135
651	227	76	135
651	226	75	137
656	224	70	143
659	224	68	141
661	224	66	141
663	224	65	142
665	224	64	143
668	223	63	144
669	222	62	144
671	222	63	145
671	221	62	144
671	221	63	144
672	220	63	145
673	220	64	145
673	220	66	143
674	220	67	144
676	219	67	145
678	220	69	145
678	220	69	145
679	220	69	146
679	220	71	144
680	219	69	144
681	219	68	147
681	219	67	146
682	219	65	146
683	219	63	146
683	219	62	146
682	219	61	146
679	219	62	147
679	219	61	147
677	219	63	145
676	219	65	147
676	220	64	147
676	220	64	148
676	219	64	148
674	220	66	147
672	220	69	147
669	219	73	147
671	217	70	147
671	217	69	145
667	218	72	145
664	218	74	146
664	217	73	148
665	218	71	148
666	217	70	149
667	218	68	147
666	219	70	148
664	218	71	149
665	218	70	151
665	219	70	153
662	219	74	151
654	215	77	155
656	214	74	154
652	223	74	150
651	221	73	152
651	247	71	128
651	235	67	137
635	238	80	135
524	227	73	149
527	224	74	149
528	223	71	151
533	224	70	152
541	225	63	152
541	225	63	151
629	235	71	136
637	239	58	129
642	243	51	123
641	242	50	123
641	241	51	124
640	227	51	139
637	222	57	143
636	224	55	142
635	224	55	142
632	224	57	142
629	223	60	142
626	223	63	143
624	223	64	144
620	221	68	146
618	220	68	147
616	220	67	148
613	221	69	147
610	222	71	147
607	223	73	146
603	223	76	145
598	224	81	144
591	224	87	144
586	224	92	143
583	225	89	140
579	223	85	143
577	224	80	140
576	224	74	142
574	222	71	144
572	222	68	147
570	223	71	145
568	224	73	145
565	224	76	145
562	226	78	145
556	225	82	147
550	230	86	143
545	228	90	144
537	230	90	143
537	229	83	143
532	228	81	144
530	230	72	142
527	229	65	142
522	230	61	141
517	228	62	145
513	230	65	143
510	229	66	144
505	230	68	143
500	229	69	143
499	230	67	142
496	231	66	142
493	232	68	141
485	234	74	138
485	234	72	140
480	233	71	138
490	233	66	135
488	232	62	139
486	234	62	135
486	233	61	136
480	235	65	135
482	232	59	137
483	232	57	137
482	233	56	137
488	240	54	135
489	244	55	128
470	248	60	123
466	241	62	130
473	237	67	134
478	233	74	139
484	238	78	133
481	235	68	135
488	235	64	136
496	237	64	134
489	237	71	135
490	235	69	137
489	233	70	139
489	233	66	140
492	237	64	133
494	240	64	133
491	235	66	138
495	234	68	137
499	233	69	140
501	233	69	141
518	232	65	141
524	234	62	138
519	235	67	136
521	234	78	137
530	237	77	133
539	235	74	133
540	237	66	131
547	239	62	126
546	245	56	119
547	245	52	116
549	248	52	118
553	247	54	115
551	254	71	114
577	265	89	98
574	266	92	98
567	266	96	99
549	242	87	128
558	242	75	129
564	246	75	124
572	242	75	127
572	240	67	127
571	234	65	132
573	234	66	132
574	232	63	135
576	231	63	136
579	232	63	137
580	231	64	136
581	231	61	137
580	231	62	138
580	231	63	138
579	230	63	139
580	230	61	139
578	230	63	138
580	231	60	137
579	231	61	136
580	230	61	136
582	231	59	136
582	230	60	137
583	230	58	138
583	229	57	138
584	230	56	137
583	230	57	137
582	229	57	137
580	230	57	136
579	231	58	134
577	236	58	130
577	233	58	133
576	233	58	131
575	234	58	131
575	231	58	133
573	235	59	131
578	239	54	127
576	245	57	122
580	254	61	111
631	266	57	96
632	268	54	94
633	264	54	97
632	266	55	96
635	266	55	96
630	263	60	98
630	261	59	101
621	257	64	105
630	261	61	101
625	257	62	107
610	252	68	112
576	231	56	137
576	232	53	133
578	232	52	134
579	232	55	133
579	232	56	134
580	231	56	134
582	232	57	133
584	232	60	133
589	234	58	131
591	234	57	132
592	233	57	132
592	233	58	133
593	232	61	133
594	233	63	132
596	232	64	133
596	232	68	132
597	232	71	132
598	231	73	133
599	233	75	132
600	232	72	132
602	233	71	133
606	233	68	133
609	234	72	132
620	234	71	130
623	233	70	132
625	232	73	133
627	232	70	134
628	233	69	132
636	236	67	129
639	234	68	130
646	236	63	129
650	237	67	125
653	235	67	128
655	245	70	119
656	239	69	124
657	241	78	121
660	249	76	112
660	244	79	119
663	246	81	116
670	252	77	110
672	246	76	115
682	236	68	125
683	234	71	125
699	235	57	123
706	234	51	123
711	240	48	120
712	242	50	118
724	243	73	118
718	240	80	125
712	241	84	124
714	243	84	123
743	245	68	116
758	239	74	118
765	229	72	129
766	222	77	135
772	221	75	134
778	216	82	141
785	212	85	141
789	209	90	147
795	206	89	147
801	206	83	145
801	207	88	144
805	211	92	142
813	213	89	141
822	218	83	139
828	219	78	139
834	219	74	138
838	220	70	138
845	218	64	140
849	217	62	141
849	216	65	140
846	216	70	140
845	214	73	142
844	214	76	142
843	213	77	143
844	214	77	141
844	214	76	140
844	213	77	141
844	213	78	141
842	212	80	143
841	213	82	143
839	213	82	142
839	215	82	141
837	216	85	141
834	215	87	140
834	216	85	139
832	215	81	141
831	214	75	142
830	213	71	141
828	213	69	141
826	212	66	143
825	213	64	142
824	212	64	143
822	213	65	144
821	213	65	141
819	214	67	140
817	214	69	141
816	216	70	139
815	217	72	139
813	217	72	139
811	218	74	139
809	218	75	139
810	217	72	140
808	217	74	139
806	217	75	139
804	216	75	140
802	217	77	140
800	216	76	140
798	217	79	138
793	217	85	138
790	217	76	140
786	216	74	141
782	216	78	141
779	216	81	142
776	217	82	143
775	217	82	142
775	217	82	143
773	217	80	144
771	217	77	144
769	217	73	144
766	217	73	147
764	215	70	147
760	214	67	147
758	213	65	150
755	213	65	148
753	213	63	150
750	213	61	151
747	214	58	151
743	215	58	149
739	216	60	150
737	215	63	149
735	214	63	149
734	214	64	150
733	214	63	151
735	215	62	151
735	215	62	150
735	215	60	149
735	215	58	149
734	216	58	149
732	216	58	150
732	217	57	151
731	217	59	149
730	218	63	148
729	218	67	148
728	217	69	147
728	216	72	148
729	217	74	148
729	217	75	147
729	216	77	146
729	217	76	146
730	217	71	146
729	216	67	147
729	216	64	150
729	217	60	148
727	217	59	149
723	218	60	150
720	217	64	151
717	217	67	149
715	217	69	149
711	218	71	148
711	219	72	147
710	218	73	146
709	218	73	147
708	219	72	146
708	219	69	146
709	218	68	146
711	218	66	147
713	219	64	148
717	219	60	148
719	220	57	147
721	220	57	145
721	220	55	146
721	220	54	146
722	221	55	146
722	221	54	145
723	221	53	145
724	221	51	145
724	221	50	146
724	222	50	146
725	221	51	146
726	222	51	145
726	222	50	144
726	222	50	144
726	222	51	143
726	221	51	144
726	222	52	143
724	222	53	142
719	222	60	141
712	221	67	142
707	221	73	142
698	222	80	142
695	222	85	144
693	221	83	142
694	221	82	144
688	220	87	145
690	219	83	143
692	219	82	141
694	219	81	142
697	218	79	144
696	217	79	145
695	217	76	145
693	216	76	145
692	216	74	146
690	217	74	147
690	216	70	147
690	218	72	146
689	218	70	147
687	219	72	146
685	219	74	147
683	219	75	145
681	220	77	143
679	221	79	142
676	221	82	143
670	222	85	142
665	221	80	142
658	222	75	142
654	221	74	145
650	220	71	144
649	222	69	142
647	221	71	143
646	222	74	143
644	222	75	143
642	224	76	142
641	225	74	141
639	227	72	139
638	227	63	139
637	226	58	141
633	227	58	140
630	229	59	138
627	231	58	135
625	233	59	133
624	234	59	132
623	236	59	131
622	237	61	129
621	238	60	129
618	239	60	129
615	240	63	128
613	239	62	128
611	240	60	127
610	240	58	127
606	240	58	127
604	240	58	127
600	239	61	126
598	239	61	127
596	237	63	129
590	235	66	132
588	234	68	133
585	233	71	134
582	234	73	133
584	234	70	132
588	234	64	132
590	234	59	131
585	234	63	130
583	233	67	132
584	234	70	131
581	233	77	128
580	236	79	124
581	236	75	124
579	238	69	121
578	240	64	122
575	243	62	120
574	244	62	119
573	244	60	119
571	245	61	119
568	243	64	120
564	243	68	121
564	242	67	122
562	242	68	122
563	241	67	122
561	243	69	121
555	245	75	119
551	244	78	120
551	245	76	119
548	245	78	119
544	244	79	120
542	239	74	125
540	239	68	127
532	239	70	127
522	238	72	127
510	236	81	128
513	235	76	131
506	236	80	131
500	237	83	130
502	236	82	130
501	241	83	126
502	242	80	124
500	244	76	123
498	246	72	121
495	247	71	120
491	247	69	119
493	242	65	125
487	243	70	124
488	241	68	125
489	240	66	127
487	239	66	128
486	237	66	130
483	235	66	131
481	237	67	130
480	238	69	129
479	238	73	128
478	239	74	128
479	236	75	130
481	239	73	127
482	236	71	130
483	238	72	128
484	247	76	118
486	240	79	128
485	241	81	127
486	241	83	125
487	241	83	125
486	241	86	125
487	244	85	122
493	249	84	117
498	245	80	121
504	247	78	119
516	241	71	125
522	237	65	128
528	237	62	128
530	235	62	130
531	235	62	130
535	241	61	123
535	244	65	120
539	239	66	125
542	239	68	126
543	239	71	126
546	239	72	126
543	237	76	130
544	238	77	128
546	237	80	128
551	236	81	129
550	235	91	128
551	239	87	125
554	242	89	120
558	246	83	117
567	242	86	119
574	237	95	125
580	234	93	127
582	236	95	127
580	242	93	124
580	239	89	125
571	248	70	118
546	257	72	108
528	249	74	116
515	251	73	112
510	247	67	117
513	242	64	123
516	238	66	128
519	236	67	129
520	237	65	128
522	239	65	126
523	238	73	125
525	241	75	122
526	242	77	121
530	242	74	123
536	244	68	119
543	237	66	125
543	243	73	120
544	237	73	128
548	236	71	128
551	234	70	130
554	239	69	123
557	236	66	128
559	235	66	128
560	236	64	127
563	234	62	128
564	236	60	127
564	234	60	129
563	233	61	130
563	232	61	130
563	231	61	131
560	231	63	131
559	231	64	131
557	230	64	132
556	231	65	132
555	232	66	131
554	232	67	131
551	232	70	131
548	233	71	132
547	233	73	132
545	233	75	133
545	233	74	132
546	233	71	132
548	233	68	133
550	233	64	133
553	231	59	134
553	232	59	133
554	233	57	133
552	232	55	134
550	232	58	133
546	234	62	132
541	233	68	133
529	234	79	133
526	232	84	135
527	233	86	133
529	232	89	134
534	231	89	135
549	231	83	136
558	231	79	136
567	230	75	134
576	230	69	133
579	230	67	133
577	230	65	133
577	228	65	135
572	230	67	136
567	228	72	139
565	231	75	139
560	231	75	139
557	230	74	137
552	230	76	137
550	230	76	136
547	231	79	137
543	230	74	137
541	231	67	136
540	228	60	139
539	228	58	139
536	227	56	140
533	229	58	139
527	230	64	136
519	229	71	137
512	232	77	135
510	231	78	135
511	231	78	136
516	230	83	137
530	231	81	136
548	231	78	134
568	228	74	137
588	230	69	134
598	228	69	136
618	226	65	137
635	226	63	136
649	227	61	136
652	230	67	137
652	230	71	137
653	230	71	137
646	231	80	136
643	229	83	137
646	230	89	138
668	233	73	135
678	236	72	134
694	236	69	137
702	234	64	138
702	231	62	139
699	231	63	139
698	230	64	139
694	231	66	139
691	232	70	139
681	234	80	140
676	233	84	141
678	234	83	141
680	237	82	142
683	240	81	142
685	245	82	142
686	248	79	142
687	251	74	141
685	252	69	139
683	251	64	140
677	248	54	140
672	243	56	140
670	243	60	144
670	241	68	143
673	241	73	143
685	250	74	143
680	249	79	144
680	250	79	144
686	249	73	145
681	246	78	147
671	242	86	148
669	241	88	146
667	241	84	146
670	243	73	144
670	242	69	144
672	244	59	144
672	243	55	144
668	244	55	144
666	244	56	143
662	243	59	142
662	244	58	142
662	245	56	141
664	245	54	143
664	244	54	142
664	243	54	143
663	242	56	143
662	242	62	143
659	242	68	142
656	242	73	142
654	241	76	142
653	241	79	142
653	242	81	142
652	241	82	142
652	242	81	142
655	241	79	143
658	242	76	143
661	241	72	143
663	241	71	144
667	240	67	145
668	239	67	145
674	237	64	147
675	237	64	147
677	237	62	147
678	236	61	149
679	235	61	148
679	236	62	149
680	236	63	147
680	236	63	148
680	237	65	146
680	237	67	145
682	237	68	146
683	235	71	149
683	234	73	150
682	233	78	152
684	233	80	152
687	232	81	153
689	231	82	153
691	231	85	153
693	231	86	154
695	231	86	155
689	227	85	155
682	225	88	157
674	223	82	154
672	222	76	153
672	223	75	152
678	222	73	153
682	223	69	151
684	223	68	152
683	222	68	151
680	221	72	152
678	220	72	153
675	220	77	154
673	220	81	155
672	220	85	154
671	220	86	154
670	221	83	154
671	221	82	155
672	221	77	156
673	221	74	155
675	221	71	154
678	222	68	153
680	222	66	153
681	221	66	153
681	220	66	154
679	220	67	153
676	219	72	152
672	219	78	153
666	219	83	152
660	219	89	152
658	219	93	152
650	223	99	149
644	223	105	149
635	224	114	146
629	228	117	143
627	227	117	142
630	230	120	141
640	230	127	138
656	230	120	140
647	232	126	139
646	232	121	139
621	235	129	136
616	233	120	141
623	237	121	138
626	236	115	138
624	239	115	136
620	232	119	143
604	239	129	135
599	237	127	138
598	239	116	138
592	238	97	138
596	239	84	138
591	240	83	137
591	240	80	136
582	239	87	136
574	238	94	138
575	237	92	137
560	238	91	137
552	239	83	136
534	241	78	134
528	241	75	135
517	248	76	128
513	247	81	128
514	245	78	131
522	244	98	130
511	245	105	131
499	247	109	130
496	249	102	127
509	249	80	127
508	250	73	126
508	249	67	125
507	249	64	124
501	249	59	124
483	244	66	130
462	246	69	131
444	249	66	127
431	251	64	127
423	246	68	132
420	247	66	128
417	248	64	128
413	246	64	129
411	243	62	131
406	242	62	134
402	240	64	137
396	242	68	134
391	244	72	133
385	244	75	134
342	248	68	133
338	246	72	135
332	246	70	135
332	248	62	133
331	252	68	127
365	253	75	128
355	255	86	129
352	256	92	130
354	256	96	129
355	256	99	129
357	255	92	128
362	256	87	127
371	255	82	126
383	254	71	126
393	254	65	127
402	251	65	131
405	252	63	129
409	249	67	132
410	251	72	130
411	251	74	130
414	252	82	129
415	253	85	128
420	254	80	126
427	254	73	126
431	253	73	127
436	252	70	128
443	252	69	128
450	253	68	129
451	252	74	132
451	254	80	134
453	257	79	131
457	261	76	127
458	265	76	123
460	257	74	126
460	256	74	127
460	255	73	125
461	255	73	126
459	254	75	126
458	254	77	126
458	254	81	125
456	255	84	125
454	255	86	125
454	256	88	124
454	254	91	126
456	256	90	123
457	253	86	126
457	250	81	129
458	250	76	130
458	250	73	130
458	249	72	130
457	249	72	130
456	249	72	131
455	249	72	132
454	248	70	131
454	248	69	133
454	248	69	133
453	248	69	132
453	249	69	131
453	249	69	132
451	250	70	130
449	251	71	130
448	251	71	129
447	251	72	129
442	251	76	129
442	251	75	128
431	254	86	127
431	257	85	125
426	257	90	125
420	261	94	122
420	263	93	124
417	267	94	128
415	268	93	131
405	271	91	130
396	274	91	125
402	275	72	125
391	272	68	130
389	270	66	135
369	274	78	133
369	276	71	132
366	277	72	131
364	274	71	132
361	272	72	129
353	265	70	129
349	263	64	131
346	263	64	131
337	270	64	129
315	270	81	132
323	265	69	139
323	260	67	140
318	258	68	137
320	257	62	133
316	256	67	133
308	256	74	135
303	257	78	136
301	257	79	134
296	256	82	137
292	254	84	138
284	255	86	139
280	255	83	138
277	255	78	138
274	254	69	138
272	254	62	138
270	254	62	136
267	254	64	136
262	255	66	134
250	255	75	135
244	256	80	134
238	255	85	135
236	256	87	135
237	256	86	136
241	255	81	136
243	255	80	136
245	255	76	136
245	253	67	139
244	253	60	138
236	253	59	137
232	252	62	136
226	252	66	134
219	252	71	135
210	252	78	136
197	253	90	138
198	252	89	138
193	252	92	137
198	252	84	137
202	252	80	136
208	252	72	137
211	253	69	137
213	252	65	137
212	251	65	139
212	251	64	139
213	251	63	139
215	251	61	138
216	251	60	137
216	251	60	138
216	250	61	139
216	250	61	139
214	250	65	140
213	250	68	138
213	250	70	139
212	249	74	141
212	248	77	141
212	248	81	142
213	248	82	142
218	248	82	142
224	248	81	141
225	248	82	142
227	248	82	143
228	248	83	143
233	249	80	143
240	248	76	143
247	247	72	144
259	247	65	144
262	247	67	143
263	246	69	145
267	246	68	144
269	246	69	145
273	245	76	145
276	245	79	145
279	244	81	145
281	244	81	146
283	244	82	146
289	244	80	147
296	244	77	146
302	245	74	147
308	244	72	147
311	245	72	146
317	243	72	144
318	243	74	146
323	243	74	146
325	242	77	146
328	243	78	145
334	242	78	146
336	242	79	145
338	243	77	145
338	243	79	146
341	242	78	147
345	242	77	148
348	243	74	147
352	244	73	146
356	243	70	145
358	243	70	143
360	244	70	142
361	244	70	142
365	243	69	142
369	244	69	142
372	243	68	142
376	243	67	142
378	242	67	144
378	243	68	145
381	243	68	143
382	243	71	142
385	243	72	141
385	243	72	141
387	242	71	141
388	242	71	142
390	242	70	144
395	241	67	145
396	243	68	143
405	244	71	141
417	246	71	139
433	246	78	139
442	244	71	142
442	246	71	140
445	245	70	141
446	244	67	142
447	245	67	141
447	245	68	141
444	245	71	141
444	244	71	142
443	244	73	142
445	244	72	142
445	244	72	143
445	243	72	143
445	244	71	143
446	243	71	143
446	244	71	142
445	246	70	141
445	245	70	141
445	247	70	141
444	246	70	140
443	247	71	139
440	246	72	138
440	247	72	138
438	246	72	138
438	246	72	138
440	247	69	138
444	245	65	139
445	244	66	140
446	245	67	140
448	245	68	140
449	245	70	140
449	244	70	140
449	245	72	140
448	246	74	140
447	246	76	139
448	246	76	139
447	247	76	138
450	246	73	140
461	246	63	139
469	247	63	136
475	248	63	135
490	250	60	132
499	249	59	133
506	249	60	134
516	248	57	134
519	248	56	137
522	247	54	138
522	247	54	138
524	247	53	139
524	248	53	138
525	247	53	136
524	248	53	136
524	247	53	136
524	249	54	137
523	248	55	137
524	248	56	136
523	247	57	138
522	247	59	137
523	247	61	137
523	247	61	137
524	247	60	138
524	247	59	138
524	246	59	139
523	246	61	139
522	245	62	138
522	245	62	139
521	244	62	141
518	245	64	136
518	246	66	137
518	245	64	137
518	244	66	138
518	244	64	137
518	245	65	138
517	244	65	137
518	245	66	137
517	245	67	136
518	245	66	136
517	245	68	135
517	245	69	136
517	245	70	136
516	245	71	136
516	244	71	136
516	244	71	137
516	244	71	137
516	244	71	136
516	244	72	137
516	243	72	137
517	243	71	138
517	243	70	137
517	243	70	137
517	243	70	137
516	243	70	138
517	243	69	138
517	244	69	138
515	243	70	139
513	244	71	140
510	241	73	144
508	240	74	145
507	241	73	145
504	241	75	145
501	241	74	144
500	240	73	146
497	239	70	147
494	240	71	148
493	239	71	148
492	239	72	148
491	239	72	148
491	238	72	148
490	238	72	148
490	238	73	148
489	238	73	148
489	238	73	149
489	238	72	150
489	237	72	151
489	237	73	151
489	236	73	153
490	236	73	152
490	236	71	153
492	236	71	154
492	235	68	153
494	235	67	154
493	235	67	154
496	236	66	152
496	236	68	152
497	235	68	153
498	236	70	153
497	235	73	153
498	235	73	154
499	235	73	156
501	234	73	156
502	233	74	156
506	233	75	157
508	232	77	158
509	231	76	160
514	231	76	159
519	230	77	159
519	229	82	159
523	228	84	160
523	229	88	161
526	229	87	161
530	229	85	162
532	229	83	162
534	226	83	164
538	226	81	165
542	225	80	164
546	223	81	165
561	223	82	165
585	224	79	163
601	226	77	162
608	227	78	163
607	227	81	165
608	226	83	166
621	223	78	167
627	223	81	168
631	222	81	167
639	223	79	168
647	221	78	170
661	221	73	170
668	222	72	168
679	221	71	167
693	223	74	165
706	223	79	166
717	223	72	168
721	226	71	165
724	228	80	163
727	228	84	165
729	226	90	167
729	227	95	166
728	228	98	166
728	228	97	167
729	228	97	167
730	226	96	168
735	224	93	169
748	223	84	169
759	223	75	168
761	222	75	166
761	221	80	168
762	218	85	171
762	217	89	172
761	216	96	173
765	215	94	174
775	214	91	176
775	212	107	178
787	211	104	178
795	210	95	180
801	209	91	181
806	208	89	182
815	206	87	185
817	204	86	188
821	205	86	188
823	203	89	190
828	202	87	191
831	203	95	190
831	201	104	189
831	202	114	190
832	203	116	192
830	204	121	187
831	203	121	190
835	201	118	192
852	200	101	192
853	200	102	193
870	200	87	192
883	200	76	192
888	202	71	191
870	201	88	193
848	201	97	196
838	202	97	197
841	201	91	196
840	201	97	195
839	201	103	196
843	202	103	196
848	201	101	195
853	200	100	198
858	201	97	199
865	200	94	200
876	199	83	199
885	199	74	199
892	199	67	202
898	195	61	206
902	196	57	205
906	198	52	203
910	197	49	207
918	198	41	205
922	198	37	206
926	195	33	204
925	190	33	218
927	196	32	202
930	271	29	131
931	298	27	104
934	312	25	91
934	315	25	86
931	314	28	89
928	311	31	93
929	297	30	102
923	292	36	103
939	279	20	124
938	284	21	112
941	276	18	112
942	275	17	115
941	288	18	107
941	290	18	100
941	288	18	99
941	286	18	103
942	284	17	104
942	283	17	106
942	282	17	106
943	282	16	103
943	281	16	102
943	280	16	103
942	277	17	105
942	276	17	108
942	275	17	107
942	275	17	107
942	276	17	108
943	277	16	105
942	276	17	105
943	277	16	106
942	278	17	103
942	276	17	107
943	278	16	104
942	277	17	104
943	277	16	105
943	277	16	106
942	275	17	106
943	277	16	106
943	277	16	104
942	276	17	104
943	276	16	105
943	276	16	103
944	277	15	103
944	272	15	98
944	276	15	94
942	285	17	93
940	285	18	95
936	301	22	80
930	301	26	87
933	252	25	115
925	259	31	105
919	262	36	102
924	265	32	101
928	262	28	107
932	255	24	123
929	261	28	114
921	261	33	114
918	269	35	107
920	272	34	104
918	270	36	103
920	270	36	108
916	266	37	109
919	268	35	113
914	270	40	107
918	260	39	114
911	262	42	105
910	263	43	103
916	257	38	123
907	253	47	117
910	247	44	117
913	242	43	139
916	241	41	129
922	240	32	134
929	246	27	121
930	248	24	116
929	244	25	132
923	244	32	154
918	240	37	158
916	235	39	162
914	237	40	161
911	233	43	167
907	227	49	174
903	224	53	178
899	215	57	183
904	207	53	183
906	197	52	193
906	193	51	185
900	191	57	185
900	190	57	178
900	189	58	171
897	189	60	170
895	192	62	166
893	198	64	166
889	201	67	169
884	204	72	177
878	208	77	178
861	223	84	167
836	235	93	157
811	248	87	148
801	244	81	159
799	242	88	161
799	236	101	162
796	234	111	162
799	232	104	162
799	232	123	164
806	233	118	158
812	232	123	159
815	236	127	158
823	237	123	159
830	239	117	158
834	237	115	161
840	238	106	161
858	237	86	161
867	236	81	162
875	234	73	164
878	234	74	165
879	232	75	160
881	230	77	161
882	229	75	165
884	229	74	167
889	230	68	167
895	231	63	165
900	231	58	165
907	231	49	164
912	231	44	164
913	230	44	167
920	229	39	164
932	236	27	155
939	290	20	103
937	323	22	73
927	325	30	78
929	316	30	89
925	302	34	97
928	287	31	107
912	277	38	112
880	278	52	91
822	281	68	101
706	250	68	139
684	248	84	146
687	246	90	151
683	246	92	150
689	246	88	150
694	246	84	149
702	246	77	149
702	247	75	152
707	246	70	151
709	246	67	150
712	247	67	148
714	246	65	151
714	246	64	151
715	246	65	148
717	245	65	148
718	245	65	149
720	244	64	149
722	243	64	152
722	242	64	152
722	242	65	153
722	243	66	153
721	243	65	152
719	243	67	151
717	243	70	151
715	243	71	152
713	242	75	154
711	241	77	153
709	241	78	152
707	241	80	152
695	241	92	152
694	240	93	154
691	241	96	153
690	240	96	153
691	240	95	153
690	241	95	153
685	241	101	154
684	241	103	154
683	241	104	155
683	241	104	155
835	228	78	161
825	228	88	160
815	229	99	160
806	229	108	161
799	228	114	159
790	229	119	160
789	229	118	161
787	230	117	161
787	229	111	161
787	230	104	160
792	230	83	159
793	231	81	160
790	231	83	161
784	231	84	160
780	233	86	160
772	234	87	159
762	235	87	159
752	235	99	159
751	235	98	158
748	236	99	159
745	234	99	159
743	235	97	159
741	235	95	159
740	236	88	157
737	237	78	156
732	236	72	156
726	237	62	158
721	237	62	155
714	237	66	155
704	239	76	154
692	239	89	155
685	239	94	155
681	241	97	153
679	242	97	151
676	243	98	152
673	244	98	151
673	246	93	149
673	246	85	149
672	247	79	148
666	249	74	148
661	249	68	149
653	252	66	146
649	252	73	145
644	251	80	146
640	251	84	145
637	253	87	143
631	253	90	143
622	252	96	145
611	253	102	144
600	251	110	145
598	250	108	148
594	250	102	148
591	250	88	149
589	251	86	148
588	250	81	148
589	251	75	147
590	251	72	147
590	251	70	147
589	251	70	146
581	251	76	145
579	250	77	146
575	249	82	147
573	249	82	148
576	250	79	148
575	250	80	147
570	250	82	147
554	252	81	144
547	256	78	141
543	256	75	141
540	256	74	139
537	259	71	137
535	259	73	137
533	259	75	136
530	260	75	135
527	261	77	137
524	261	77	136
519	263	77	135
515	263	74	134
512	262	70	134
509	262	67	136
506	261	64	137
500	261	61	137
496	260	63	138
492	260	66	138
486	259	72	138
481	259	78	139
473	259	83	139
468	258	87	141
461	258	92	141
461	258	91	140
455	259	91	139
454	258	84	140
452	259	76	139
451	259	68	139
449	258	62	142
446	257	61	143
441	257	64	143
437	256	67	142
430	257	73	141
425	258	78	142
422	259	81	141
421	260	81	140
417	260	84	141
417	260	81	141
416	260	80	141
414	261	79	140
412	260	74	140
410	261	72	139
409	261	70	139
409	260	68	140
408	260	68	140
407	260	69	140
406	259	70	140
406	259	71	140
406	259	70	140
406	259	70	141
409	258	68	142
409	259	69	143
410	258	68	143
411	258	67	144
413	258	65	144
416	258	63	144
417	259	62	143
419	259	60	143
420	259	59	145
422	259	58	145
424	260	56	145
427	261	55	146
429	261	54	145
429	262	55	145
429	261	56	144
431	261	56	144
433	261	56	143
433	261	58	144
434	260	58	145
435	261	58	145
437	261	59	146
437	260	60	146
438	261	61	145
439	261	63	145
440	260	64	146
441	260	66	147
442	259	67	148
444	259	69	149
446	258	70	148
447	258	72	149
449	256	76	149
451	256	79	149
453	255	79	150
455	255	76	149
458	254	74	150
460	254	73	150
462	253	73	151
464	254	74	150
466	253	74	149
470	255	70	147
476	256	69	147
477	256	68	147
479	256	67	147
481	257	66	147
482	257	68	145
482	259	73	143
482	259	77	143
483	260	79	143
485	260	80	141
487	260	80	141
491	261	83	140
494	262	82	140
495	263	83	139
497	265	85	137
500	266	82	137
506	267	76	135
509	267	75	133
511	269	75	134
514	269	76	133
516	270	77	132
520	268	79	133
523	267	82	134
527	268	88	133
529	267	93	133
532	266	93	135
536	265	94	137
539	265	94	137
542	262	92	142
545	261	90	145
548	259	88	145
551	258	86	145
553	258	85	144
558	255	83	147
563	254	81	147
566	251	77	150
570	250	74	149
573	251	76	148
575	250	75	148
578	249	75	149
581	249	75	150
584	248	76	151
589	246	76	153
593	245	75	155
596	245	72	156
599	245	69	157
604	244	67	156
604	243	69	156
606	244	70	156
608	246	72	155
609	245	75	156
613	244	77	156
615	245	78	156
618	245	79	155
619	245	83	154
621	245	88	153
623	245	89	153
627	244	86	153
630	244	85	154
632	244	85	154
632	244	85	155
636	244	83	155
641	243	78	157
642	243	79	157
644	242	77	157
646	242	74	157
650	242	70	157
653	242	66	157
654	243	64	157
656	243	62	155
658	244	60	156
659	244	59	155
660	244	58	156
661	243	58	159
661	243	57	158
659	245	58	158
657	244	60	158
655	244	61	157
654	245	63	157
652	244	64	156
650	245	66	157
649	244	67	157
649	245	65	156
650	245	63	156
644	246	66	154
638	247	71	155
646	246	64	157
648	246	63	155
647	247	64	153
646	248	63	152
643	248	67	153
639	247	70	154
635	247	75	154
631	246	79	154
625	246	85	154
621	247	88	154
616	246	91	154
612	246	93	154
612	245	92	156
611	245	89	156
611	246	85	153
611	245	78	152
611	246	68	154
610	247	64	154
607	247	61	154
604	248	62	155
601	247	64	155
597	248	67	154
593	247	70	154
588	248	74	153
585	247	77	153
581	246	80	155
576	246	84	155
574	246	85	155
569	245	90	155
566	245	92	155
563	245	95	156
559	245	96	156
557	245	97	156
556	246	98	156
554	245	98	156
554	245	96	156
554	246	88	155
552	246	84	155
552	246	82	154
555	246	80	156
557	246	78	156
558	246	77	156
551	244	80	159
548	249	77	163
547	251	76	161
549	252	77	159
553	249	74	159
554	249	73	159
556	250	71	159
556	251	69	159
554	250	69	159
543	251	84	158
545	250	87	157
548	250	84	159
549	249	83	158
549	250	82	158
548	251	85	157
551	252	90	156
547	253	72	159
546	253	68	159
543	254	73	157
544	256	73	157
543	256	73	157
541	256	70	156
539	256	66	156
537	258	63	153
531	260	69	150
521	258	81	154
522	258	81	156
522	257	82	157
523	257	80	156
520	260	75	152
519	257	71	154
515	257	72	155
509	256	75	156
509	258	73	153
504	259	77	152
505	259	76	153
503	262	79	150
502	263	79	149
503	264	77	147
503	263	75	149
502	263	75	149
502	263	72	149
501	261	70	151
499	262	70	150
499	264	68	148
497	263	70	149
497	262	71	148
496	263	72	147
495	264	73	146
495	265	73	146
494	264	74	147
494	265	75	146
492	266	74	146
491	265	72	147
490	265	68	146
489	263	67	148
488	263	67	147
486	263	67	147
484	264	68	146
483	264	69	146
480	265	70	145
478	266	72	143
477	267	72	142
475	267	73	143
474	267	74	143
474	266	73	144
474	267	72	143
473	267	69	143
474	267	68	144
473	267	67	142
473	267	67	142
473	268	66	142
473	268	67	142
472	269	66	141
472	270	66	140
472	269	66	140
472	270	66	141
472	270	66	141
472	270	65	141
473	270	64	140
473	270	63	139
474	270	62	140
474	270	61	140
474	270	61	140
474	270	60	139
475	269	59	140
475	269	58	141
475	270	57	141
475	270	57	141
474	270	59	141
473	270	59	140
473	270	59	140
473	269	59	141
473	270	59	141
474	269	58	141
472	270	58	141
470	270	60	140
468	270	61	140
468	270	61	140
467	270	61	139
469	271	61	139
472	269	57	140
474	269	56	141
474	270	56	141
475	270	56	140
477	270	54	140
478	270	52	139
479	270	52	139
480	270	52	140
479	270	53	139
480	270	54	139
480	270	57	139
481	269	58	140
480	268	61	140
481	268	63	141
480	267	67	141
479	267	69	142
479	267	71	141
480	266	72	143
481	267	74	142
481	266	76	141
481	267	77	141
482	267	77	141
482	266	77	141
484	266	77	142
486	265	76	142
489	265	74	143
490	264	73	144
490	264	74	143
490	264	75	144
492	264	75	143
492	264	75	142
492	264	75	142
493	264	75	142
494	264	74	143
496	264	73	143
497	265	71	142
498	265	70	142
499	265	69	143
499	265	68	143
499	265	67	143
499	263	67	144
498	264	67	144
497	264	69	143
495	263	70	143
494	263	72	144
492	262	75	144
491	262	76	145
491	262	78	145
490	262	80	145
490	262	82	145
489	261	83	144
491	261	84	145
490	262	85	145
491	261	84	146
493	261	82	146
496	261	79	146
499	262	77	145
501	263	77	144
502	264	74	144
504	265	71	142
507	266	69	142
509	266	66	141
510	268	65	140
510	268	65	140
510	270	64	139
510	270	66	139
509	269	70	139
507	268	70	140
506	266	72	141
504	267	71	143
505	266	75	144
503	265	76	144
502	264	78	145
499	264	78	145
494	263	81	146
491	264	78	144
489	263	76	146
487	263	77	147
485	262	77	148
484	262	75	148
485	261	74	149
482	261	74	149
481	261	76	148
478	260	77	148
478	261	79	148
474	261	80	148
473	262	81	148
474	263	80	147
471	264	80	146
472	264	81	147
471	264	82	147
470	264	81	147
469	263	81	147
469	263	79	147
470	263	78	147
470	263	77	146
469	262	75	147
471	263	72	148
469	264	73	147
470	264	73	147
472	263	70	147
474	263	69	147
474	265	68	146
475	265	68	145
475	266	66	143
472	265	69	142
468	264	73	144
466	263	77	145
466	264	78	144
465	265	79	143
465	267	81	142
466	270	80	138
466	273	82	135
467	278	84	131
467	282	89	127
469	286	92	124
468	284	98	126
474	282	100	125
473	290	100	119
498	289	94	116
483	296	75	112
523	296	71	111
486	297	63	108
488	296	64	111
492	297	67	109
494	296	67	110
490	296	65	111
491	296	61	109
491	297	63	110
492	296	65	111
492	295	68	112
492	295	69	112
497	294	66	114
504	294	60	113
520	293	49	113
584	290	67	114
586	289	68	115
589	288	69	117
592	288	68	116
597	289	64	116
607	288	56	117
611	287	51	118
615	288	49	117
619	288	46	116
620	288	47	115
621	287	48	115
620	287	48	115
619	287	50	115
618	288	51	114
620	289	53	113
622	289	51	114
625	288	49	114
626	289	49	113
629	289	46	113
630	289	47	112
632	289	47	112
631	290	50	112
630	289	53	112
631	288	53	112
630	289	55	111
632	290	53	110
634	289	52	110
633	290	52	110
634	290	52	111
633	290	53	111
631	291	55	110
630	291	57	111
629	292	59	111
628	292	59	112
624	294	63	110
608	296	76	108
607	296	72	106
609	296	72	106
611	296	68	106
617	295	62	105
615	294	65	109
617	293	63	112
615	290	63	113
614	289	65	114
612	288	67	115
612	288	65	115
614	287	70	114
611	287	74	114
611	292	77	110
609	292	76	108
610	293	71	106
609	293	68	107
608	294	75	106
609	296	76	104
611	297	76	102
616	296	71	102
618	295	71	104
619	296	71	103
622	295	72	103
625	293	70	105
628	295	72	104
632	292	82	104
644	289	100	108
780	291	64	99
781	291	61	96
779	291	64	98
779	289	62	100
776	289	61	101
776	288	59	101
773	288	61	102
771	288	63	103
766	288	66	107
761	288	67	111
753	285	66	116
746	284	64	116
741	280	58	118
742	283	55	111
740	284	53	114
735	284	52	113
665	293	80	107
675	290	66	112
683	290	58	113
681	288	57	111
674	289	61	112
665	291	63	111
660	287	62	115
655	287	64	115
652	288	64	115
647	287	70	113
639	286	70	116
632	282	80	120
637	281	78	120
635	282	77	119
634	278	78	123
633	278	76	125
633	276	73	127
632	277	77	127
630	280	73	124
632	282	82	120
634	283	83	118
633	278	81	123
631	280	83	121
620	281	79	120
640	275	80	125
618	280	75	122
615	279	74	123
614	278	72	124
618	276	69	127
618	276	68	126
613	275	74	126
613	274	80	126
608	275	84	128
608	275	93	126
612	275	103	125
673	272	87	131
680	266	80	136
685	267	73	132
686	266	71	133
688	266	70	135
685	266	74	136
684	264	76	138
684	263	76	140
684	261	77	141
678	262	82	141
671	267	88	135
673	271	90	130
672	273	90	126
671	275	87	124
669	277	90	123
668	278	88	122
657	279	89	121
652	279	89	123
646	280	93	123
642	281	104	122
636	283	107	118
628	284	101	117
628	285	96	116
623	286	98	115
618	288	102	114
612	284	108	117
608	279	111	126
596	277	120	127
599	277	113	126
581	278	123	125
556	275	108	131
532	275	110	134
532	278	108	130
538	276	106	132
512	275	107	133
507	276	100	132
491	273	97	133
489	274	98	132
473	274	115	132
458	275	130	132
443	276	146	132
434	279	143	132
434	280	137	129
422	283	92	127
424	288	84	123
419	283	72	127
413	282	64	131
410	283	59	129
407	282	60	129
402	280	58	131
394	280	64	130
389	280	61	129
385	280	63	130
379	279	65	131
377	280	64	131
374	281	65	131
369	280	66	130
366	280	67	130
368	281	73	130
365	282	65	129
366	284	65	128
370	281	100	130
365	282	113	134
360	281	121	134
358	280	117	135
361	281	105	134
361	277	93	138
362	277	86	138
365	277	82	137
365	278	81	137
366	277	78	136
370	279	78	136
368	277	79	136
371	277	77	137
372	276	76	137
371	279	77	134
373	281	74	131
373	280	76	132
372	280	78	133
370	280	81	134
367	279	83	133
372	277	78	135
370	278	78	136
373	277	74	137
376	277	71	136
376	277	68	135
376	277	69	133
377	278	69	131
374	278	72	132
372	278	73	131
370	279	74	131
369	279	75	131
367	279	76	131
366	280	76	132
365	280	72	131
363	280	71	131
361	281	70	130
357	280	65	129
355	281	65	130
353	281	65	129
350	281	66	128
349	282	64	129
347	283	65	129
345	283	65	128
343	284	65	129
342	284	66	129
340	284	67	128
338	285	64	128
336	284	62	128
334	285	60	127
332	285	59	127
332	285	58	127
331	284	58	128
329	285	58	128
326	286	60	126
324	286	60	127
320	286	62	126
317	286	63	126
316	286	63	127
314	287	64	125
314	287	63	126
313	287	64	127
311	287	65	128
309	286	65	130
306	285	65	131
303	284	63	130
301	284	63	130
298	283	63	131
294	281	66	132
292	280	69	133
291	277	70	136
290	277	71	136
291	280	71	133
291	264	71	152
286	254	77	163
253	248	114	180
258	251	115	185
283	252	97	182
286	266	73	161
287	272	62	143
287	271	65	146
287	271	67	149
286	271	65	150
286	272	65	149
286	271	66	151
285	272	65	151
284	272	66	152
281	271	68	153
279	271	69	153
276	271	73	152
276	271	74	153
276	271	75	152
276	271	75	153
275	270	77	153
275	270	77	153
275	270	77	154
273	269	79	154
272	270	80	153
270	269	76	154
271	269	75	155
271	269	73	155
272	269	72	156
273	269	71	155
275	269	71	155
276	269	72	155
279	269	72	154
277	267	70	156
273	267	70	158
272	266	69	157
273	266	66	157
274	266	66	155
277	266	65	157
281	267	67	156
281	267	74	156
282	265	70	158
284	266	70	158
286	265	70	158
288	265	70	158
287	264	66	160
285	264	70	160
287	263	74	162
287	264	67	161
286	264	66	160
289	265	66	157
290	265	66	157
293	265	72	155
296	264	74	157
298	264	77	157
300	265	80	157
300	265	82	155
300	266	79	155
303	265	81	156
303	265	78	157
307	265	78	155
311	264	75	156
312	264	73	156
316	265	73	154
319	264	76	155
321	264	78	155
321	263	70	156
322	265	71	153
325	264	73	154
324	263	68	156
325	264	70	155
325	263	68	155
326	263	67	156
327	263	65	156
328	264	67	156
328	263	67	156
328	264	69	154
328	263	69	154
327	264	71	154
328	263	72	153
329	263	76	154
329	263	79	154
330	262	82	153
331	262	85	154
333	262	86	155
334	262	86	155
336	262	85	155
338	261	82	155
340	262	82	156
342	262	81	156
344	262	81	157
345	260	80	158
347	259	79	158
348	259	78	159
352	258	78	158
363	258	77	159
377	259	75	156
388	258	72	156
394	259	72	155
398	258	72	158
398	258	71	158
399	259	70	157
398	259	72	158
397	259	74	158
395	260	76	158
392	261	82	157
392	260	83	157
392	260	82	158
391	260	80	157
393	260	78	158
392	261	80	157
392	262	80	157
392	260	77	157
391	262	77	155
391	261	76	156
390	260	76	157
389	260	75	157
389	259	76	157
388	260	73	158
386	260	68	157
383	262	70	156
382	260	70	158
382	260	70	158
381	261	70	157
379	262	72	156
376	261	73	157
375	260	74	158
370	263	78	155
368	261	78	157
368	258	77	159
365	257	79	159
362	257	79	159
365	259	77	158
362	260	78	157
361	260	79	156
360	265	78	152
359	264	79	153
358	263	78	154
357	263	79	153
356	263	78	153
353	263	79	153
351	265	78	152
351	265	75	152
348	265	68	152
346	265	66	154
343	265	64	154
342	266	64	153
340	266	64	152
338	266	65	152
334	266	68	153
331	265	71	153
330	264	73	155
327	265	75	154
326	265	76	154
323	265	78	155
321	265	78	154
322	264	80	156
325	264	80	155
326	264	80	154
326	264	77	154
324	263	78	154
323	264	76	154
322	263	77	156
321	264	76	156
321	264	75	156
320	263	73	157
319	263	71	158
319	263	72	158
319	262	72	158
318	262	72	158
318	263	70	158
317	262	70	159
316	262	69	161
315	262	67	159
314	262	67	158
313	262	66	159
312	263	65	158
312	263	65	159
312	263	64	159
313	262	63	159
313	263	62	158
313	263	61	159
313	263	61	158
312	263	61	159
312	263	61	159
312	263	61	159
312	264	62	159
311	263	62	160
313	264	61	160
310	263	63	160
307	263	64	160
306	263	64	159
305	264	66	161
306	264	68	160
307	263	69	160
306	263	71	159
307	262	73	160
307	262	78	160
308	261	79	162
309	261	79	162
310	260	80	163
311	260	79	163
313	260	79	163
315	260	79	163
316	261	79	163
319	261	78	160
326	261	74	160
327	261	74	160
332	261	74	160
337	261	71	162
347	262	65	159
351	261	69	158
351	262	78	158
352	260	87	159
354	260	85	160
355	260	86	160
355	260	90	161
357	260	90	162
360	259	91	162
363	259	91	162
369	259	88	161
375	257	82	162
383	256	75	161
390	256	67	162
396	259	65	159
405	258	63	160
411	258	60	162
413	258	61	161
415	259	66	160
417	259	74	157
417	257	85	160
419	258	89	161
419	257	93	163
419	256	94	165
420	256	94	164
422	254	92	166
424	255	91	166
428	256	88	164
436	255	81	163
442	253	76	164
449	254	72	162
451	255	74	163
459	254	71	163
464	255	70	160
470	252	71	163
472	254	76	162
474	256	81	159
476	254	85	163
476	253	84	163
479	252	84	165
479	252	89	164
480	251	92	166
481	251	92	166
483	252	92	165
486	252	91	165
490	252	89	165
491	251	88	164
496	251	85	163
502	251	79	163
506	251	75	164
509	251	74	165
511	251	77	165
515	252	83	162
514	249	64	166
517	250	64	165
521	249	64	165
523	251	63	165
524	251	64	165
525	250	65	164
524	250	65	166
522	250	69	164
520	250	71	165
520	249	72	167
519	249	71	167
519	249	70	166
518	249	70	166
518	249	69	166
517	249	69	164
515	250	70	162
514	250	73	162
512	251	74	159
511	250	77	160
509	251	79	159
507	250	80	159
506	250	81	159
506	250	80	160
506	250	80	161
506	250	78	161
507	250	78	162
507	250	77	162
507	250	76	163
508	250	74	164
509	249	74	164
508	249	74	163
498	251	83	164
498	251	84	163
507	250	75	165
508	251	75	165
508	251	73	165
507	251	76	163
506	251	82	163
506	252	87	160
507	252	87	159
507	251	87	159
507	252	89	159
507	252	92	159
508	252	94	159
508	251	96	159
508	251	97	160
509	251	95	160
509	251	96	160
506	251	98	160
505	251	99	161
504	251	99	161
505	250	101	161
505	250	101	162
513	250	94	162
520	249	88	163
523	249	85	163
527	249	82	163
529	249	80	161
533	248	77	161
535	249	75	161
537	249	74	162
536	249	74	162
536	249	74	161
536	249	75	160
537	250	76	158
537	249	77	159
540	249	75	160
547	250	72	162
554	249	63	162
558	250	58	162
558	251	59	163
559	250	57	162
561	250	59	164
561	250	60	162
563	251	60	161
564	251	63	162
562	251	69	161
563	250	71	163
563	250	75	164
563	249	77	164
563	249	80	165
563	248	80	164
562	247	80	165
563	247	80	165
562	247	77	165
563	247	71	167
563	247	66	167
564	248	62	164
563	250	59	164
563	249	56	162
563	250	55	164
562	250	54	164
562	250	55	164
561	250	56	163
560	250	57	163
560	250	57	163
559	250	58	163
560	251	58	163
558	250	58	161
558	253	58	159
558	255	58	156
558	257	59	154
558	260	61	151
557	264	64	147
555	266	70	145
555	268	72	143
553	268	74	142
552	270	74	140
549	269	76	141
548	270	71	140
545	271	69	139
544	272	70	137
541	275	67	135
537	278	63	132
534	280	63	130
532	284	65	126
529	287	65	122
526	291	67	118
525	295	66	112
524	298	67	109
523	301	66	106
522	302	64	106
521	303	63	104
519	302	64	105
518	303	64	105
519	301	62	107
516	301	62	106
513	300	69	106
506	297	74	111
499	292	82	115
493	290	86	115
485	285	91	121
480	287	96	120
474	285	101	124
471	283	103	125
470	283	105	127
468	281	99	127
466	280	95	128
464	279	75	130
457	284	75	121
456	283	71	121
453	284	65	119
453	284	64	119
451	285	58	119
451	285	57	120
448	284	62	121
446	283	70	122
443	285	68	122
442	285	70	120
440	285	59	118
438	286	59	119
436	287	58	119
433	286	60	119
431	284	63	123
426	285	66	121
423	285	69	122
417	286	73	121
415	285	76	122
412	286	80	121
409	284	81	123
407	285	76	122
406	285	68	123
403	288	62	117
402	288	59	117
395	287	57	121
390	288	59	121
386	286	62	122
381	286	65	122
374	283	74	128
367	283	80	129
361	284	82	129
358	285	83	130
357	285	79	128
351	287	80	125
347	288	80	125
345	289	78	123
339	289	73	123
333	289	66	123
326	290	64	122
