238	262	94	151
233	258	97	159
229	258	98	158
225	258	100	158
224	258	97	158
220	258	94	158
216	257	89	157
211	254	80	159
201	252	78	163
197	254	77	161
197	255	74	159
192	256	76	160
187	256	83	158
181	256	87	159
176	257	88	158
175	258	88	160
170	260	86	158
165	259	88	159
163	259	86	160
160	259	86	159
158	259	79	160
155	258	72	161
152	259	69	161
150	258	67	161
149	259	66	161
148	259	64	160
142	260	67	160
135	260	74	159
126	259	83	160
122	258	88	162
122	259	87	161
118	260	90	160
119	261	87	160
118	263	87	158
116	264	84	156
114	263	81	155
111	265	80	152
107	264	76	152
103	264	69	154
99	264	64	155
96	265	64	154
90	266	69	153
84	265	73	155
81	265	72	154
79	266	71	153
77	266	71	152
72	267	69	151
67	266	70	151
64	266	70	152
61	266	70	151
59	267	67	151
57	268	68	150
57	269	65	148
57	271	65	146
57	272	61	145
56	272	64	144
54	271	63	145
52	271	65	145
49	270	69	146
44	270	75	147
37	271	82	146
31	274	84	144
28	275	84	144
26	279	86	138
22	280	87	137
13	286	88	131
4	290	87	127
4	291	83	127
3	292	82	125
4	292	79	125
7	291	74	126
10	290	68	127
11	289	66	126
11	288	65	127
10	288	66	128
10	287	65	128
10	286	64	128
9	287	65	128
8	287	64	128
7	289	62	126
7	290	60	124
5	291	62	124
4	294	62	121
3	295	62	119
2	296	63	118
2	296	65	118
1	297	68	116
1	295	72	115
2	293	73	116
3	291	77	118
4	289	82	120
3	288	91	121
5	289	103	119
3	289	103	120
8	289	103	121
9	291	101	119
17	290	97	121
15	289	102	123
14	291	107	122
14	290	110	120
17	288	106	123
20	289	110	124
25	290	112	122
31	291	117	122
44	293	117	118
60	293	125	119
83	292	105	119
69	294	100	116
86	292	103	117
91	291	96	121
91	287	93	123
98	285	94	124
108	284	79	125
116	283	69	125
123	285	82	123
130	286	80	122
134	287	77	122
134	288	77	122
135	288	77	121
110	286	97	126
127	286	87	124
129	283	87	130
135	278	84	134
138	274	80	136
139	272	79	138
140	267	82	143
150	265	79	147
155	264	77	147
160	263	75	150
164	262	68	148
165	263	68	146
166	262	70	145
168	264	67	142
170	267	66	140
172	272	66	136
172	273	66	135
173	274	69	134
172	274	66	134
172	276	63	131
176	276	60	131
177	278	62	130
178	277	61	131
176	277	65	132
172	276	70	133
168	275	74	134
172	276	75	133
175	278	73	133
179	277	76	133
191	278	72	130
189	279	74	129
186	277	75	132
177	279	84	129
188	279	76	129
184	281	79	127
186	280	79	128
187	280	77	127
190	282	75	126
198	280	72	128
197	280	72	127
201	280	70	128
203	281	70	127
201	283	74	126
201	288	73	122
203	287	69	123
202	286	69	124
202	286	69	124
201	286	68	124
201	284	67	126
203	284	65	127
200	284	68	127
194	283	72	128
203	282	67	129
250	291	63	119
257	294	63	114
263	298	61	110
268	300	64	108
272	299	67	109
276	300	85	108
280	300	88	107
281	304	90	102
290	303	80	102
209	280	69	134
213	279	65	134
217	280	60	133
219	280	58	134
221	280	59	134
222	281	60	134
224	281	60	134
225	281	61	134
226	280	62	134
226	280	64	135
227	279	66	136
229	281	66	135
231	281	65	134
233	281	65	133
235	281	65	133
236	281	68	133
236	280	71	135
238	279	68	134
239	279	71	135
240	278	66	135
244	279	67	134
243	281	65	132
244	281	63	131
243	282	63	130
244	283	60	128
247	285	65	126
246	286	65	126
245	285	61	126
245	285	61	126
246	285	63	125
246	286	64	123
247	284	64	124
261	282	67	123
256	280	67	125
248	282	67	125
244	280	67	125
244	277	70	128
238	281	72	124
242	278	63	130
238	279	62	129
239	280	60	128
234	281	61	127
233	280	62	126
231	281	62	125
230	282	65	124
227	282	63	125
225	284	66	125
222	283	65	125
217	281	66	126
214	280	65	126
212	281	62	123
206	281	64	124
206	281	65	125
202	281	65	124
197	280	67	124
196	280	64	125
188	281	64	125
183	282	63	123
179	281	66	124
179	280	62	125
179	279	62	126
183	280	59	127
173	280	64	125
173	280	60	126
168	281	62	125
164	280	64	125
172	281	59	125
166	281	61	125
172	282	57	122
168	281	58	124
170	282	55	122
165	283	60	121
165	282	58	122
164	284	59	121
164	281	59	123
161	282	60	123
160	283	59	123
159	282	57	124
157	282	59	124
154	283	61	125
153	282	61	124
97	286	84	120
153	283	62	123
156	282	60	125
156	282	58	126
158	283	58	125
156	284	60	125
157	283	60	124
158	283	59	125
158	283	59	124
159	283	58	125
157	281	60	126
159	281	59	127
158	281	58	126
159	282	57	125
159	283	56	124
159	284	56	123
160	284	55	122
159	284	54	122
160	284	54	123
160	284	53	123
159	284	54	123
159	284	53	124
158	284	54	124
158	283	54	124
158	283	55	124
157	284	56	123
157	283	57	123
157	283	57	122
157	284	59	123
156	282	60	123
156	283	60	122
156	283	61	123
156	282	60	124
156	282	60	124
156	281	60	124
155	282	61	124
156	283	62	124
155	283	63	123
156	283	64	122
155	284	64	122
154	283	66	122
154	283	66	122
153	283	65	123
155	282	65	123
155	282	66	125
156	280	64	125
156	279	65	128
156	279	64	128
157	279	62	129
158	279	61	129
159	280	60	128
159	280	60	127
160	280	60	129
160	279	60	130
164	278	60	131
165	278	60	130
166	278	59	132
168	277	57	132
170	277	56	132
172	276	55	132
171	277	57	132
171	277	58	132
173	276	57	132
174	276	58	132
175	276	58	132
174	276	59	132
175	275	58	133
176	275	58	133
176	275	59	133
176	274	60	134
177	272	59	136
179	271	60	136
179	271	61	136
180	270	61	138
181	270	63	139
182	269	63	141
182	268	65	141
181	268	65	142
182	269	66	142
184	269	66	142
184	268	67	141
186	268	68	141
188	267	67	143
189	268	67	143
190	267	67	145
192	268	67	145
193	268	66	143
195	269	66	142
201	268	64	142
199	269	70	142
199	269	73	144
203	271	78	140
198	268	85	143
195	267	89	147
196	268	91	147
194	267	93	147
194	268	97	147
196	269	95	145
200	267	90	147
205	266	86	149
214	265	78	149
216	265	77	148
217	264	75	149
217	264	75	151
219	263	75	153
221	263	78	152
222	263	77	153
222	263	89	153
222	263	92	154
230	263	86	156
237	263	81	157
239	264	82	155
241	264	81	156
246	264	77	156
248	264	76	154
253	264	72	154
253	266	71	152
259	265	68	152
264	262	66	156
269	262	67	155
270	264	69	155
271	263	71	155
272	263	76	154
268	264	76	155
275	262	75	159
275	262	78	158
278	261	76	159
281	260	77	161
282	262	81	157
285	263	95	157
392	286	57	126
392	287	56	123
393	287	55	124
394	287	54	124
393	287	55	123
393	287	55	124
391	288	57	123
391	288	58	124
390	285	62	126
391	286	62	125
393	286	63	126
392	287	66	124
390	286	67	127
386	287	69	127
387	285	69	129
387	285	70	129
386	287	69	129
386	285	73	133
379	284	77	137
393	283	72	135
384	283	72	137
397	287	72	128
397	285	70	129
396	285	72	130
396	284	72	130
390	284	78	132
383	283	82	135
403	284	70	130
395	285	72	127
395	283	71	134
396	284	71	134
402	284	69	134
402	285	65	133
400	284	68	138
403	284	70	135
403	284	69	127
403	285	68	129
401	285	71	128
401	282	73	131
410	279	65	134
409	282	63	134
413	280	66	129
409	278	64	137
416	283	61	129
418	283	59	126
418	285	57	127
418	285	57	124
421	283	54	129
422	285	53	128
419	285	55	122
423	284	52	127
423	284	52	125
423	284	52	127
421	282	53	129
519	274	77	136
518	269	77	143
514	271	79	141
509	272	82	142
511	271	78	142
511	272	76	140
507	270	79	143
504	269	77	146
503	270	71	146
498	269	65	145
496	270	58	143
487	270	63	144
484	269	62	144
483	270	60	142
478	270	64	141
472	270	71	142
471	269	71	144
466	269	72	144
462	270	76	145
459	271	74	144
455	271	76	144
453	272	76	141
451	269	74	144
446	268	68	143
443	268	66	142
442	267	64	141
437	268	65	145
438	267	62	147
434	267	63	147
434	267	62	150
433	266	61	152
431	266	62	154
429	264	64	156
431	279	64	139
430	284	62	132
432	285	59	127
431	286	60	128
429	286	62	127
428	287	64	125
430	286	63	125
429	285	63	125
432	287	62	123
432	286	65	122
435	285	67	123
435	283	63	126
434	284	63	126
436	284	61	127
439	284	61	126
382	275	70	143
378	277	76	142
377	280	83	135
377	278	87	139
370	266	87	152
376	268	82	151
368	261	86	159
371	264	81	155
370	260	80	160
371	263	84	157
361	264	87	157
356	264	86	153
354	258	97	161
353	256	95	163
351	255	99	165
351	259	96	161
351	263	93	157
351	269	88	151
345	260	85	159
344	259	81	159
339	269	85	148
338	268	79	149
332	263	75	155
325	260	77	159
323	263	75	156
326	274	70	144
333	271	62	146
338	279	60	134
327	273	64	143
327	273	66	141
323	272	67	142
314	269	71	145
312	271	76	144
312	268	71	149
316	270	76	144
313	268	77	147
310	268	81	147
306	269	83	145
305	271	82	143
307	274	79	140
304	270	79	144
302	268	80	146
296	269	83	144
294	267	79	145
292	267	74	144
283	266	67	146
278	267	67	146
272	267	70	146
266	267	72	146
259	266	77	148
257	267	79	147
255	269	81	145
252	271	83	143
253	274	82	139
252	282	80	130
255	289	71	120
249	288	73	122
199	271	78	143
193	265	83	148
188	265	88	149
178	264	93	151
174	259	91	156
171	259	87	156
171	259	81	156
170	260	80	154
166	261	88	152
161	260	89	154
158	261	93	154
154	262	94	153
150	261	95	153
144	262	89	152
141	263	86	152
137	264	85	151
134	266	84	149
132	266	82	148
130	266	75	147
128	265	71	148
123	263	69	148
121	264	65	150
113	261	72	150
108	262	73	152
105	261	75	150
96	262	82	148
95	262	81	148
88	262	88	148
88	263	86	148
88	264	85	148
87	261	85	152
89	262	84	151
88	261	84	152
89	266	82	146
87	265	83	148
86	266	83	148
85	266	83	147
84	270	84	143
84	270	83	143
84	269	87	143
84	270	91	141
85	274	93	138
84	273	95	140
83	274	96	138
83	272	96	141
83	273	97	140
83	271	97	142
83	273	97	140
83	273	98	140
82	275	98	139
82	274	100	140
81	275	101	139
80	277	102	137
79	279	101	136
76	280	104	135
75	279	101	135
75	282	100	133
72	281	101	134
74	282	96	134
67	283	63	132
66	281	59	133
65	281	60	132
63	281	61	133
61	281	62	132
58	282	63	133
55	282	65	130
52	284	66	128
49	285	70	126
47	287	71	125
45	289	71	124
45	290	70	122
45	291	69	122
45	290	68	123
45	290	72	123
44	289	72	124
43	288	71	125
43	288	70	125
43	286	69	127
44	285	70	128
43	283	72	129
42	283	73	130
41	283	74	130
41	282	73	131
39	282	74	131
38	283	75	129
37	283	76	129
36	284	78	128
37	284	80	128
33	284	82	129
32	284	83	130
33	283	85	130
32	283	86	132
32	283	86	132
30	282	87	132
27	283	88	132
25	284	86	132
27	284	83	132
26	285	84	131
26	284	83	132
26	284	81	132
25	284	79	131
23	284	82	129
20	285	80	128
16	284	81	129
10	284	79	129
10	282	79	132
6	282	78	133
5	282	73	134
3	283	73	132
6	283	80	128
0	285	83	127
0	284	80	128
0	283	77	130
0	282	68	133
0	286	57	128
0	289	53	125
0	289	52	124
0	290	53	122
0	286	51	127
0	286	41	125
0	283	42	127
0	282	45	127
0	282	51	128
0	282	52	127
0	283	52	126
0	283	51	124
0	284	53	126
2	284	61	125
0	284	66	125
0	284	71	125
0	284	73	125
4	284	73	127
6	284	75	125
9	283	70	128
12	286	63	126
13	287	66	124
11	289	69	124
13	292	71	120
13	293	72	118
16	294	72	117
19	294	74	116
19	293	80	117
32	291	73	115
41	292	64	115
52	293	56	115
57	292	60	116
59	291	65	115
62	290	64	117
64	287	67	120
66	284	69	123
67	282	73	124
70	281	75	125
71	279	81	128
70	275	87	133
82	291	97	115
82	278	95	126
84	269	94	130
97	259	85	131
128	253	75	132
136	251	77	134
143	250	75	135
149	250	74	149
154	261	69	148
155	279	64	135
150	288	65	134
150	298	63	131
150	302	65	132
153	317	72	123
164	319	73	123
184	317	70	124
213	320	73	121
236	317	72	120
259	314	73	124
283	310	69	121
309	306	74	123
342	308	67	119
364	304	65	125
382	300	66	125
398	293	69	124
430	283	69	125
450	277	70	125
470	272	70	126
482	268	75	129
503	270	73	125
518	266	71	127
521	264	73	128
518	259	78	135
520	258	80	135
521	258	83	133
528	258	81	132
533	259	83	129
536	258	92	130
538	260	97	126
540	260	97	126
541	260	98	127
544	260	97	129
547	259	96	130
550	259	93	129
557	258	86	131
565	257	79	132
573	256	73	133
576	256	72	132
582	256	71	132
586	255	71	132
590	256	62	130
580	259	55	124
587	260	52	123
590	260	58	124
598	258	60	123
624	257	59	124
641	257	63	124
656	255	68	125
666	258	61	123
672	258	56	123
673	258	55	123
676	257	53	124
677	257	51	126
678	257	51	126
680	258	50	124
684	258	51	124
685	257	52	125
685	258	56	124
687	258	59	125
687	258	66	125
687	257	72	125
687	257	69	125
691	257	68	127
691	257	64	126
692	256	63	127
694	257	65	127
694	256	65	129
695	256	64	129
695	256	66	129
697	255	65	130
708	255	55	129
714	255	53	127
721	255	51	129
725	256	49	128
727	256	50	126
729	257	53	124
730	258	55	125
731	257	56	125
737	257	51	126
741	257	51	125
745	257	51	125
748	257	51	125
751	258	53	124
751	259	56	123
751	261	59	120
740	268	67	113
722	273	66	103
693	282	71	94
656	287	82	88
634	273	79	103
627	275	72	101
630	271	65	105
636	272	60	104
639	272	61	105
653	271	52	107
660	272	51	107
665	275	58	103
666	274	59	104
667	270	64	108
668	269	67	110
674	267	63	113
682	267	57	112
685	273	54	107
687	278	57	102
690	277	55	103
693	275	56	104
697	277	55	104
702	271	54	109
705	271	55	108
709	271	54	107
717	269	58	110
734	266	63	114
735	265	65	115
732	264	66	116
734	262	66	117
734	263	66	118
735	262	67	118
738	261	65	118
738	261	64	118
740	262	63	118
741	262	62	117
740	263	63	119
740	263	62	118
741	263	61	118
742	262	60	118
743	263	60	117
743	263	61	117
745	265	60	115
746	265	60	115
745	265	62	115
746	265	63	116
748	263	61	116
749	263	59	116
751	263	58	116
752	263	59	114
755	265	67	113
750	263	70	116
756	265	74	114
753	266	74	114
758	266	74	113
757	264	73	115
762	266	70	111
760	265	71	113
762	265	69	112
764	263	70	114
761	264	72	112
778	264	64	113
767	266	62	109
779	262	66	115
775	266	70	110
778	264	74	112
781	264	72	112
781	264	74	112
782	265	76	111
780	266	79	109
783	265	78	109
787	265	73	111
787	264	69	110
814	260	62	115
820	261	61	112
820	262	55	113
822	264	64	108
833	264	70	107
835	267	71	104
836	264	70	106
837	264	70	105
818	267	59	104
815	265	56	107
815	267	56	104
816	266	58	104
816	267	60	104
821	264	54	105
826	265	52	101
838	264	52	100
850	265	50	102
843	264	51	102
847	264	51	103
838	264	43	102
848	263	47	103
844	264	44	103
852	266	47	101
853	264	48	103
850	264	51	103
851	264	53	103
851	264	56	104
853	264	58	104
851	263	59	107
917	260	42	107
897	265	55	99
833	270	105	93
818	249	84	118
798	252	77	113
797	253	73	116
797	247	68	121
802	249	60	117
806	254	59	111
817	256	54	107
821	255	58	106
823	255	61	106
823	255	61	108
804	257	70	103
766	254	70	107
747	254	70	108
744	256	64	106
743	258	63	102
745	257	60	105
749	258	57	102
756	259	54	101
765	260	52	100
769	254	58	106
769	250	69	110
772	250	77	111
774	251	77	109
775	251	78	108
777	251	78	110
780	251	76	110
781	249	76	113
796	248	61	112
801	248	56	112
805	247	54	112
809	247	51	111
815	249	55	111
820	247	60	111
822	247	68	112
823	248	71	111
823	251	76	107
823	250	78	108
824	250	80	109
827	250	77	108
830	250	74	107
835	249	71	107
837	246	69	110
837	245	71	111
842	246	66	110
847	245	61	111
852	244	59	113
857	246	61	111
858	245	65	112
858	244	67	112
859	244	67	111
860	244	67	112
860	244	67	112
861	244	67	112
865	243	63	113
866	243	62	112
865	243	64	113
866	243	65	112
868	243	63	112
869	243	62	112
867	243	66	112
867	243	65	112
870	244	59	112
870	244	60	112
869	244	61	112
869	244	60	112
870	245	59	112
871	244	58	112
868	245	60	112
870	247	58	112
865	245	62	112
871	245	59	113
864	245	64	112
869	245	60	113
867	247	61	111
874	247	54	111
866	246	61	113
871	246	58	112
866	245	60	113
873	245	55	113
869	246	57	114
869	244	48	112
871	246	47	109
872	247	49	106
873	247	50	107
873	248	53	107
872	248	55	108
872	248	59	110
872	245	62	114
871	245	65	114
866	247	63	112
866	247	66	112
866	247	64	112
865	246	65	116
865	247	65	116
864	247	65	116
865	247	65	117
864	247	66	116
861	247	66	117
856	246	70	117
857	246	70	117
855	245	71	119
856	247	70	117
852	247	73	117
849	247	76	118
847	247	77	118
846	247	77	117
844	248	77	117
843	248	79	117
842	249	79	115
840	249	79	116
838	249	80	116
837	248	78	117
833	249	75	116
829	247	74	117
827	248	66	118
827	248	59	119
825	247	55	119
825	248	54	119
825	248	53	119
824	248	53	118
824	249	51	117
823	249	51	118
824	248	49	119
824	247	49	118
824	246	49	118
822	247	49	117
823	246	49	117
822	246	49	117
821	246	49	116
821	247	49	116
821	246	50	116
819	246	52	116
816	246	55	118
816	244	56	120
812	243	59	121
808	242	64	123
802	241	69	125
797	242	75	124
795	243	78	122
792	242	79	122
791	242	80	121
790	243	80	122
790	243	80	122
790	243	80	122
787	242	82	124
784	243	83	124
780	242	80	124
778	243	76	123
777	242	72	125
776	243	65	126
774	243	61	125
773	242	56	127
770	242	54	125
767	243	55	124
764	243	57	123
761	242	59	124
760	242	59	123
754	241	65	123
748	241	70	124
743	242	73	123
737	243	78	122
731	243	86	122
723	246	93	121
724	247	91	118
722	249	91	117
720	252	93	116
716	253	96	114
709	258	90	108
708	255	83	109
704	258	84	107
701	262	88	103
684	267	104	98
624	270	74	99
619	270	76	101
613	270	77	104
613	268	75	106
612	269	76	105
610	267	73	107
609	267	68	109
607	266	65	109
604	266	58	108
602	267	56	106
600	261	54	113
597	260	58	115
594	257	57	117
592	258	61	117
589	257	60	119
588	257	58	119
586	257	60	118
583	257	60	119
578	256	67	119
571	256	71	119
563	256	78	119
559	256	75	119
557	256	73	119
556	258	70	119
555	258	68	119
555	258	67	120
554	259	66	119
549	259	65	119
546	259	60	118
544	261	58	116
541	262	57	114
536	264	60	113
530	264	64	113
525	264	67	112
518	266	72	109
515	267	71	108
513	268	69	107
513	270	68	106
512	269	66	105
512	267	66	108
511	267	65	109
508	267	66	109
506	266	67	109
505	267	67	109
504	266	65	109
502	268	67	109
500	268	69	109
500	268	67	107
499	269	66	108
501	267	66	110
498	266	66	110
501	266	63	111
500	265	61	112
502	265	60	112
498	265	61	112
498	264	65	112
495	264	71	112
541	262	81	114
538	264	82	112
529	267	87	111
533	266	89	110
522	268	101	108
510	267	112	107
507	267	112	109
505	264	114	111
502	263	115	113
501	260	102	114
496	261	98	117
492	259	69	118
487	259	62	118
484	258	60	115
469	260	73	115
457	260	82	113
449	261	85	114
449	261	83	117
447	261	79	116
449	260	69	116
448	260	68	118
448	260	68	119
447	259	68	119
445	259	70	120
444	258	70	122
442	259	68	123
441	259	67	123
441	261	69	122
439	262	69	120
437	259	64	122
429	257	66	124
426	255	66	126
424	256	64	124
426	256	61	124
420	258	66	122
425	260	74	120
445	268	84	112
439	267	94	111
436	267	97	112
428	271	104	109
427	271	107	110
426	270	101	111
383	270	69	111
389	267	68	115
382	267	73	115
377	267	76	116
374	263	78	119
374	260	77	121
372	259	73	122
367	258	72	122
364	256	67	123
361	258	67	121
374	259	69	121
350	259	70	122
339	263	79	119
317	260	92	123
307	262	101	119
298	264	111	114
290	265	115	114
287	265	118	117
289	265	115	117
288	266	117	117
286	268	118	116
286	269	115	115
287	269	101	114
290	270	92	115
298	266	82	116
296	266	79	116
294	264	75	118
292	263	68	120
288	262	67	122
281	262	73	122
278	263	75	120
277	265	74	118
274	267	74	116
270	266	70	116
266	265	71	116
265	264	69	118
264	267	66	116
263	262	62	120
263	267	64	117
262	272	66	109
260	271	68	110
255	263	73	116
243	264	72	120
124	270	68	117
121	274	66	114
119	278	61	110
116	278	58	112
108	278	62	112
99	279	70	111
94	278	72	111
92	280	71	110
93	280	70	110
93	276	69	114
91	273	66	117
91	271	64	119
91	268	63	121
91	267	62	122
86	268	68	120
85	269	67	119
84	270	66	119
84	270	65	117
89	269	67	118
84	263	66	125
91	259	68	129
99	252	76	133
102	249	85	134
107	245	81	138
169	242	76	141
173	242	71	140
173	244	71	139
171	246	71	137
168	247	73	136
165	251	64	134
164	253	60	131
156	258	64	127
139	260	68	125
131	262	77	124
131	260	74	126
125	262	78	124
123	261	80	124
125	262	76	124
124	263	79	123
122	263	78	124
122	263	77	124
121	263	65	124
124	263	64	124
121	262	67	125
118	262	69	125
110	262	77	125
107	261	78	126
102	262	82	125
93	265	89	123
92	263	85	125
90	263	82	125
85	262	80	124
81	263	77	123
76	261	70	125
76	261	62	125
73	263	64	123
65	264	69	123
57	263	74	125
50	261	80	128
46	266	84	125
45	268	84	122
44	268	84	123
39	271	76	117
39	270	68	119
36	269	58	121
32	272	53	118
30	267	51	123
27	269	52	121
25	269	53	119
23	271	53	119
20	270	57	119
18	271	58	119
16	273	59	118
15	270	57	120
11	270	57	120
9	269	54	122
7	268	54	122
5	268	53	121
5	270	53	119
2	266	54	124
2	263	54	127
1	263	55	128
0	264	56	127
0	265	56	127
0	265	55	127
0	267	55	126
0	266	54	126
0	266	53	125
0	264	51	128
0	267	49	126
0	270	49	123
0	267	49	125
0	271	47	122
0	271	42	121
0	277	38	115
2	277	34	116
1	280	33	112
1	280	31	111
0	282	30	109
0	285	27	107
0	285	27	108
0	284	25	108
0	285	24	107
0	284	23	106
1	281	22	103
0	288	21	96
0	290	19	94
0	287	21	98
0	283	22	99
0	282	24	98
39	269	46	127
34	261	76	137
25	261	88	136
23	263	88	134
12	262	91	136
9	257	91	138
6	256	93	140
2	257	95	139
2	256	92	141
1	256	92	144
1	258	92	147
5	257	92	146
9	257	87	144
8	254	86	149
8	253	92	147
6	254	96	146
10	253	99	148
27	253	93	146
32	254	90	150
42	256	121	146
40	250	146	150
42	244	158	154
47	246	165	155
54	242	169	154
60	242	157	152
69	241	142	154
77	245	118	155
98	244	92	159
123	242	107	159
134	241	103	161
144	238	90	166
147	237	95	165
150	235	112	167
153	231	126	168
158	233	134	165
165	240	133	157
178	242	125	156
189	240	123	157
207	233	108	167
226	232	98	169
261	241	99	156
273	239	90	151
271	240	87	151
279	223	88	166
289	221	87	168
294	219	90	170
297	221	76	173
301	242	75	147
303	255	75	134
307	255	89	132
319	256	112	137
310	255	74	137
341	251	95	142
346	250	96	143
355	248	92	144
363	242	78	150
376	248	75	143
379	238	69	155
386	242	68	147
389	245	72	142
386	242	75	147
397	247	78	134
405	248	80	140
415	247	76	138
416	247	80	136
418	247	90	135
415	249	102	136
410	250	123	134
372	242	131	146
376	238	133	149
368	239	142	149
373	235	123	152
370	234	118	156
364	231	119	157
369	231	108	156
374	230	102	153
374	230	100	156
379	232	92	155
381	233	89	156
384	238	86	152
387	242	82	146
387	243	82	147
386	246	85	142
383	245	85	143
380	250	84	137
381	251	78	135
379	252	72	136
380	252	68	134
381	251	64	135
377	246	66	140
374	240	68	146
373	239	68	145
372	231	70	155
372	233	70	147
363	220	71	158
319	258	66	124
357	211	70	167
343	227	81	154
320	257	74	123
321	258	72	125
324	256	74	127
326	248	71	136
328	249	71	137
329	249	69	140
332	251	66	138
335	252	65	137
335	255	66	133
334	256	68	132
336	257	66	133
334	257	67	131
335	258	67	131
334	259	67	129
333	258	68	130
332	257	69	131
334	255	69	133
334	255	65	134
337	254	63	134
337	256	60	133
336	255	65	133
332	253	67	133
332	248	71	140
331	246	68	142
330	247	69	142
328	248	69	142
327	247	69	142
322	247	73	143
320	248	72	142
320	246	71	145
319	246	72	145
319	246	72	145
319	246	72	146
321	245	70	147
321	246	72	146
323	245	70	147
328	244	66	147
326	244	68	146
327	244	69	147
328	245	66	145
326	246	69	144
327	245	74	146
322	244	80	148
320	244	80	149
318	243	79	149
317	243	79	150
316	242	79	151
312	240	75	153
306	238	76	155
306	238	74	156
304	238	70	155
309	238	68	155
306	239	69	153
308	239	68	153
306	239	69	153
305	239	68	152
304	238	69	153
304	236	70	154
301	236	70	154
305	239	69	152
297	238	72	152
303	242	68	150
297	240	73	150
302	242	73	150
299	243	74	149
300	244	74	149
296	245	74	148
292	247	70	145
294	252	74	139
326	258	66	129
327	259	66	128
324	260	70	125
329	259	70	128
267	256	74	131
269	255	75	133
270	257	75	132
262	252	74	139
260	248	71	142
257	246	72	147
254	243	71	150
253	241	68	150
251	242	67	150
251	243	65	148
250	244	69	147
248	243	68	148
247	243	74	148
247	242	74	150
249	240	73	153
250	240	71	152
248	239	67	154
249	240	65	152
249	241	67	151
251	240	72	153
252	239	71	155
257	239	73	154
252	238	75	155
258	238	75	154
173	233	85	174
174	232	95	173
174	228	107	180
176	229	118	178
178	233	119	175
176	233	122	176
180	232	118	175
186	231	114	176
196	230	112	177
206	230	106	174
223	231	93	173
234	231	80	170
255	234	81	167
261	229	80	172
265	237	78	165
267	247	87	155
269	247	92	153
270	245	88	150
269	240	87	160
265	239	83	160
315	255	86	142
313	252	88	138
309	249	98	151
313	245	106	155
323	243	97	158
336	249	87	148
342	253	84	138
346	258	86	138
321	264	74	127
314	262	81	130
309	262	78	130
259	249	85	145
262	247	89	147
264	246	91	148
294	248	99	145
374	259	78	131
373	261	68	124
371	260	63	124
368	264	66	123
366	265	67	120
365	265	63	120
361	266	65	119
357	266	68	118
355	267	69	117
351	266	69	119
349	265	70	119
344	266	74	119
341	266	75	120
325	260	87	126
333	256	82	131
325	257	81	131
284	236	73	160
280	236	76	159
281	237	75	158
284	236	74	158
282	235	69	155
289	238	68	154
288	239	68	148
297	238	66	152
305	238	64	152
304	238	68	154
306	239	70	153
307	239	74	154
309	237	80	155
310	237	84	156
311	235	87	156
311	238	88	155
310	237	88	156
311	237	93	158
312	238	94	157
314	239	97	157
316	237	94	158
320	238	92	157
325	236	87	159
332	235	82	159
338	234	78	160
347	235	73	159
355	235	70	159
359	236	68	158
362	236	72	157
364	237	79	158
367	236	89	160
369	234	92	162
372	234	97	162
372	233	99	162
373	234	100	161
375	236	99	159
377	233	98	162
377	232	99	162
379	232	98	162
383	232	96	162
388	231	91	163
396	229	86	165
403	229	82	164
408	230	77	164
413	229	73	164
415	231	73	163
419	230	76	163
420	229	83	165
421	228	90	164
422	229	95	164
424	227	99	164
425	229	102	163
425	228	103	163
428	228	102	163
430	228	103	164
434	226	97	166
436	225	95	166
439	226	94	165
440	226	93	165
441	225	94	166
443	226	91	165
445	224	92	166
446	225	90	166
447	224	89	166
448	225	90	165
448	227	91	163
449	224	94	166
448	224	100	166
448	225	104	165
451	224	106	167
456	221	101	169
460	224	96	169
465	221	88	171
468	221	81	171
470	222	75	170
471	223	71	167
469	226	72	163
463	226	77	163
458	224	83	164
454	224	86	163
450	228	89	160
449	230	90	158
449	230	89	160
449	230	88	159
451	230	85	160
452	232	85	159
451	233	85	158
449	233	90	157
446	232	94	158
445	232	97	157
443	234	96	155
442	236	93	154
444	234	93	154
439	236	92	153
438	235	91	153
439	234	87	154
441	234	82	155
442	235	77	154
443	235	73	153
363	242	84	141
363	243	95	139
367	241	103	141
371	239	99	142
376	240	101	140
384	241	99	138
399	241	87	139
425	239	80	148
423	238	81	150
421	237	83	151
416	238	89	150
420	237	93	149
444	240	79	147
457	241	73	139
459	245	81	135
465	241	78	140
473	244	87	135
480	244	86	135
482	244	84	133
486	245	87	133
488	243	86	134
495	243	81	133
411	241	75	145
410	239	75	148
409	239	75	148
408	240	74	147
407	241	75	145
407	243	73	144
407	244	72	142
406	244	71	141
406	244	71	141
405	244	71	142
404	245	72	142
402	244	72	141
400	244	72	140
398	245	72	140
396	245	73	140
394	244	73	140
392	243	72	141
389	244	72	140
388	246	72	141
386	246	72	138
384	246	72	138
382	249	74	135
381	250	74	135
380	250	73	133
378	250	72	133
379	250	68	134
379	248	66	136
378	248	64	136
377	248	64	136
375	247	65	136
374	250	65	132
373	251	66	131
372	252	66	130
372	253	67	130
371	252	68	130
369	254	69	131
367	253	70	131
367	252	69	132
365	253	66	131
364	254	65	129
363	252	61	131
362	252	60	132
362	252	57	131
361	252	57	130
358	253	57	130
358	254	58	129
353	255	61	128
349	256	64	127
346	256	69	127
344	256	70	127
344	256	68	126
341	257	70	124
342	256	67	125
343	254	64	126
343	253	62	127
344	253	60	127
345	252	58	128
347	251	57	129
347	251	57	129
346	251	57	130
347	251	58	130
346	251	59	130
346	251	60	129
345	248	65	131
344	246	70	134
343	248	69	132
344	241	76	136
343	245	74	134
343	244	76	134
342	246	74	132
342	251	74	127
342	249	76	130
342	248	78	130
341	250	76	129
340	252	77	125
339	252	75	126
338	253	80	124
337	255	73	124
336	252	71	125
336	250	67	128
336	249	65	130
337	250	63	130
338	249	62	132
337	249	62	132
336	248	63	133
335	247	63	133
333	247	63	133
332	247	61	132
331	249	57	130
331	248	57	129
328	248	58	131
325	247	61	131
323	246	60	132
320	248	62	130
316	248	66	130
315	250	66	128
310	253	70	124
311	255	68	121
311	256	67	120
319	256	60	121
317	258	58	119
316	258	58	119
315	259	56	118
314	259	57	118
315	259	57	118
312	260	60	118
310	259	61	118
308	259	62	117
308	259	61	116
306	260	62	116
303	262	63	114
301	262	65	114
299	263	69	114
295	262	72	114
294	262	69	115
291	262	69	115
286	262	70	115
279	262	72	116
273	262	68	116
270	262	67	115
267	262	66	116
263	262	68	116
260	262	68	116
258	262	67	115
254	262	69	115
251	264	72	114
249	263	70	114
247	264	70	113
246	263	70	115
243	261	70	118
241	261	67	118
241	262	68	118
237	262	68	117
233	263	68	118
228	262	60	119
224	265	59	118
222	264	57	118
218	266	59	115
216	265	58	115
211	265	60	114
205	264	63	115
205	265	63	115
203	265	65	116
198	263	63	118
195	263	61	119
195	263	66	119
193	263	65	119
190	266	61	116
187	262	60	119
181	266	56	115
183	270	58	111
179	270	63	110
170	266	66	116
166	273	64	109
163	270	63	111
159	276	63	105
159	270	65	113
155	259	74	125
153	254	87	132
147	252	91	136
143	251	91	138
140	252	85	136
138	254	79	133
133	255	67	133
129	262	62	126
125	263	62	123
117	265	55	122
116	263	55	122
108	261	55	123
106	264	55	120
103	265	55	120
98	266	56	120
94	266	60	120
92	265	60	122
88	265	62	122
85	265	64	122
83	265	64	122
81	264	64	123
76	263	63	125
73	264	59	121
69	266	62	117
61	265	65	122
56	266	63	124
53	267	64	122
48	268	63	122
35	266	61	127
23	267	62	130
18	268	60	130
13	266	62	131
17	268	60	129
14	270	61	125
12	269	61	125
7	268	64	129
4	264	66	131
6	264	68	131
2	265	67	127
2	266	62	129
0	267	59	128
0	266	56	131
1	267	53	130
0	266	50	130
1	267	48	130
1	267	47	130
1	267	46	130
3	267	48	130
1	265	49	132
0	266	46	132
0	266	47	131
0	265	47	131
0	265	46	132
1	265	47	131
0	264	47	131
0	265	45	129
0	266	41	131
1	263	41	134
0	267	43	129
0	265	43	133
1	264	42	134
0	266	40	131
0	267	39	127
3	270	41	124
1	267	64	122
0	267	63	125
0	270	62	124
1	276	56	118
0	277	51	117
0	269	45	127
0	266	42	131
1	267	39	131
0	268	39	128
0	268	39	129
0	268	39	128
0	268	39	129
0	267	39	130
1	266	40	131
0	266	41	131
0	266	41	131
1	266	41	132
1	266	41	131
0	266	41	131
0	266	40	131
0	266	39	130
1	268	38	129
0	270	38	126
1	271	37	125
0	272	36	124
1	277	36	121
1	281	35	118
1	279	36	120
0	273	35	126
1	269	34	130
1	260	37	139
1	251	40	148
2	241	45	158
2	244	51	153
1	245	55	149
0	255	65	130
0	250	69	137
1	249	68	135
3	247	71	132
3	254	79	124
5	252	85	128
163	248	80	146
166	247	81	150
165	246	81	150
163	246	83	151
160	246	85	151
157	247	82	151
155	247	80	150
155	247	79	150
153	247	71	149
150	247	67	150
146	247	67	149
144	246	67	150
142	246	68	150
141	246	69	149
140	247	69	149
136	247	72	149
133	245	75	150
128	247	80	149
128	246	79	151
130	246	76	151
128	245	78	150
129	246	76	149
127	247	78	148
127	247	76	149
127	247	76	148
127	247	75	148
127	246	74	148
125	247	73	147
124	247	70	147
122	248	69	147
122	248	68	148
124	248	66	147
124	248	67	147
121	248	70	147
119	248	72	148
117	248	73	148
116	249	74	148
113	248	76	149
112	247	76	149
108	246	77	150
107	247	77	151
103	246	77	151
101	247	76	150
100	247	74	151
98	246	74	152
96	246	75	150
97	247	74	149
97	248	74	147
97	248	74	147
97	249	74	146
97	250	73	145
95	251	75	145
94	250	74	146
93	250	76	148
91	249	77	149
89	250	76	148
87	250	74	148
87	249	71	149
87	248	67	148
86	249	65	148
85	251	62	147
80	250	59	146
80	252	54	144
85	253	53	145
79	252	54	147
81	253	54	146
79	254	53	144
61	253	60	145
66	252	59	145
60	251	58	146
59	253	64	146
59	254	60	143
59	256	63	142
58	264	62	134
59	280	62	117
58	278	63	120
55	254	68	145
53	252	68	146
50	251	68	147
50	251	63	147
48	252	62	146
47	252	64	146
45	253	62	145
43	252	60	146
37	252	62	146
34	252	59	147
33	252	59	147
30	252	61	149
27	252	62	147
22	251	67	148
15	251	74	149
9	250	79	150
7	250	80	151
7	250	80	152
9	250	78	152
8	250	78	152
5	251	81	152
3	250	82	152
3	250	80	152
1	249	79	153
0	250	78	153
0	250	77	152
0	250	70	151
0	251	62	150
0	252	58	150
0	253	55	149
0	253	54	149
0	253	54	150
0	252	50	150
0	253	50	150
0	253	49	149
0	253	48	150
0	253	48	151
0	253	49	151
0	252	49	151
0	252	50	151
0	252	49	151
0	252	48	151
0	252	47	151
0	252	46	152
0	251	45	152
0	252	43	151
0	252	43	150
0	253	42	150
1	252	41	151
0	252	39	151
0	251	39	151
0	252	39	152
0	252	39	151
0	252	39	152
0	252	40	150
0	252	38	150
0	252	39	152
0	252	37	150
0	252	39	152
0	253	38	150
0	252	38	151
0	253	37	151
0	252	37	153
0	252	37	151
0	251	36	151
0	250	37	153
0	250	37	153
0	250	38	152
0	249	39	153
0	249	39	155
0	247	38	157
0	247	40	158
0	247	39	160
0	246	41	160
0	247	47	161
1	247	48	160
1	246	51	160
1	246	50	161
1	245	50	162
1	245	51	162
1	243	53	164
0	243	53	164
0	243	57	165
0	242	58	164
0	242	63	164
0	243	67	165
0	243	69	162
1	243	70	162
2	243	71	163
4	243	75	162
6	242	76	163
7	242	80	163
11	243	82	163
10	242	83	165
12	242	83	165
14	241	84	166
17	240	82	167
19	239	81	167
24	239	76	168
27	239	74	168
36	238	68	168
42	238	62	168
46	238	61	167
50	238	60	169
52	237	64	170
56	237	68	169
55	239	76	167
57	238	87	167
57	239	92	167
58	238	96	168
59	238	92	168
60	240	96	168
62	240	95	166
64	239	92	166
67	240	90	167
74	240	86	165
84	239	80	165
94	236	77	166
102	237	74	165
110	240	73	163
117	239	68	163
121	238	74	163
123	239	81	163
124	237	91	165
125	237	101	166
126	237	100	166
126	239	102	165
126	238	105	164
126	237	101	165
129	241	104	160
134	240	98	159
140	241	93	158
140	243	89	155
154	242	78	160
167	239	69	161
173	239	72	159
173	238	78	161
176	241	81	160
178	241	86	159
181	241	90	158
182	241	92	157
183	242	94	156
186	240	92	158
188	241	93	158
190	238	92	162
193	237	90	162
198	235	85	165
203	235	81	163
209	234	76	164
213	236	75	162
216	238	76	159
217	240	79	156
220	240	83	156
220	241	88	157
224	242	89	156
226	238	92	157
228	238	94	158
230	237	96	158
234	240	95	154
236	240	95	154
240	242	92	153
244	242	89	153
247	241	87	153
249	243	87	150
252	245	85	148
255	243	83	151
259	241	80	153
261	240	80	153
264	237	78	157
267	241	81	153
268	242	76	152
271	241	75	152
273	242	75	151
274	244	78	150
278	244	79	151
281	245	77	148
285	247	75	146
287	246	76	146
289	247	76	145
291	248	75	145
293	247	74	145
296	246	72	146
298	242	71	149
299	241	73	150
300	241	72	148
302	238	72	147
305	239	70	148
305	241	73	149
306	241	75	150
306	242	78	149
307	243	83	148
308	243	84	148
308	243	89	147
309	241	88	148
311	243	87	146
309	245	90	144
310	245	92	145
313	244	90	146
313	242	88	148
317	241	85	149
318	240	85	150
319	237	85	151
321	237	85	152
321	236	86	152
322	236	86	153
329	236	82	153
332	236	80	151
343	236	72	152
347	237	71	151
345	240	72	148
348	239	71	148
351	239	70	148
354	238	70	150
356	239	68	149
359	239	67	148
363	238	67	149
364	237	67	149
365	237	69	149
366	236	68	151
367	237	69	150
370	237	68	145
370	238	70	145
371	237	71	145
372	238	72	146
374	238	73	147
376	239	74	146
378	241	78	145
380	238	78	145
382	239	77	144
381	240	80	143
381	240	80	143
378	239	83	145
378	239	82	144
385	239	76	144
387	239	74	144
394	241	69	143
395	241	65	141
397	242	64	142
398	241	63	143
400	240	64	143
401	240	64	143
403	240	62	144
405	240	61	144
406	241	60	143
408	241	59	142
409	241	59	142
409	241	59	142
410	242	59	141
411	242	58	141
411	242	59	141
411	241	61	141
410	241	63	141
410	242	65	143
410	241	66	141
411	242	67	142
413	242	66	141
415	242	66	141
416	241	66	141
417	242	65	141
417	242	66	141
419	244	66	139
419	242	68	140
419	243	69	139
418	243	69	139
419	243	69	139
420	244	69	138
421	245	69	138
422	245	69	138
423	246	68	137
424	245	68	137
425	245	68	137
426	245	68	138
427	245	67	138
428	245	66	138
428	245	65	137
430	245	64	136
429	245	64	136
430	245	61	136
430	246	60	136
430	246	59	136
430	246	58	135
431	247	57	134
431	247	57	133
432	248	56	133
432	248	56	132
431	249	56	131
430	250	56	131
429	250	56	130
429	250	58	131
427	249	59	132
424	248	61	133
422	247	64	135
421	248	65	135
420	248	65	134
417	248	66	134
417	248	64	134
416	248	61	134
415	247	58	135
413	248	58	133
413	247	57	132
412	248	57	132
413	249	55	131
411	250	55	129
412	250	54	129
413	251	53	128
412	251	52	127
412	252	52	127
412	252	51	127
412	253	51	128
412	252	51	128
411	252	51	128
411	252	50	128
409	251	50	128
408	251	50	129
407	250	51	129
406	252	51	128
404	252	49	126
403	252	47	127
403	252	46	129
400	251	47	130
399	250	46	129
397	252	47	129
393	252	52	129
391	252	53	128
387	253	57	127
383	252	60	128
381	253	63	128
380	253	63	128
378	252	65	128
377	252	64	127
377	252	63	128
379	253	62	127
378	253	62	127
378	254	61	127
377	254	62	127
377	254	62	126
376	254	61	127
375	254	61	127
374	255	62	127
374	253	61	127
373	254	60	126
371	255	59	126
370	254	52	126
369	255	48	125
367	255	47	126
366	256	46	126
363	255	48	126
360	255	50	126
356	255	55	125
351	255	60	126
347	255	64	126
345	255	66	126
344	255	66	127
343	255	66	127
342	256	67	127
341	255	67	126
341	256	66	126
341	255	64	126
340	256	64	126
339	256	63	125
339	256	61	125
339	256	54	125
339	256	52	125
337	257	50	124
336	256	50	125
335	256	50	125
334	256	50	124
334	257	49	125
332	256	49	125
331	256	48	126
330	256	48	126
330	256	48	126
329	255	47	126
328	256	47	126
328	256	47	126
328	256	47	126
327	256	47	125
326	257	47	124
325	256	47	125
325	256	47	125
323	257	48	125
321	257	49	124
320	257	51	123
317	257	52	123
315	258	55	123
312	257	59	124
312	257	59	125
310	257	61	125
308	257	62	125
306	257	63	126
305	256	64	126
303	256	65	126
303	256	64	126
300	257	64	125
298	258	64	125
297	257	62	126
295	257	55	127
293	256	51	128
292	257	52	128
289	257	51	128
289	257	50	127
284	258	54	126
277	258	60	126
274	257	63	128
271	257	68	129
271	258	68	131
268	258	69	128
268	258	67	127
267	258	68	128
264	259	69	129
258	258	72	130
238	251	85	140
237	245	86	151
238	244	85	151
239	246	81	148
244	245	78	149
241	246	82	149
245	244	77	152
245	248	77	146
244	250	73	144
238	254	69	134
231	258	68	127
228	259	69	126
226	260	68	125
224	259	69	126
219	259	71	126
218	258	71	128
216	257	69	127
212	258	72	128
210	257	72	129
207	257	67	129
189	254	70	133
188	255	70	131
187	257	67	131
188	256	65	130
188	255	65	132
188	255	65	133
183	255	70	132
178	255	73	132
177	257	72	131
173	258	75	130
172	259	74	129
170	260	73	128
168	259	72	128
168	259	71	129
166	259	69	129
163	259	63	127
161	259	60	128
159	259	56	128
157	259	54	128
156	258	53	130
154	259	52	128
153	259	51	129
151	260	51	127
148	260	53	128
146	260	54	127
143	260	56	127
142	260	57	128
139	260	59	129
138	259	60	130
134	258	59	131
131	258	58	131
128	258	60	132
127	257	59	133
126	257	59	132
120	258	63	133
118	259	64	131
120	255	64	137
117	249	68	141
117	248	70	143
39	258	73	137
117	261	72	129
108	260	62	131
108	258	57	135
109	258	57	134
109	258	56	134
106	257	58	134
104	257	61	134
102	257	63	133
101	257	63	132
100	257	61	133
96	257	62	134
96	257	61	132
95	257	61	132
95	257	60	133
96	257	61	133
96	257	61	133
93	256	63	133
93	257	65	133
94	257	64	133
96	257	62	133
95	257	61	132
95	258	63	132
96	257	63	133
97	256	62	133
99	256	61	135
100	256	60	135
102	256	60	136
102	256	59	136
104	255	59	137
104	256	58	136
105	256	57	136
105	256	58	136
106	256	57	135
107	257	56	136
108	256	56	136
109	256	56	136
106	256	57	135
107	256	58	134
107	256	58	134
106	256	56	134
105	256	54	134
103	259	58	134
97	259	65	132
90	267	76	125
82	269	85	123
85	273	81	120
85	277	79	116
93	273	73	121
87	272	72	123
93	272	67	123
90	272	64	123
92	274	56	119
98	274	51	118
100	270	50	121
101	270	49	121
100	267	50	124
102	269	48	123
105	269	48	123
109	271	54	121
113	269	57	123
115	268	57	126
119	264	55	127
120	266	50	119
122	267	52	116
125	263	52	128
125	257	53	133
127	257	54	132
128	253	54	138
130	255	53	137
131	251	52	140
133	252	52	141
134	252	53	140
135	252	55	141
136	254	57	141
138	252	55	141
140	252	55	142
140	252	57	143
141	249	56	143
141	251	57	140
142	250	57	140
144	250	56	141
145	251	59	142
147	253	60	142
147	254	59	143
151	254	60	142
149	262	64	131
152	263	67	129
156	268	73	123
155	253	66	141
160	257	64	138
156	251	73	142
155	250	74	145
162	247	72	148
163	245	73	149
160	244	71	151
172	244	71	151
172	244	69	150
171	244	70	152
171	242	70	154
172	243	68	152
174	244	65	151
175	243	64	151
175	243	67	150
176	243	65	151
176	243	67	151
176	243	67	152
177	243	66	152
177	243	64	152
177	241	65	154
178	242	64	153
178	242	64	153
174	242	66	151
173	242	68	152
174	242	68	152
175	242	67	153
174	241	67	153
173	242	70	153
173	241	69	154
172	241	71	154
172	242	70	154
173	241	69	153
173	241	64	152
173	241	65	153
172	242	64	154
172	241	64	155
172	242	64	155
172	242	64	155
171	242	64	154
171	242	65	154
171	242	65	154
170	241	65	155
170	241	64	156
169	240	65	156
168	240	66	157
167	240	66	156
166	240	67	156
164	240	67	156
164	241	68	156
162	241	68	156
157	240	72	156
151	240	78	157
144	239	84	157
138	238	90	159
138	239	89	160
138	240	89	158
137	240	90	159
136	241	90	158
135	240	90	159
134	240	89	159
131	241	90	158
129	241	88	157
126	241	86	158
123	240	81	159
121	240	76	158
120	240	69	159
118	241	63	158
116	243	60	157
113	243	62	156
108	241	68	157
100	241	76	157
94	240	82	159
88	240	88	160
86	240	89	161
84	240	89	161
83	240	90	162
81	240	90	162
79	240	90	162
74	240	92	161
74	240	89	161
72	239	80	161
72	240	70	160
70	241	62	159
68	242	63	160
66	242	63	159
62	243	64	160
55	242	70	159
43	242	83	159
33	240	93	161
23	241	101	161
22	242	101	160
33	242	89	161
20	242	103	161
17	244	105	160
24	244	96	160
19	243	101	161
24	242	92	161
26	241	86	161
19	240	87	163
12	237	89	165
8	234	83	170
8	234	77	171
9	234	71	171
6	236	72	168
3	238	73	166
4	241	72	164
3	241	71	164
3	242	72	163
0	242	75	163
0	242	74	164
0	242	74	163
0	242	75	163
0	243	74	164
0	242	74	164
0	242	74	164
0	242	71	164
0	242	69	163
0	243	65	163
0	245	57	163
0	243	53	164
0	243	50	165
1	242	46	165
1	243	45	164
0	243	44	164
0	243	43	164
0	244	41	163
0	244	41	163
0	246	40	161
0	248	40	159
0	251	40	157
0	249	40	156
0	251	39	156
0	250	39	155
0	251	38	154
0	253	36	151
0	256	38	148
0	258	34	145
1	257	33	142
0	260	33	143
0	260	35	145
1	263	37	140
3	261	41	144
1	263	51	141
0	264	53	139
0	264	51	139
0	264	48	139
0	267	46	136
1	267	41	137
0	267	34	138
1	266	28	139
0	264	24	141
2	271	23	131
0	268	23	137
1	270	26	134
1	270	30	134
0	271	36	131
1	267	36	136
1	266	40	138
0	264	44	139
0	262	46	142
0	260	46	144
1	259	49	146
0	259	51	147
1	252	55	155
1	251	58	156
2	247	61	160
2	249	65	159
2	250	69	156
2	250	73	157
0	251	79	154
0	251	82	155
0	250	86	156
0	249	92	157
0	250	96	156
2	251	100	156
3	249	104	157
2	251	109	155
3	254	109	151
3	256	107	147
7	257	104	147
16	257	94	145
26	254	86	148
35	253	82	147
45	250	81	150
55	249	83	152
63	247	80	155
72	247	74	155
76	246	83	153
75	251	99	148
77	252	107	148
78	252	112	145
78	251	118	146
93	250	104	144
102	252	96	143
115	249	89	147
121	247	84	150
135	247	73	148
148	247	68	148
155	252	70	144
159	251	69	144
162	254	71	141
163	257	77	137
166	260	80	134
172	258	83	136
178	258	83	136
191	258	78	135
201	257	77	136
210	260	78	133
212	259	79	132
214	260	92	129
214	262	102	126
214	261	110	126
219	264	110	122
231	261	105	123
241	256	100	128
258	250	87	135
273	250	73	134
286	251	65	132
292	252	65	130
293	246	73	136
293	249	89	134
294	247	98	136
297	242	99	141
310	240	89	146
317	243	83	142
324	247	76	136
336	247	68	137
340	247	69	137
350	244	64	137
351	242	67	140
356	243	72	138
361	243	76	138
365	244	80	138
371	249	77	133
376	251	72	131
380	253	70	129
381	254	71	127
381	253	75	128
382	252	76	129
382	252	77	129
382	252	79	128
383	252	82	130
383	253	83	127
383	254	85	126
381	254	87	126
380	254	89	126
377	254	91	127
373	256	95	126
370	257	100	124
363	262	106	119
358	262	110	119
347	264	120	118
341	263	126	120
333	262	131	121
325	262	132	122
318	263	109	121
303	264	90	121
293	264	92	122
284	264	97	122
273	258	107	128
270	252	105	133
257	251	108	135
243	254	85	135
226	252	69	139
219	252	71	138
207	254	74	135
192	257	86	134
172	259	97	130
161	259	101	132
140	259	110	131
129	260	109	133
121	261	97	133
114	264	81	131
104	265	85	129
92	263	84	132
70	262	88	133
64	264	85	133
57	266	84	133
52	266	79	134
47	267	80	131
35	268	85	131
16	268	94	131
9	270	99	130
6	271	96	129
3	271	91	129
2	269	86	131
0	269	83	132
0	267	77	133
0	266	72	134
0	264	69	136
0	264	65	134
0	264	64	135
0	265	65	132
0	266	65	132
0	269	63	130
0	273	62	126
0	279	62	121
0	283	60	114
0	289	59	109
0	292	54	105
0	295	49	100
2	302	43	94
6	304	37	89
72	300	42	82
78	302	46	80
81	301	45	80
81	301	41	79
93	302	41	79
86	301	47	80
70	300	49	82
68	299	49	83
68	300	50	83
68	300	49	83
68	300	48	81
67	301	49	83
67	300	48	83
70	301	50	81
68	300	48	83
68	300	50	83
68	299	50	84
68	299	50	84
67	301	49	83
68	299	51	86
69	301	48	84
102	297	56	95
122	293	57	94
151	294	56	91
173	295	54	86
186	295	49	85
197	296	50	83
200	295	48	85
202	295	51	84
206	296	50	84
209	295	49	86
221	294	51	86
224	294	52	85
227	294	51	86
228	292	53	88
226	294	58	88
228	294	59	86
227	294	59	84
227	294	60	86
228	294	67	88
229	295	69	89
231	291	71	93
234	284	74	97
241	258	84	116
233	254	86	133
232	257	91	130
229	255	93	132
228	256	93	133
225	256	95	132
85	254	80	136
89	254	77	136
91	262	74	128
90	263	73	130
87	264	71	128
83	266	65	126
80	266	68	126
78	266	71	126
72	266	74	126
71	269	75	122
69	272	77	119
67	272	80	120
65	273	77	120
65	271	71	122
63	269	69	124
62	267	64	124
62	267	62	125
61	267	61	126
60	266	61	125
59	266	61	125
59	266	61	126
59	266	62	125
58	266	65	126
59	267	64	126
58	267	63	125
58	268	62	125
56	268	61	125
55	267	61	124
50	268	65	123
48	268	67	123
46	269	68	124
45	269	67	124
45	270	66	123
45	270	66	123
44	270	68	123
42	270	67	123
43	269	63	124
43	270	56	123
41	270	52	123
38	271	50	122
38	271	48	120
35	271	48	123
32	271	49	120
29	271	49	121
26	271	50	121
24	271	51	122
22	272	53	121
18	272	56	122
18	271	57	122
16	271	59	123
15	271	57	123
15	271	57	122
13	271	56	123
12	270	55	124
12	270	55	123
12	270	55	124
12	270	55	124
12	269	53	125
11	270	54	126
12	269	53	125
12	270	54	125
12	269	52	126
11	269	56	126
11	269	56	126
12	269	58	125
12	267	60	127
14	267	61	128
13	266	63	128
12	266	63	128
15	266	60	129
13	266	62	129
11	266	66	127
9	266	68	126
10	266	66	127
2	266	59	127
0	266	47	127
0	267	41	121
41	267	86	101
153	271	76	113
151	293	77	93
158	295	71	87
149	300	75	84
148	301	56	82
145	301	54	83
147	301	48	82
147	302	47	80
147	301	44	80
179	296	47	87
151	302	49	79
148	301	47	79
147	301	46	80
147	300	46	81
148	300	46	81
150	300	48	82
147	300	47	82
156	298	49	84
171	297	49	85
184	297	51	86
215	297	49	85
223	296	51	84
230	296	51	83
235	296	49	82
237	297	45	81
238	296	45	81
238	296	45	83
236	295	45	84
159	261	55	131
162	261	60	131
169	262	61	131
170	265	67	126
171	264	74	125
174	268	81	121
175	269	94	121
177	272	95	117
182	273	94	116
194	275	87	112
215	274	73	112
234	272	60	116
247	277	58	110
250	279	68	108
249	278	70	108
257	280	70	104
268	276	86	107
274	277	88	107
283	274	81	108
293	276	75	107
299	274	71	109
304	271	67	113
307	269	64	114
308	269	65	114
309	269	65	113
312	269	64	115
312	264	65	119
315	268	64	116
317	269	66	114
318	268	67	114
320	268	68	113
323	271	68	110
324	272	65	107
327	273	62	107
329	273	62	107
331	270	60	110
331	271	59	109
332	271	58	108
332	274	58	105
334	275	56	104
334	277	57	103
335	274	55	106
334	267	55	113
334	255	56	122
332	253	57	122
328	250	58	124
327	244	58	127
322	239	58	134
323	240	55	130
322	238	54	132
320	243	55	126
317	245	56	128
315	244	58	131
312	249	59	128
312	259	57	119
312	263	54	116
313	267	51	113
312	269	50	108
311	271	51	107
310	273	52	107
308	274	52	104
306	274	53	104
302	276	55	103
299	274	57	104
296	272	60	106
290	271	63	108
287	271	66	109
285	273	67	106
284	273	67	106
285	273	64	107
285	273	63	107
285	272	62	107
284	272	63	108
284	272	62	107
284	272	61	109
284	272	62	110
285	271	62	110
289	272	60	110
290	272	60	111
293	272	59	110
296	270	57	111
299	270	55	113
305	267	54	115
308	267	55	115
308	269	58	113
311	269	61	112
311	270	69	116
312	272	70	114
314	272	67	115
316	274	68	114
316	272	71	116
316	270	74	117
320	269	73	117
322	266	74	118
332	266	65	116
345	267	60	116
352	267	61	116
356	266	62	115
359	267	66	115
361	266	72	115
360	265	78	118
361	262	83	119
364	262	83	121
380	262	73	117
399	262	59	116
408	262	58	118
415	263	57	117
420	264	59	116
425	262	61	115
433	262	59	118
441	250	59	128
444	251	65	130
454	256	64	124
463	261	70	119
468	260	72	119
475	261	86	117
479	260	92	117
495	260	90	118
511	259	79	118
519	260	73	118
525	259	73	120
527	259	72	118
532	259	78	118
536	261	81	117
541	259	81	118
548	264	92	111
555	262	91	115
563	263	89	114
568	264	84	114
571	265	80	112
573	264	79	113
573	262	78	115
571	260	79	117
568	257	82	119
565	254	85	122
562	253	90	123
556	250	96	128
554	250	96	126
549	247	91	128
542	247	88	129
538	249	85	126
531	252	84	123
521	255	90	121
523	259	88	118
517	261	92	117
506	262	103	115
497	262	112	114
488	262	120	115
476	260	125	119
471	260	122	119
458	258	79	121
453	260	71	121
448	261	72	118
423	260	93	121
403	258	111	122
389	241	119	142
379	253	117	125
365	254	106	131
351	255	89	131
340	259	89	129
328	258	73	129
315	258	79	129
302	257	85	130
284	257	96	131
273	254	93	131
260	255	81	134
250	259	68	130
240	263	70	128
222	264	65	126
210	266	74	124
184	265	95	125
167	263	110	129
152	254	120	138
143	233	121	158
137	223	120	170
128	215	118	178
120	208	118	186
121	220	117	167
119	232	105	153
108	232	107	154
100	233	99	148
80	236	96	144
71	240	95	138
54	245	79	138
58	244	66	141
55	249	65	139
49	257	67	130
48	261	63	129
42	266	58	127
36	267	57	125
32	268	55	126
28	270	55	124
28	271	54	120
24	281	56	110
10	286	61	104
0	285	53	106
0	287	48	107
0	285	45	111
2	278	43	119
3	277	57	120
0	269	65	128
0	262	65	135
0	260	66	136
0	260	66	135
0	259	65	136
0	256	67	141
0	257	70	139
0	268	70	128
0	267	76	128
0	270	76	126
0	273	73	122
0	275	68	119
1	279	64	115
2	282	64	110
9	282	58	110
12	281	54	112
15	283	51	111
18	277	51	116
18	275	52	119
21	283	53	112
19	274	53	119
23	277	52	116
24	267	51	125
27	272	50	121
27	268	54	124
30	274	57	118
32	271	60	122
33	278	64	115
35	267	67	124
36	270	68	121
37	263	67	130
37	258	71	135
38	266	74	128
39	258	79	135
40	264	79	128
40	272	80	121
40	284	83	108
42	281	80	111
43	271	79	120
43	260	79	133
45	266	77	124
50	261	74	128
55	261	68	129
62	256	63	133
67	263	57	127
73	269	55	123
75	266	55	126
76	261	59	130
78	260	63	131
83	256	66	134
87	256	74	134
88	261	83	128
88	264	87	126
88	272	88	118
90	279	89	110
92	267	88	123
92	269	91	120
94	274	90	115
102	261	84	129
107	281	84	108
116	288	79	99
125	286	78	100
134	286	76	100
237	297	54	79
240	298	47	79
238	299	45	78
238	298	45	80
238	297	46	80
237	298	46	79
237	297	46	80
238	298	44	79
238	297	45	81
239	297	45	81
237	296	45	81
237	297	47	81
237	298	45	80
228	297	53	80
226	294	56	82
226	294	56	81
231	293	50	84
227	292	50	89
218	290	63	92
122	279	69	108
152	278	64	110
162	277	71	109
164	275	78	112
168	276	78	111
175	274	87	113
190	281	82	101
206	279	72	105
214	281	73	103
223	280	75	104
229	272	70	112
237	271	67	112
240	278	69	103
247	281	66	102
247	281	70	104
271	279	61	105
278	279	64	106
285	281	66	104
295	278	75	105
306	283	69	100
317	281	65	101
334	277	67	103
344	278	72	103
358	276	75	104
369	274	72	108
379	272	70	109
395	273	63	109
403	272	63	108
410	273	63	106
412	272	65	108
414	269	65	112
416	270	69	111
417	271	72	109
419	271	77	110
420	272	82	110
421	271	81	112
423	273	81	111
422	271	82	112
426	273	80	109
435	269	72	113
441	269	67	113
447	268	62	114
450	268	62	113
452	267	64	114
458	269	62	111
458	270	66	112
459	273	71	109
461	274	67	108
463	276	68	107
467	275	66	106
470	275	67	105
474	278	71	104
479	273	85	107
482	278	76	101
486	271	66	108
486	273	64	106
489	274	68	106
494	273	72	104
496	274	72	104
499	272	76	106
502	269	76	107
503	272	75	106
505	270	70	108
506	272	70	106
508	272	69	107
510	270	67	108
517	269	61	109
522	267	57	111
524	265	56	113
526	265	54	113
527	266	55	112
528	267	56	110
529	266	58	108
529	266	61	108
530	267	64	107
532	266	67	107
533	266	67	108
536	267	66	107
536	268	66	107
537	267	66	108
538	268	65	107
538	267	65	108
538	266	66	108
537	266	66	109
536	266	68	109
535	267	68	109
534	265	69	110
534	266	70	109
534	266	70	110
534	265	71	111
533	267	70	109
533	265	69	110
533	267	65	109
534	265	63	111
534	266	63	110
534	266	63	110
533	266	64	109
532	270	68	106
531	271	69	106
531	273	70	103
531	275	70	101
532	277	70	99
531	279	70	98
532	279	70	97
532	278	70	97
531	279	71	97
531	279	71	97
532	278	71	98
531	278	71	99
531	277	72	98
531	277	72	99
530	275	67	101
528	275	65	102
527	277	63	100
526	277	64	101
527	278	63	100
527	277	64	100
525	278	65	100
525	278	65	99
524	276	66	99
523	277	66	98
523	276	66	100
522	276	66	100
520	273	67	103
520	274	68	103
519	272	69	104
518	273	70	103
518	272	71	104
518	272	71	103
519	272	71	103
520	272	70	103
521	271	69	105
522	272	69	103
523	273	68	103
525	273	67	103
530	273	62	103
533	272	59	103
538	276	54	99
537	275	54	99
536	275	54	99
536	277	54	97
537	277	53	96
539	276	52	99
535	278	60	97
522	277	58	98
505	276	63	100
471	282	56	93
466	276	59	100
459	279	60	98
457	277	59	100
453	276	60	101
453	276	60	101
447	276	64	100
446	273	66	102
432	276	69	99
429	275	74	101
426	277	74	100
428	278	75	99
430	277	76	99
421	280	75	97
425	278	77	98
421	278	76	100
421	276	80	100
419	276	80	100
419	277	81	100
418	276	79	99
420	278	81	97
415	283	81	93
416	283	78	92
418	285	77	92
418	285	80	91
417	286	80	91
420	285	72	92
422	284	67	93
422	283	67	97
423	282	65	95
430	279	71	100
431	271	65	109
431	267	65	114
474	265	50	113
474	267	50	111
476	267	50	109
472	265	54	112
470	265	56	114
471	264	57	116
470	263	58	118
467	263	61	118
462	266	75	115
461	268	75	111
461	268	90	110
464	266	85	111
462	260	77	118
462	263	81	116
463	261	81	119
470	260	84	119
476	259	83	120
473	260	88	119
479	263	86	116
472	263	92	115
473	260	76	119
480	260	71	118
475	261	72	117
482	260	67	118
479	262	68	117
484	262	62	117
483	261	61	118
484	261	60	118
483	261	60	117
484	260	59	119
483	260	59	117
482	259	59	119
482	259	59	119
480	258	61	120
479	259	61	119
479	260	61	120
478	260	61	119
477	260	62	119
476	259	63	119
474	259	64	119
473	260	64	119
472	261	63	119
473	262	59	118
470	263	56	118
470	263	54	118
469	262	52	119
468	262	51	118
465	263	50	117
462	263	49	117
457	263	51	116
455	261	52	118
453	261	53	119
453	260	53	120
453	261	52	120
452	261	53	120
450	260	52	121
449	260	51	121
449	260	48	120
446	260	46	119
444	261	46	120
441	259	47	121
435	260	51	120
429	261	54	120
425	260	58	120
416	261	65	120
414	260	66	122
412	260	67	122
412	261	66	121
411	261	65	121
411	262	62	120
411	261	59	120
410	260	56	120
409	261	55	121
406	261	54	119
406	262	52	121
403	261	53	120
404	261	52	121
403	261	52	120
404	261	53	120
400	262	55	117
398	262	56	117
398	261	58	118
395	260	58	119
386	259	62	122
345	260	60	126
320	263	61	120
303	262	64	121
289	261	65	122
285	262	56	120
270	261	59	123
276	262	60	121
274	263	58	120
273	262	55	119
268	262	56	120
270	261	58	120
266	260	58	121
262	260	62	122
260	265	64	119
257	259	61	123
257	260	58	124
253	260	58	121
252	264	58	119
250	263	60	121
250	269	60	114
244	276	48	104
244	277	45	102
242	275	47	105
242	274	50	106
243	273	51	110
256	271	55	110
276	269	55	112
292	267	53	112
300	268	52	111
304	270	54	110
304	271	54	110
304	270	53	111
303	270	52	111
303	270	54	111
302	270	54	111
301	272	54	109
300	272	54	108
300	273	55	108
300	273	56	108
300	273	56	108
301	274	57	107
301	274	58	108
301	273	59	108
301	273	60	107
300	274	60	107
303	275	59	106
298	275	60	106
296	274	62	107
294	272	64	108
293	272	67	108
292	273	67	108
292	272	68	111
293	270	68	113
293	269	69	112
294	270	69	111
297	270	68	111
297	268	69	114
297	267	69	115
298	266	71	116
299	266	70	116
307	261	68	121
317	261	67	121
329	261	66	118
340	260	68	120
352	259	64	122
366	258	64	122
374	259	63	122
377	256	64	124
384	257	63	123
386	256	64	125
388	257	65	123
391	258	64	122
392	258	64	123
393	259	63	121
393	258	64	122
394	257	64	123
395	257	64	122
395	258	66	122
395	260	66	120
396	262	67	118
397	262	67	117
399	263	66	117
400	262	66	117
401	263	65	116
404	263	62	117
406	262	61	118
409	261	59	117
411	261	59	117
411	263	59	116
413	263	59	115
412	262	60	117
412	262	61	117
413	262	60	117
413	262	61	117
407	263	69	116
403	266	76	113
409	266	72	113
417	265	65	114
421	265	61	113
422	264	58	113
426	263	56	115
429	264	56	114
429	264	57	114
427	261	60	115
428	262	64	115
432	262	69	115
449	264	65	112
456	263	68	113
467	260	64	116
477	258	66	118
487	257	68	119
505	258	66	118
518	257	66	119
525	256	71	121
528	255	75	123
527	252	67	125
527	252	64	125
529	251	59	126
531	253	60	124
531	253	58	125
533	253	63	124
537	252	64	125
539	251	65	124
542	251	74	122
545	252	80	122
545	253	74	120
545	250	73	124
546	249	69	125
547	243	68	131
550	245	70	131
554	246	69	130
560	251	69	125
564	251	68	123
569	258	65	116
566	250	68	124
566	250	65	125
567	251	61	123
565	246	60	127
564	247	58	127
565	246	56	128
564	246	55	128
564	246	54	128
563	247	54	128
562	248	52	126
561	249	54	125
558	256	56	119
555	253	56	123
552	256	58	119
553	260	55	115
555	259	57	117
554	257	59	119
546	254	63	122
541	245	63	131
519	245	76	135
509	248	79	132
517	249	78	134
524	252	81	131
520	247	80	137
518	247	67	137
517	251	65	133
520	250	62	134
517	250	53	132
513	250	53	128
509	251	54	128
506	251	54	129
505	252	53	127
501	253	53	126
497	252	55	127
488	252	61	127
472	249	69	130
448	248	73	133
419	250	76	129
412	250	70	129
410	250	67	129
408	250	65	129
405	251	63	128
405	252	64	128
403	252	64	127
401	253	64	125
398	252	68	127
393	252	65	127
384	252	62	128
378	252	61	126
373	250	63	129
368	250	62	129
363	250	61	129
358	251	61	129
354	251	63	130
348	250	65	130
343	251	67	130
338	251	69	131
335	252	68	131
333	252	68	133
330	253	70	132
329	254	70	133
330	253	69	133
331	253	67	132
330	253	64	133
330	253	63	134
330	253	62	135
332	253	60	136
334	252	59	137
334	253	58	137
334	253	57	136
336	252	57	137
336	252	57	138
336	253	58	137
336	252	57	137
335	251	59	137
335	252	61	138
335	251	62	138
335	251	62	138
340	251	59	138
343	252	57	136
346	252	54	137
347	251	53	138
347	249	52	140
345	249	53	140
340	250	56	141
332	250	55	139
324	249	52	140
318	250	50	139
316	252	51	136
315	251	53	137
313	250	55	138
311	252	57	137
312	255	57	133
311	257	59	132
314	258	56	131
314	260	59	131
314	260	56	130
314	261	58	130
314	261	61	130
314	260	62	131
314	261	66	131
314	262	70	129
315	260	80	131
315	256	87	135
315	255	94	137
316	254	95	139
317	257	95	135
318	259	96	132
326	257	92	135
338	257	83	135
349	253	75	138
357	252	70	139
361	248	68	144
365	248	69	146
374	246	71	146
387	248	76	144
408	245	79	148
419	243	90	149
426	241	89	151
426	242	88	152
426	241	92	154
426	242	92	153
425	241	98	155
424	242	103	156
424	241	108	156
425	241	113	157
424	241	115	158
426	241	119	157
428	241	127	157
431	242	122	156
437	241	117	157
446	240	112	156
456	238	104	158
461	237	109	159
463	238	110	159
462	243	112	154
463	241	113	155
456	243	114	154
449	239	117	158
442	236	113	160
438	246	104	149
432	238	105	157
439	235	98	158
445	230	93	163
454	229	85	163
461	230	80	163
460	229	78	163
458	235	79	157
465	241	75	148
471	242	72	146
480	237	64	146
473	244	66	139
453	247	74	143
451	244	76	146
451	245	76	145
449	244	76	146
446	243	78	148
443	232	82	158
437	220	90	170
429	212	96	179
414	193	91	195
395	183	100	203
386	175	101	207
386	180	99	204
384	182	99	203
381	187	100	199
380	188	101	198
379	190	102	195
380	194	99	192
388	200	91	188
394	201	84	187
397	201	79	189
395	213	84	177
393	227	86	161
404	230	75	158
402	233	76	155
404	235	76	151
405	240	78	146
404	238	78	148
401	232	80	153
398	233	84	153
398	229	83	157
393	215	86	170
391	218	85	164
384	213	90	171
380	214	93	171
384	220	90	164
381	225	93	160
381	228	90	157
379	226	87	160
377	227	86	160
370	228	86	159
361	230	88	156
356	232	86	155
357	231	80	157
359	230	77	157
357	231	77	157
358	232	77	156
359	232	78	156
356	232	81	157
357	231	81	158
358	232	79	159
358	233	80	157
362	234	79	157
365	233	79	156
369	232	77	157
368	232	78	157
372	232	77	157
372	234	76	156
377	235	76	155
377	234	77	154
379	238	75	150
383	241	74	149
383	241	77	147
384	237	77	150
384	237	75	150
385	235	76	153
387	234	78	154
394	236	79	151
398	238	80	146
392	236	84	152
394	235	87	154
398	233	87	157
398	232	93	158
401	231	95	161
402	232	99	159
405	232	101	160
407	232	102	161
410	233	100	161
413	233	100	161
418	231	97	162
428	232	91	161
436	230	87	164
455	230	75	162
464	225	68	168
466	224	72	168
467	227	77	162
469	232	85	157
474	231	96	159
478	238	101	151
482	240	108	148
484	235	109	157
495	235	104	155
508	230	91	161
521	225	87	166
532	225	85	167
540	225	76	166
544	222	72	171
545	223	84	167
548	224	94	166
550	224	108	167
551	228	114	162
552	233	116	157
555	231	117	159
562	230	114	159
567	230	109	159
570	233	110	156
573	230	106	158
583	231	100	155
595	233	90	155
612	232	74	155
616	233	74	152
619	230	76	157
622	228	81	161
624	230	83	159
628	230	83	159
632	229	85	158
635	227	86	159
638	228	88	158
639	228	88	158
641	228	88	160
644	226	87	161
648	226	86	162
653	227	83	161
659	226	81	160
665	227	80	158
671	227	78	160
675	227	77	157
680	227	76	158
684	227	78	159
687	227	80	158
690	228	87	157
693	228	93	158
698	229	98	155
700	231	98	154
702	230	97	155
703	228	97	157
703	228	99	156
706	228	98	156
707	225	97	158
710	224	96	159
715	224	92	159
722	224	85	159
731	224	78	160
735	223	76	161
737	225	77	159
740	224	77	160
742	222	79	163
747	224	79	163
751	223	79	163
754	224	79	162
756	224	79	162
759	223	78	163
762	224	76	163
765	226	75	162
768	227	74	160
770	228	75	160
772	230	76	156
775	228	75	155
776	227	77	158
777	225	79	161
778	226	84	162
780	226	88	161
783	228	93	158
784	227	93	158
785	228	93	157
788	231	88	153
788	231	90	154
791	231	89	154
791	229	89	158
794	228	89	159
795	225	89	162
798	221	85	166
799	218	85	164
801	215	81	165
803	214	80	164
804	214	79	164
805	214	78	162
807	214	78	163
809	214	77	163
809	214	76	162
810	214	77	162
810	213	76	163
811	213	76	163
810	213	74	163
810	213	75	163
809	213	76	163
808	213	75	162
808	212	76	163
808	212	75	163
809	213	74	163
808	213	76	163
808	214	75	163
808	213	76	163
807	214	76	163
808	214	77	163
807	214	78	162
807	213	78	163
808	213	78	163
807	213	78	163
807	213	78	163
807	213	78	163
808	213	77	163
808	214	78	162
807	213	78	164
808	214	77	163
808	215	78	162
810	218	74	165
809	222	74	166
809	223	74	164
809	224	74	164
808	224	75	163
807	224	75	163
807	224	77	163
806	224	77	163
806	224	77	163
805	224	79	163
804	223	80	163
804	224	81	162
801	223	84	163
798	223	87	163
795	223	90	163
793	223	93	163
793	224	94	162
792	224	95	163
791	224	96	163
790	224	93	163
789	223	90	163
789	224	85	162
787	224	84	162
786	224	84	161
784	224	85	161
781	224	83	161
778	224	82	160
773	225	81	160
768	225	73	161
764	226	72	158
761	227	74	157
757	229	77	155
751	230	81	152
743	230	88	153
732	232	97	152
722	233	106	152
718	234	108	151
715	234	109	152
713	234	108	153
710	233	107	154
707	230	99	157
704	231	92	155
700	232	84	153
695	234	81	150
688	234	71	151
681	235	67	150
675	234	74	151
663	235	86	151
646	234	100	154
639	235	105	153
638	236	104	152
636	236	104	152
634	235	104	154
630	233	102	155
629	234	99	154
627	234	89	154
622	232	80	155
618	232	64	156
614	234	62	154
609	234	62	154
604	237	65	152
594	238	73	150
583	240	84	148
575	237	89	152
571	237	91	152
569	238	90	153
565	238	91	153
563	238	86	152
560	239	81	149
557	239	75	150
555	240	67	147
552	241	62	146
547	240	57	148
545	237	55	155
541	236	57	155
540	238	57	153
539	237	57	154
538	236	57	154
537	237	57	154
536	237	57	154
537	237	57	154
537	236	58	153
536	237	62	152
536	238	67	151
535	238	73	151
536	237	76	152
537	235	80	155
539	234	84	155
541	234	85	156
541	237	87	153
542	235	88	155
541	234	89	156
545	234	86	157
554	234	77	156
561	235	72	154
564	235	71	153
567	234	69	154
572	235	73	153
573	235	83	153
577	233	90	155
581	235	94	154
587	234	95	154
595	234	90	154
599	234	92	154
602	234	89	155
605	235	88	154
606	235	89	154
608	235	87	153
611	234	85	154
617	232	79	156
619	231	78	156
624	230	74	158
625	230	73	158
626	230	73	158
626	230	73	159
626	230	74	158
626	229	74	158
625	229	75	159
625	226	78	158
623	224	77	161
622	223	77	164
620	221	82	164
621	220	80	166
619	218	79	168
617	217	82	168
615	215	84	171
616	211	84	176
620	208	80	177
621	208	82	176
621	211	97	175
622	202	92	185
623	201	96	188
626	203	86	189
624	188	80	203
632	187	70	203
633	183	66	207
635	185	65	205
637	189	63	201
639	200	62	190
635	197	63	190
640	189	63	200
634	200	69	188
649	199	70	189
650	202	78	188
650	207	83	181
654	210	89	178
653	213	96	175
656	215	101	174
654	214	104	177
658	214	101	177
662	214	98	176
667	214	96	176
671	217	90	173
672	217	89	171
675	220	89	170
673	221	89	169
658	225	99	165
648	227	112	165
675	229	91	161
675	234	93	154
674	233	106	153
681	232	87	158
682	221	76	170
681	218	89	171
682	218	93	173
683	216	87	174
683	217	84	172
683	218	84	171
684	220	83	169
683	220	83	168
684	221	82	167
683	222	83	166
681	223	84	166
676	222	90	167
675	222	90	167
672	222	92	167
668	221	96	169
648	220	115	170
642	218	119	171
630	216	130	175
623	209	139	182
619	205	143	186
602	203	161	190
613	200	155	191
618	203	148	187
622	211	142	182
627	215	138	177
630	214	130	178
623	212	133	179
631	211	124	180
638	211	114	179
647	211	97	179
656	209	93	181
658	210	89	181
659	212	89	179
659	212	89	179
658	212	90	179
658	212	94	178
659	213	92	177
661	213	90	177
660	214	88	177
664	215	79	174
666	215	74	174
665	217	73	171
659	219	81	169
654	218	87	171
650	218	91	172
647	217	96	173
648	217	96	172
649	217	98	171
652	218	93	170
657	220	86	167
663	218	82	169
667	219	77	169
670	219	77	169
673	219	76	169
675	220	74	167
678	221	74	167
681	221	71	168
683	221	71	166
685	222	71	165
686	222	71	165
686	223	70	163
687	224	70	162
688	225	70	162
689	224	68	161
689	225	70	161
690	225	73	161
690	225	76	161
690	224	79	161
691	223	81	164
692	221	81	165
693	220	82	166
693	220	80	167
694	220	80	167
695	220	80	167
696	220	79	167
698	221	77	166
698	222	78	165
699	221	77	166
700	222	77	165
701	222	74	164
704	224	73	162
703	225	74	161
703	226	72	161
708	226	72	160
708	225	82	160
704	223	90	163
695	222	95	165
702	222	88	165
707	221	81	166
709	220	73	166
707	222	69	165
710	223	65	164
711	225	64	162
712	225	64	163
711	224	64	163
712	225	63	163
712	225	63	163
713	224	62	164
712	224	63	164
713	225	63	164
713	223	63	164
713	224	62	164
713	224	63	164
713	225	63	164
713	224	63	164
713	224	63	163
713	224	63	164
713	224	63	163
713	225	64	163
713	225	63	163
714	226	63	162
713	224	63	163
715	226	62	161
714	226	63	161
714	226	63	161
715	227	62	161
715	226	62	161
715	227	61	161
715	227	62	160
716	228	61	160
716	228	63	160
715	228	65	159
715	229	67	159
715	229	68	158
714	230	70	157
714	231	71	157
714	231	71	157
713	231	70	157
713	233	66	154
712	234	65	152
711	235	66	151
711	235	66	152
710	234	67	153
708	235	68	152
707	235	68	151
706	235	68	152
705	231	69	157
702	232	71	156
700	233	73	154
699	233	74	154
697	232	75	154
696	232	76	154
695	233	75	154
695	233	74	153
694	234	77	153
694	234	80	153
694	233	83	154
694	232	87	155
694	234	89	153
696	234	90	152
698	236	93	150
700	237	93	150
703	238	94	148
706	237	96	150
707	235	94	153
708	236	93	152
709	238	93	151
711	238	93	150
713	235	93	152
718	236	90	151
726	235	85	152
733	234	79	153
743	234	74	154
749	235	70	152
751	236	69	151
754	235	70	152
757	237	69	150
760	236	69	150
760	237	73	148
762	237	80	149
762	237	86	148
763	240	88	146
766	240	87	146
769	239	87	148
774	239	83	146
782	237	84	147
791	236	81	149
800	238	79	146
807	239	75	144
808	238	79	146
813	237	83	146
814	237	92	147
818	240	93	143
819	240	94	141
822	240	92	141
824	241	89	141
827	241	88	143
828	241	87	143
834	240	84	144
839	240	82	143
840	239	84	144
839	239	88	145
841	238	91	145
842	236	92	146
844	238	92	145
845	238	92	144
845	238	94	143
847	238	93	142
847	240	95	140
848	237	96	142
853	239	92	143
884	233	69	147
885	226	72	152
886	219	72	154
888	219	71	152
888	218	71	152
889	218	70	150
890	218	69	150
892	219	67	149
894	221	65	147
895	221	64	145
899	221	60	146
901	221	58	147
905	220	54	148
908	219	51	146
913	220	45	145
915	219	43	144
918	219	40	146
920	219	39	143
922	220	37	145
924	221	35	146
925	221	34	146
925	221	33	145
927	221	32	145
927	222	32	143
927	221	31	144
927	222	31	143
927	221	31	145
927	220	31	146
927	221	31	145
926	221	31	145
925	221	34	144
926	222	32	142
924	220	35	143
924	223	33	142
925	222	32	141
929	221	29	144
931	218	25	147
933	215	23	149
934	213	22	151
936	212	21	152
936	209	20	154
934	210	21	147
936	218	23	143
937	213	20	149
937	213	21	139
937	220	21	140
937	215	21	142
938	216	20	133
939	217	20	121
939	219	20	115
940	218	19	113
939	219	20	110
939	219	20	110
939	222	20	107
939	224	20	104
938	227	21	98
939	220	20	107
938	223	21	102
938	225	21	100
947	230	12	101
943	219	13	100
942	226	17	86
942	229	16	92
942	220	16	103
941	219	16	101
941	221	17	97
942	221	17	97
942	225	16	97
942	218	15	102
943	220	16	95
944	224	15	97
943	217	14	104
943	219	14	97
944	217	14	98
944	221	13	100
945	216	13	99
945	221	13	96
945	215	12	99
945	220	13	96
944	216	13	98
945	217	14	94
945	219	13	99
944	215	13	100
944	217	13	97
944	216	13	96
944	216	13	95
944	218	13	101
944	216	13	99
945	216	13	97
945	218	13	91
945	223	13	92
945	218	12	97
944	223	13	93
944	218	13	98
945	229	14	85
944	221	13	93
943	226	13	91
943	222	14	92
943	223	14	87
943	228	15	92
941	220	15	87
936	220	21	90
930	231	28	86
929	225	28	98
929	226	29	107
927	220	30	112
929	219	29	135
927	220	30	117
931	218	28	121
930	220	26	107
931	221	26	103
930	220	25	106
929	219	26	107
930	217	26	123
929	215	27	128
927	211	29	142
924	214	34	141
922	216	37	135
922	215	36	136
923	216	35	140
919	218	39	145
917	219	41	146
913	220	45	144
912	219	46	143
912	219	46	143
912	219	46	143
913	220	44	142
908	221	50	141
902	222	56	142
896	223	61	138
893	223	66	138
886	223	73	139
881	225	77	137
881	225	78	137
879	227	80	136
877	229	82	133
874	230	85	133
863	231	96	134
860	231	95	135
859	232	100	135
850	231	106	136
849	231	99	136
844	232	86	135
838	230	85	138
833	229	91	136
828	227	95	139
821	227	101	141
815	227	108	143
811	226	102	143
807	227	100	142
803	227	96	143
800	226	86	144
793	224	75	147
787	222	78	147
758	221	91	150
746	221	102	151
739	220	107	151
737	223	108	150
733	224	109	149
729	224	106	151
728	224	97	150
724	224	88	150
715	222	80	150
706	221	78	153
699	220	78	154
692	221	78	150
683	222	85	151
677	222	89	151
673	222	92	152
667	222	96	152
671	221	90	154
673	221	82	152
661	221	86	152
663	221	73	152
658	222	71	152
655	223	70	150
650	222	72	151
633	223	86	150
630	222	88	153
626	222	90	152
623	222	94	153
623	223	93	152
621	224	94	151
618	225	94	151
616	226	90	149
614	224	93	149
613	224	91	149
606	222	74	150
599	223	74	150
596	223	72	151
593	222	71	152
595	224	66	150
592	223	67	152
591	223	68	151
589	223	68	150
586	224	71	150
585	225	73	151
585	225	76	150
581	225	80	148
579	225	78	146
573	225	72	147
568	225	69	142
565	225	69	143
558	225	71	143
547	227	77	144
558	226	67	148
629	232	64	129
636	231	62	131
548	229	65	145
541	227	74	153
537	227	76	152
533	232	80	148
530	224	82	157
530	230	81	150
524	220	78	159
521	223	72	159
517	231	65	150
514	215	60	166
509	211	62	171
505	218	64	164
503	219	64	163
503	222	65	159
502	224	65	158
503	224	64	158
502	224	66	157
500	223	68	159
499	222	67	159
503	222	62	158
504	223	62	159
504	223	62	159
506	223	62	160
506	223	60	159
507	223	60	158
507	223	59	158
508	224	59	156
509	223	59	156
508	224	61	157
510	224	59	157
508	223	62	158
509	223	61	159
509	224	62	159
509	224	62	159
510	224	63	159
510	223	64	158
510	223	65	160
510	222	65	159
510	222	65	160
511	222	63	159
511	222	63	157
512	222	62	157
512	222	63	158
513	222	63	157
511	222	65	157
511	222	66	159
511	222	66	157
511	223	70	156
510	223	71	156
508	222	74	158
507	223	74	158
506	222	73	158
505	222	73	158
505	223	75	157
502	224	71	157
501	225	69	156
501	224	66	157
500	224	65	156
500	224	63	155
499	225	65	157
498	225	67	156
498	225	71	156
498	225	75	156
498	225	76	155
498	225	78	155
499	225	78	155
500	226	77	156
502	226	76	155
503	226	72	154
504	227	66	152
503	227	64	152
503	228	61	150
504	229	60	150
506	228	58	150
507	229	59	150
508	228	61	150
510	229	64	150
512	230	68	149
513	230	72	149
512	229	77	150
512	227	81	153
513	227	81	153
513	227	83	152
514	227	82	152
516	227	82	152
520	227	79	151
524	227	76	150
527	227	74	150
531	228	68	150
534	230	66	149
536	230	61	149
538	232	61	147
539	231	61	147
539	232	60	147
539	233	61	145
540	233	61	145
539	233	62	145
540	232	62	147
540	231	64	146
539	230	67	146
540	228	68	147
539	227	72	149
538	228	75	148
538	229	76	147
538	228	75	147
537	228	72	147
537	228	72	147
536	228	71	147
536	229	71	145
536	229	71	145
535	229	70	145
534	229	69	144
534	231	67	144
534	231	67	144
533	231	66	143
533	231	65	142
533	230	64	143
531	231	65	144
530	232	66	144
528	231	66	143
524	234	70	140
519	235	74	139
518	235	75	140
517	236	75	140
515	235	74	140
514	234	74	140
511	234	75	140
510	234	75	141
507	233	75	141
505	231	72	143
504	232	68	142
500	233	67	142
498	233	68	143
498	233	67	143
496	235	67	141
495	234	68	141
495	234	67	142
494	234	67	141
494	235	66	139
494	235	66	139
492	235	66	141
491	236	67	140
488	237	69	139
481	236	74	139
485	235	67	139
486	236	64	137
485	235	65	138
486	236	64	136
483	238	65	135
485	238	63	135
485	240	62	134
488	241	61	132
490	242	60	132
491	241	60	132
490	238	60	134
490	237	60	136
488	236	63	137
484	234	66	139
483	236	67	137
484	236	66	137
486	236	66	137
487	238	67	135
488	238	69	137
483	238	67	136
485	238	66	136
484	240	64	133
484	241	65	132
483	242	65	132
484	240	68	134
483	240	68	134
482	239	66	135
482	238	66	136
483	237	66	136
483	236	64	137
485	237	62	136
485	238	61	135
485	238	61	135
484	239	60	134
483	238	61	134
481	238	63	135
479	238	64	135
476	239	66	133
473	241	71	132
468	241	74	131
465	241	77	131
461	243	81	129
461	244	80	128
460	243	79	131
458	244	78	133
456	245	77	132
453	247	76	128
449	246	77	129
446	245	73	129
441	245	70	130
438	245	64	130
435	242	63	131
432	243	64	131
429	243	64	130
429	243	64	130
428	244	64	128
426	246	65	128
425	247	64	127
424	247	64	127
421	246	63	127
419	246	62	128
415	245	60	128
413	244	60	128
410	244	60	130
409	243	59	130
406	243	60	132
402	243	61	131
399	244	63	131
395	245	66	129
394	247	65	127
394	247	64	127
392	247	63	127
391	248	63	126
390	248	62	126
389	249	64	128
388	248	65	127
386	248	65	127
386	249	65	126
386	248	64	126
386	247	66	127
386	248	69	127
385	248	69	127
386	248	68	126
386	249	68	126
388	248	69	126
388	249	67	126
390	248	66	126
390	248	66	127
391	249	66	127
392	248	66	126
392	248	66	126
393	249	66	126
394	247	66	127
394	249	66	126
394	247	66	126
395	248	66	126
395	248	66	127
395	248	66	126
395	248	67	126
395	248	66	126
396	248	65	126
398	248	63	126
398	248	63	126
398	248	62	126
398	248	62	125
397	249	62	124
397	250	61	124
396	250	60	124
395	250	60	123
395	250	61	124
395	250	61	124
395	249	61	125
394	249	60	125
394	249	61	124
394	250	61	124
394	249	61	124
394	250	61	124
393	250	61	124
393	249	61	125
393	249	61	125
393	248	61	126
393	248	61	125
393	248	61	126
393	249	61	125
393	249	61	125
393	249	61	125
394	249	60	125
393	248	61	125
393	249	61	125
393	248	61	125
394	248	61	125
394	248	60	125
393	249	60	125
394	249	60	125
393	249	59	125
394	250	60	124
395	249	59	125
394	250	59	124
395	250	60	123
395	250	60	124
395	250	60	124
395	251	59	122
396	250	59	123
396	250	59	123
396	249	59	124
397	249	60	125
397	249	60	125
398	250	61	124
397	250	62	124
398	251	63	123
401	251	61	123
403	251	62	123
416	251	53	123
422	251	50	122
423	251	52	122
425	252	54	121
425	251	59	122
428	251	68	122
427	250	73	123
428	249	73	125
429	249	75	125
432	249	73	123
439	247	68	125
446	246	62	125
456	246	56	124
459	247	55	123
461	246	54	122
463	247	55	122
464	247	55	121
466	247	56	122
468	247	54	122
469	247	55	122
471	247	55	123
473	247	55	123
473	247	56	124
473	247	57	125
475	247	58	125
476	246	58	126
478	245	58	126
478	244	59	127
478	244	60	128
479	245	66	128
479	243	67	129
480	244	66	129
482	244	62	130
483	245	60	129
484	245	59	127
484	246	59	128
484	245	59	127
485	245	60	128
484	244	58	127
484	244	61	128
481	244	61	128
478	244	66	128
474	243	68	132
473	243	71	132
472	244	69	131
472	243	69	132
470	243	68	132
469	244	62	131
468	244	60	132
466	244	59	131
465	245	59	133
464	245	60	135
462	246	59	131
461	249	58	128
457	248	58	124
451	255	61	117
444	251	68	119
439	253	71	118
434	248	77	125
431	257	80	114
429	255	77	114
425	245	81	125
426	249	76	122
429	252	69	124
426	256	71	120
422	261	73	116
421	265	77	113
421	270	75	107
422	271	71	108
420	273	72	108
419	269	70	108
416	276	65	100
422	263	66	113
413	272	71	103
419	262	68	113
415	266	68	110
417	260	63	115
416	265	52	110
414	261	51	112
409	260	54	118
408	261	58	117
400	259	63	117
397	257	64	118
404	257	58	119
403	257	60	117
399	257	63	116
393	258	69	117
389	259	68	116
388	257	71	118
386	257	67	118
387	257	78	119
387	258	73	117
387	259	71	117
387	259	69	117
386	259	68	117
385	258	69	117
386	258	70	115
390	257	67	115
391	258	66	114
395	258	63	116
400	257	59	117
399	257	60	118
401	257	60	119
401	256	59	119
401	256	59	119
401	256	60	119
401	256	59	119
401	256	58	120
401	256	59	120
402	256	58	120
402	255	58	119
402	256	58	119
402	256	58	119
405	255	57	120
406	255	57	119
408	255	56	119
409	256	54	118
409	256	54	118
410	255	54	118
410	255	53	119
411	255	53	119
411	255	53	119
412	255	53	119
413	254	52	119
413	255	52	119
412	254	53	119
413	254	53	121
412	254	53	121
413	254	52	121
413	254	53	121
411	253	53	122
408	253	55	122
407	252	57	123
405	252	58	123
402	251	60	123
398	249	62	124
394	251	66	123
394	250	67	125
391	250	68	125
389	250	70	125
387	249	71	126
386	249	72	125
385	252	73	123
387	250	71	124
386	247	71	128
386	252	71	125
383	248	72	127
384	250	72	125
383	249	70	127
383	250	70	126
382	250	70	127
383	250	70	126
383	251	69	126
383	252	69	124
385	252	68	124
385	252	68	124
386	251	67	125
386	252	68	124
388	252	66	124
387	251	66	125
388	251	65	125
389	251	65	125
389	251	65	125
390	252	64	124
390	251	65	124
390	251	65	124
391	251	64	125
392	252	63	124
392	253	62	122
393	252	62	123
393	252	62	123
394	251	61	124
395	251	61	124
395	250	61	124
396	250	61	124
396	249	61	125
396	250	61	125
397	249	61	125
396	249	61	125
396	248	62	126
397	247	62	128
397	247	62	127
397	247	63	128
396	248	62	126
397	248	62	126
397	248	62	127
397	247	62	128
397	247	62	127
398	247	62	128
398	247	62	128
399	247	61	128
399	247	61	128
400	247	61	128
400	247	61	128
400	247	61	128
401	247	60	128
402	247	60	127
402	246	60	129
402	246	60	130
402	246	60	129
402	245	60	129
402	246	60	129
402	247	60	128
401	247	60	128
401	248	60	127
402	248	59	127
401	248	59	127
401	248	59	127
401	248	59	127
401	248	59	127
401	248	59	127
400	248	59	127
401	248	59	127
400	249	59	126
400	249	58	126
400	250	58	125
401	248	57	126
400	247	58	127
400	249	58	127
400	250	58	125
400	249	58	125
400	249	58	126
399	249	58	125
399	249	57	125
400	250	57	125
400	250	57	125
399	250	57	125
399	250	57	126
400	249	57	126
400	249	57	127
400	249	57	126
400	249	57	126
400	249	57	126
400	249	56	126
400	249	56	126
401	248	55	127
401	249	56	126
401	249	55	126
401	248	56	127
402	248	55	127
402	249	56	126
403	249	56	126
403	249	56	126
403	248	57	127
403	247	58	127
405	247	58	128
405	248	58	127
406	248	58	126
407	249	58	126
408	248	57	127
410	248	57	127
411	247	57	128
411	247	57	127
412	248	57	127
413	248	56	126
413	250	56	125
413	249	55	126
413	250	56	124
413	252	55	122
414	251	55	123
414	254	55	120
414	252	55	122
414	250	56	123
415	249	57	124
414	250	58	123
414	250	59	123
415	251	59	123
416	253	60	120
417	253	59	120
417	253	59	119
418	253	58	120
418	255	58	118
417	258	58	114
410	257	65	116
378	259	76	116
389	257	75	119
404	252	71	126
411	257	69	120
411	256	76	122
409	264	75	113
399	266	79	112
373	267	85	110
354	264	90	109
333	267	86	104
311	264	74	111
298	259	63	118
292	255	59	121
291	254	58	121
289	256	59	118
287	259	60	116
281	258	63	118
273	258	70	119
271	261	72	118
275	261	67	118
275	256	69	123
276	261	70	118
272	259	66	117
271	259	65	117
267	258	76	116
265	256	75	119
263	256	73	119
262	256	66	120
262	255	62	120
262	255	58	120
260	255	55	120
258	255	55	121
257	256	56	120
256	256	55	119
255	257	55	119
253	257	56	119
252	257	57	118
251	258	56	117
248	259	59	117
247	258	59	117
248	259	58	116
249	261	57	114
247	260	58	115
244	262	62	113
241	260	65	115
238	258	67	117
237	258	69	117
235	258	70	118
236	257	70	118
235	258	74	117
241	258	73	116
245	259	74	115
246	259	74	115
246	259	74	115
248	259	73	115
248	263	71	113
246	264	80	115
235	268	94	111
229	272	111	106
221	272	85	105
218	276	77	102
218	272	70	104
220	271	74	105
231	272	90	104
230	270	88	108
229	266	96	114
225	264	102	115
222	267	109	112
204	265	131	116
192	266	129	117
180	264	121	117
177	263	113	118
159	267	96	117
162	269	84	116
138	272	101	112
141	275	95	108
112	264	118	121
102	262	115	121
111	263	93	121
107	263	88	121
99	263	88	122
93	258	71	127
88	257	67	126
81	255	68	128
79	253	70	130
76	253	72	135
74	254	76	134
69	254	78	133
62	256	76	133
56	254	76	134
62	255	74	130
71	256	73	130
91	261	73	124
111	263	75	126
123	261	80	126
137	262	88	124
152	262	89	125
158	263	95	123
159	262	100	125
158	263	99	125
152	263	100	126
145	264	95	125
139	264	83	127
139	264	80	127
141	266	88	126
144	268	96	126
150	267	106	129
158	269	103	127
158	268	96	128
154	268	91	127
149	269	78	125
144	269	65	126
138	270	65	126
129	269	67	126
120	268	73	127
115	268	78	130
113	268	78	132
109	269	79	133
109	271	75	133
105	273	73	135
100	273	75	134
95	273	78	136
90	273	80	136
85	274	82	136
83	272	82	136
88	270	81	136
96	268	79	136
106	268	77	137
116	274	73	134
116	275	76	134
122	276	71	134
119	274	74	134
117	271	75	136
112	266	80	140
113	264	78	140
113	263	78	141
111	262	78	141
111	263	78	141
112	262	77	141
113	263	75	141
111	264	75	140
113	264	74	140
111	264	74	139
113	265	73	138
113	265	71	138
114	266	71	138
115	266	71	138
115	267	71	137
115	266	72	137
115	267	73	137
114	267	74	136
113	267	74	137
107	266	79	137
105	264	79	139
105	263	77	141
106	262	74	142
111	262	69	143
114	262	65	142
117	260	64	144
115	255	64	150
115	249	64	156
118	252	60	152
116	240	62	165
119	244	60	161
120	244	58	161
121	245	57	160
121	243	56	162
123	250	54	155
123	255	54	150
121	254	57	149
120	256	58	147
120	256	59	147
117	256	61	146
115	255	63	147
114	256	64	147
114	257	63	146
113	256	63	145
113	257	64	144
112	257	66	143
112	257	67	143
112	258	67	142
113	257	67	143
112	256	68	144
100	255	77	147
83	252	89	149
79	250	86	149
74	250	87	148
80	249	78	149
83	250	79	147
81	251	82	147
83	250	83	148
81	251	84	147
84	251	84	147
81	252	82	145
78	251	82	146
79	252	79	146
82	250	77	146
89	250	71	144
97	250	66	147
96	251	66	146
95	252	68	145
92	253	75	144
91	251	84	145
91	253	89	145
90	254	91	143
91	253	90	144
93	253	90	143
96	253	87	144
105	252	79	144
118	252	71	144
123	253	72	143
126	254	72	142
129	257	76	140
129	257	83	139
132	259	87	136
133	262	94	132
136	263	97	131
140	264	97	129
147	265	99	129
158	262	91	129
171	262	80	129
184	260	73	132
195	258	64	134
201	256	64	134
206	256	72	132
209	254	83	135
211	254	87	137
213	254	89	137
213	255	92	135
210	256	96	135
232	254	76	135
238	252	75	136
251	253	64	136
251	251	68	138
254	252	71	136
261	250	68	138
266	250	69	137
270	251	70	136
274	253	70	134
278	254	71	134
281	253	70	135
285	252	70	133
290	253	67	132
295	253	65	132
300	253	62	133
303	252	63	135
307	252	64	134
309	253	65	132
311	253	68	133
311	252	72	133
314	253	72	132
315	253	71	132
317	253	71	132
319	254	70	133
321	254	70	133
314	253	71	133
301	253	72	134
288	254	72	134
274	254	71	133
270	253	70	134
270	253	67	134
273	252	61	133
271	253	59	134
273	253	57	134
270	253	55	133
267	253	58	132
266	254	62	131
263	254	67	132
259	252	74	134
255	252	79	135
252	254	80	134
249	254	78	134
242	255	80	136
234	258	78	134
222	260	77	132
222	259	70	132
223	258	70	133
228	258	66	134
237	258	59	135
244	259	55	135
246	260	54	133
248	259	60	134
247	260	68	132
249	258	78	134
249	258	82	135
250	257	87	136
251	257	89	136
252	256	90	136
255	258	89	134
260	258	85	135
264	258	84	136
272	258	77	135
283	258	68	135
288	258	66	136
293	257	62	136
295	257	62	136
296	258	65	136
298	261	68	138
301	264	72	137
306	267	73	135
311	267	74	134
309	269	79	129
317	266	72	129
317	267	73	127
321	266	70	128
325	266	69	127
330	266	67	126
332	266	66	127
336	264	65	127
339	263	66	127
343	264	66	127
343	263	69	128
347	263	73	128
347	263	78	128
350	266	82	122
354	267	84	122
353	263	86	125
357	263	83	126
357	264	85	126
362	261	78	129
366	262	77	129
368	265	75	126
369	265	75	126
371	262	74	129
375	259	71	130
377	257	70	133
379	259	69	131
379	256	69	133
379	258	71	132
379	257	71	133
380	257	71	133
383	256	68	133
383	257	67	133
384	257	67	133
384	256	66	134
381	256	69	134
377	257	71	133
374	257	73	135
371	260	73	136
368	267	75	134
366	270	77	136
363	271	81	136
364	275	76	133
363	274	76	132
360	276	79	129
355	277	80	132
351	281	81	129
349	283	75	129
343	283	68	129
336	281	67	130
331	275	65	132
326	271	68	127
321	271	69	126
319	272	71	127
309	278	80	123
304	280	84	123
296	285	90	119
288	282	95	119
281	280	92	120
276	280	77	118
270	280	75	116
262	281	70	116
255	281	70	117
247	279	75	119
237	277	84	120
226	277	93	120
212	275	103	122
210	273	94	126
204	273	90	126
195	275	85	124
190	274	65	126
184	274	61	126
177	273	64	126
169	274	69	125
151	274	83	126
144	276	89	124
138	277	90	123
133	277	89	123
131	278	84	123
133	277	75	123
132	274	68	125
130	275	66	125
123	275	68	124
112	275	71	124
98	275	83	124
89	276	91	124
82	277	95	124
80	278	91	124
80	277	82	124
77	278	74	124
74	276	69	125
73	276	67	127
68	275	66	126
57	274	74	128
49	274	80	128
46	273	81	129
48	275	77	128
49	277	76	126
50	278	75	125
51	279	77	124
39	279	79	123
34	282	80	121
30	282	84	120
26	283	89	119
29	284	92	117
32	285	95	118
37	283	94	118
41	282	91	121
46	281	85	119
49	280	85	121
60	279	75	121
63	277	76	123
68	276	77	124
76	276	74	124
78	276	78	125
85	274	76	126
90	275	77	124
95	276	73	122
98	277	73	123
100	278	73	123
108	280	79	122
111	279	103	120
115	278	109	123
122	277	105	124
131	276	97	125
146	274	85	128
140	273	93	129
151	273	83	126
162	272	76	127
173	274	69	127
183	273	67	126
190	273	76	126
201	274	80	124
203	276	88	123
206	286	91	112
212	284	92	114
213	280	94	118
220	278	89	120
229	272	82	125
240	272	74	124
246	269	67	127
252	269	61	128
257	270	66	126
258	272	74	123
263	275	75	120
267	276	82	118
275	278	91	118
281	278	86	117
288	277	81	117
292	278	82	115
298	282	80	111
302	288	80	105
303	283	84	110
309	288	83	104
311	286	83	106
317	277	78	115
317	277	79	114
319	273	79	119
321	272	76	118
318	275	82	116
305	278	102	116
304	280	100	113
300	280	106	112
321	278	88	113
328	277	84	114
333	275	84	114
341	272	78	116
348	271	73	118
359	271	83	118
369	270	85	121
375	266	90	125
380	268	83	124
382	266	91	126
381	268	92	124
379	270	95	123
382	269	97	121
369	270	87	122
364	270	82	123
360	269	82	123
360	269	91	124
355	268	85	125
354	269	79	124
346	271	81	122
337	274	91	119
331	275	96	116
322	276	103	115
311	275	110	118
307	273	119	120
295	270	130	124
288	265	124	128
283	263	112	129
274	259	82	135
269	254	78	142
265	248	82	146
260	241	85	153
252	236	89	153
246	237	93	152
237	236	91	152
234	236	83	148
229	238	85	142
217	241	91	146
212	244	82	147
206	246	79	148
200	254	78	141
195	259	73	137
188	265	67	133
185	268	65	130
180	269	64	128
175	270	68	127
174	270	69	128
184	272	69	127
189	273	69	125
191	273	67	125
192	274	67	124
192	274	63	124
189	273	55	124
185	273	57	125
179	272	57	127
167	270	64	128
160	270	69	128
156	270	70	130
149	270	78	132
146	269	79	132
144	269	79	133
142	269	79	134
139	274	72	129
137	275	66	128
135	273	59	129
129	273	60	129
129	272	58	129
123	273	56	129
113	274	63	128
103	274	71	129
98	274	73	131
97	274	72	130
97	274	69	131
94	274	72	132
94	274	69	132
91	274	67	131
90	274	62	129
86	275	61	127
85	276	62	128
83	275	61	127
78	275	64	128
74	274	65	129
71	273	67	129
68	273	67	129
67	273	68	129
64	273	66	130
60	273	69	130
59	273	70	130
58	273	70	130
56	273	69	131
53	273	68	130
51	272	70	132
49	272	67	132
48	272	68	133
46	273	69	133
44	273	68	131
43	274	66	130
43	275	66	131
41	277	67	128
40	278	68	126
40	279	67	125
40	279	68	123
41	279	67	126
40	277	67	127
40	275	68	130
39	272	70	132
39	270	70	136
36	268	72	138
35	266	70	139
33	265	69	140
31	265	71	142
30	266	71	143
28	265	73	141
27	267	74	142
25	264	75	145
24	261	76	150
23	259	75	152
21	262	71	147
18	261	72	149
18	261	70	152
16	260	71	152
9	259	77	155
10	259	75	154
9	260	76	152
10	260	79	151
9	261	79	153
10	262	78	160
2	261	83	161
1	268	84	153
3	272	76	148
0	266	69	150
9	257	70	158
14	259	66	155
10	259	68	159
3	258	75	162
2	257	75	163
0	257	74	162
2	257	69	162
3	259	65	157
5	258	63	158
2	257	65	159
1	258	63	157
1	256	63	160
1	256	62	160
3	255	62	160
5	255	62	160
5	256	63	160
2	256	66	159
0	255	69	160
0	255	73	160
0	255	74	160
0	255	76	162
7	254	79	162
23	255	84	160
35	254	88	161
35	254	93	165
37	253	95	165
40	250	93	169
48	248	91	170
56	248	87	169
64	249	84	166
70	249	84	165
80	248	82	166
88	249	81	166
92	250	81	166
96	248	85	166
105	248	89	166
114	248	88	166
121	248	86	167
121	248	87	167
124	246	84	168
128	245	84	169
129	245	84	169
133	244	83	172
133	244	84	173
135	242	86	175
135	242	87	175
139	242	88	174
141	242	93	175
142	241	95	177
143	241	95	176
146	240	90	177
148	241	90	177
148	241	90	177
149	239	91	179
152	238	91	180
151	240	94	179
159	240	91	185
157	235	92	197
167	238	96	199
166	240	102	196
177	238	98	189
147	242	112	175
184	232	101	183
186	231	100	190
188	223	104	202
185	227	102	207
178	235	95	184
178	236	98	182
184	234	101	183
177	233	104	186
160	234	133	193
164	229	128	199
169	230	123	191
176	230	118	190
177	230	122	191
180	230	124	192
184	230	123	193
188	229	127	192
188	230	132	190
180	232	133	189
172	239	129	188
167	241	123	187
170	239	119	189
177	238	111	190
179	237	111	192
180	238	115	192
186	238	110	193
190	236	107	194
201	237	99	192
209	238	98	191
210	238	104	190
214	238	102	190
221	238	97	188
227	237	95	188
232	238	92	189
236	238	93	190
242	238	94	191
248	238	97	191
250	239	98	191
254	239	96	193
257	239	95	193
260	238	94	194
264	237	93	195
269	235	92	195
274	234	92	197
279	234	92	198
285	233	88	200
294	232	87	201
301	232	85	200
305	234	82	197
309	233	86	197
311	234	97	196
311	233	111	199
310	232	117	201
311	233	122	200
313	233	121	200
314	233	124	200
317	233	124	200
319	232	125	201
323	231	126	201
329	228	126	203
340	227	120	203
356	224	111	206
369	220	101	207
383	214	103	214
393	209	98	216
397	206	93	218
402	209	88	213
406	206	88	220
409	208	94	214
410	212	98	212
411	216	109	208
413	219	120	206
412	221	131	205
413	224	135	202
413	225	135	201
413	227	133	200
415	229	132	199
416	228	133	200
419	228	134	199
425	229	129	198
437	229	121	198
440	232	123	197
439	228	122	199
444	230	120	195
442	229	124	197
444	229	127	198
440	230	130	198
413	235	135	194
402	235	142	193
399	234	142	192
404	234	125	192
403	233	120	193
399	233	116	195
396	232	116	196
395	234	121	195
399	233	120	197
402	232	126	199
410	232	129	199
421	235	127	198
429	233	121	200
441	236	109	200
451	236	115	197
457	240	110	194
463	240	109	194
466	235	101	198
468	233	111	198
470	232	112	197
469	231	117	197
466	233	120	195
471	238	116	189
475	237	114	189
477	236	115	188
482	235	112	188
490	237	104	184
500	232	97	190
509	230	94	193
515	230	86	193
519	228	83	194
518	229	88	195
521	230	92	189
528	229	92	192
530	230	104	192
534	233	109	188
538	234	116	188
539	234	121	188
545	235	121	189
547	231	120	194
547	232	121	193
549	229	121	195
553	228	118	196
558	231	113	194
566	232	106	191
575	231	97	192
582	229	93	195
587	229	91	191
592	233	90	186
596	238	91	182
580	232	111	192
555	230	123	196
537	239	125	187
526	244	121	183
528	244	124	183
530	238	126	184
532	249	125	172
534	230	125	193
535	236	125	188
537	233	118	194
541	245	118	181
544	244	114	181
546	240	115	187
548	237	114	190
550	236	113	192
553	235	110	192
557	236	109	191
562	239	105	187
566	239	104	187
569	239	103	188
572	241	103	185
574	240	102	185
579	240	100	187
580	240	98	187
582	240	98	186
595	238	90	187
600	242	93	184
607	240	88	185
611	242	98	182
613	242	100	183
613	243	107	182
616	244	105	180
616	244	105	181
618	245	104	180
621	244	104	180
625	243	100	182
628	239	99	184
629	237	105	185
633	234	107	186
642	240	105	176
655	238	94	177
655	240	96	177
654	241	98	175
655	241	97	175
647	243	102	176
638	246	108	170
634	247	113	171
627	250	120	171
615	253	131	169
605	254	142	167
587	258	157	162
576	256	170	163
563	256	183	167
550	255	188	167
537	255	191	167
517	254	185	167
511	250	158	173
497	248	132	177
483	246	135	179
467	242	144	182
457	241	154	184
445	241	161	183
424	242	174	181
417	239	170	190
408	236	166	192
397	241	156	188
391	242	133	188
384	238	126	191
376	235	115	193
365	233	100	197
347	231	105	197
322	232	125	197
304	232	144	198
288	232	160	199
273	234	175	198
267	236	177	199
259	236	178	199
255	235	170	199
255	235	159	201
249	232	145	204
255	228	112	208
256	229	97	207
262	229	85	205
262	230	82	206
252	232	92	204
231	231	115	204
211	232	133	205
212	233	132	203
211	234	131	203
209	235	131	202
206	237	132	202
206	236	131	202
204	236	127	202
201	237	120	202
202	237	113	201
199	243	101	194
195	249	90	186
147	273	83	157
161	257	94	180
156	257	87	180
150	244	89	194
143	253	95	179
133	253	102	180
136	248	108	189
127	238	116	203
119	234	123	210
116	236	126	209
117	237	121	207
114	233	120	211
115	234	113	210
118	235	97	207
117	235	89	206
117	238	86	206
110	236	82	208
108	236	79	207
97	238	84	206
88	239	90	205
77	249	98	192
78	252	99	188
78	249	95	194
77	253	96	191
77	248	95	198
77	245	93	200
74	245	91	202
71	248	94	196
70	251	94	193
70	250	93	193
70	245	91	198
68	254	91	192
133	264	67	170
131	265	68	168
136	266	65	163
136	263	64	166
126	262	67	168
89	264	86	174
82	264	96	174
112	267	88	167
111	261	84	167
116	270	79	157
113	268	85	158
115	272	84	159
119	269	90	162
118	273	96	161
126	278	90	160
131	279	82	158
130	275	82	162
125	275	93	163
134	271	88	166
130	271	94	165
126	264	101	172
125	246	105	195
139	248	92	193
147	249	85	190
146	249	87	190
137	250	95	188
144	248	89	190
146	245	90	194
145	239	95	200
143	240	99	199
148	241	98	198
145	241	99	200
144	245	95	193
152	245	94	187
153	246	95	190
155	244	93	193
151	248	93	189
148	253	87	180
152	256	76	176
152	261	72	171
146	266	69	160
145	268	65	157
144	269	66	155
145	268	66	156
140	265	69	161
146	260	77	168
168	260	88	171
167	261	93	171
162	263	96	169
162	265	95	167
174	264	87	167
182	264	84	170
181	263	87	169
183	262	87	170
186	263	87	169
187	263	87	169
189	263	86	169
190	263	89	169
187	261	93	173
187	260	97	175
190	258	99	175
195	259	95	174
203	260	90	173
209	262	87	170
206	261	89	169
211	262	87	170
209	258	89	175
209	255	89	177
209	255	86	177
210	255	84	178
210	255	85	177
210	254	83	178
210	255	83	177
211	258	83	174
214	260	81	172
216	261	83	171
213	262	87	170
213	263	89	170
222	262	83	172
223	259	84	173
223	257	88	176
223	256	89	177
223	257	90	177
223	259	92	177
225	258	90	176
227	260	88	175
228	261	88	174
229	261	86	174
231	261	87	173
232	263	89	171
233	264	90	170
234	264	90	169
235	264	89	169
237	265	87	169
238	262	86	171
239	265	87	167
240	261	86	170
240	265	86	166
241	260	86	169
242	265	85	165
243	260	83	168
244	262	81	164
244	262	78	165
243	261	78	164
243	262	78	165
243	264	77	164
243	263	78	165
242	264	77	165
241	264	77	165
240	264	78	164
239	265	79	163
238	265	80	163
238	265	82	162
236	265	77	163
235	264	77	164
234	265	77	163
232	264	77	162
232	266	79	160
232	267	80	158
231	268	80	157
230	270	81	156
229	270	82	156
226	271	82	155
226	271	82	154
224	270	80	155
223	270	78	155
222	271	75	155
222	270	70	155
221	270	67	156
221	272	65	154
221	272	64	154
220	273	65	153
216	273	69	152
214	274	70	153
211	274	70	152
210	274	68	153
209	275	67	152
208	275	67	152
207	272	66	153
207	273	65	151
206	273	63	152
206	272	61	153
207	272	60	153
207	273	59	153
207	274	59	153
205	274	60	152
206	274	62	152
206	274	63	152
205	273	66	151
205	273	67	151
205	273	68	151
205	272	70	150
207	273	73	149
207	272	77	149
207	271	77	148
212	271	75	149
213	272	74	152
214	272	74	149
216	272	75	152
217	272	77	151
219	271	78	152
221	271	80	153
222	271	81	153
225	271	79	153
227	271	78	154
229	271	74	153
231	271	74	153
231	271	74	153
232	271	74	153
233	271	74	152
233	271	74	153
234	271	72	153
233	271	75	154
237	270	72	154
237	270	71	152
238	271	68	151
238	271	69	152
238	271	69	152
239	271	67	152
239	272	67	151
238	271	68	151
236	271	68	153
236	271	70	154
234	270	71	154
233	270	72	155
231	270	74	156
231	270	75	155
231	270	75	156
230	269	75	156
231	270	75	156
230	270	75	156
230	269	77	155
229	269	83	155
230	268	85	157
230	269	87	158
231	268	88	157
233	269	85	158
235	269	82	157
237	269	82	157
239	269	80	157
241	268	79	157
243	268	78	158
244	267	78	157
245	268	77	157
246	268	77	157
247	268	77	157
248	268	76	157
250	267	74	157
254	268	71	156
258	268	67	155
262	268	63	155
264	269	60	154
265	269	60	154
266	269	60	154
266	269	60	154
267	269	59	154
267	269	59	154
267	269	62	154
264	270	68	152
263	269	71	153
259	268	75	154
267	267	73	156
259	268	76	155
265	268	74	155
266	269	71	154
271	268	62	154
273	267	60	154
273	268	59	154
272	268	59	154
271	268	58	154
269	268	59	154
269	267	59	155
263	268	64	155
248	266	80	157
226	264	100	164
232	266	90	169
243	270	80	163
257	272	72	160
263	272	65	156
264	271	62	155
265	272	62	156
266	274	61	155
267	272	59	155
267	273	59	156
269	273	58	156
270	273	58	157
270	274	57	156
270	273	57	155
271	275	57	154
270	275	58	153
270	278	61	151
271	278	62	149
271	280	65	147
272	281	69	146
274	282	69	146
277	282	70	146
278	282	71	144
282	282	70	144
287	282	67	142
290	283	66	142
294	284	68	141
295	285	72	140
296	285	77	139
297	286	79	138
300	288	78	137
302	289	77	137
304	289	77	136
309	290	74	134
314	289	71	135
317	288	69	135
320	288	70	135
321	287	71	135
321	286	75	136
320	285	76	139
321	285	75	139
323	285	74	139
326	286	71	138
327	287	70	134
328	288	71	132
329	288	71	132
329	288	70	133
329	286	72	134
329	286	72	135
329	285	72	134
329	285	70	134
330	286	70	132
330	288	69	132
331	288	69	131
332	288	69	131
333	289	68	130
333	289	67	129
333	289	67	128
333	289	66	128
334	288	65	129
334	288	64	128
334	287	63	128
334	289	62	127
333	290	61	126
333	291	61	126
333	292	61	124
333	292	61	125
333	292	61	124
334	291	62	124
334	291	62	124
333	291	64	125
333	290	64	125
334	290	63	125
335	290	63	126
335	290	63	125
336	290	63	125
337	289	62	125
337	289	62	125
336	290	63	124
335	289	64	125
334	290	65	126
332	290	66	125
332	290	67	127
332	290	67	126
330	290	67	127
329	290	68	126
328	291	69	125
327	292	71	125
326	292	71	125
326	291	71	125
326	290	71	126
325	292	65	124
325	291	64	125
324	291	63	125
324	291	63	124
324	291	62	124
324	291	62	123
325	291	62	123
325	291	62	124
325	291	62	124
326	291	61	123
326	291	61	123
327	291	60	123
328	291	60	123
328	292	58	123
328	293	58	122
327	294	58	123
327	294	58	122
327	294	54	122
327	294	52	122
325	294	50	121
323	294	52	121
321	294	53	121
318	294	55	121
316	294	58	121
314	293	60	122
313	293	62	122
313	292	62	122
312	293	63	122
312	292	63	122
312	292	63	123
313	292	63	124
313	291	63	124
314	291	62	124
315	291	61	123
314	291	60	121
315	291	59	122
316	291	59	122
315	291	58	122
315	291	59	123
314	290	58	124
312	290	59	124
311	289	60	125
310	289	61	126
306	289	62	125
300	289	68	126
297	289	69	126
296	290	69	126
295	290	69	125
295	290	69	125
295	290	68	126
294	291	66	125
294	291	64	124
294	291	64	125
294	290	63	124
293	290	62	124
294	291	60	124
294	291	59	124
295	292	57	124
296	293	57	123
296	293	53	124
297	293	53	122
297	294	53	121
300	296	53	120
301	295	54	121
302	295	53	121
307	295	49	120
310	296	48	118
312	296	48	119
313	296	48	118
312	297	54	117
311	296	58	118
310	296	60	119
311	296	59	120
310	295	61	121
308	295	64	121
306	296	66	120
304	296	67	120
305	297	67	120
306	297	65	119
304	297	67	120
304	296	68	120
303	297	69	118
305	297	68	118
304	296	69	119
305	297	68	118
306	297	65	118
307	296	63	119
308	297	63	119
307	295	64	121
307	296	64	121
309	294	63	123
309	293	64	124
308	291	64	125
307	291	64	125
304	289	67	127
305	287	66	129
302	288	67	128
300	287	68	129
298	286	69	130
295	286	70	131
293	287	72	131
292	288	72	131
291	288	72	130
291	288	72	130
291	289	73	128
290	291	75	126
290	292	76	125
291	292	77	124
291	293	78	123
290	294	78	123
291	295	78	123
291	295	79	123
291	294	80	124
291	294	80	125
293	293	79	126
293	292	79	127
295	292	78	127
297	291	76	127
300	291	73	126
304	291	69	126
305	291	67	125
306	291	66	125
307	291	66	125
306	291	66	125
306	291	67	125
305	290	67	126
305	290	67	126
306	290	67	126
305	290	68	126
305	291	67	126
305	291	67	126
304	291	67	126
304	291	68	126
304	291	68	125
303	292	68	125
303	292	68	125
303	292	68	125
303	292	68	124
302	292	68	124
301	292	68	124
301	293	68	124
300	293	66	124
300	293	64	124
301	292	60	124
299	293	57	123
299	293	54	123
299	293	52	123
299	293	51	123
299	292	49	124
296	292	50	124
297	292	49	123
297	291	48	124
296	291	47	124
296	291	46	124
296	292	45	124
295	292	45	124
294	291	45	126
292	291	47	126
291	291	47	125
291	291	47	126
289	292	48	126
289	291	49	126
289	291	50	126
287	291	51	125
287	292	52	126
286	291	53	126
286	291	54	127
286	291	53	126
286	291	54	127
285	290	53	128
286	291	52	127
285	291	53	127
284	292	57	126
284	291	58	127
284	291	58	127
284	291	55	127
283	291	54	126
282	292	55	126
279	291	57	127
277	291	58	128
275	291	57	128
276	292	58	127
275	292	58	127
275	292	57	127
274	292	61	127
272	291	58	128
270	292	61	127
266	290	56	129
264	291	55	128
263	290	55	128
259	290	56	128
258	291	56	127
257	291	57	128
256	292	58	127
252	292	60	128
252	292	62	128
253	293	61	127
250	294	63	127
246	294	68	127
243	294	69	127
241	293	72	127
239	294	73	127
241	294	71	126
247	294	65	126
252	294	61	126
256	294	58	125
257	294	58	125
259	293	59	124
259	295	60	124
259	295	63	124
258	295	66	124
259	295	67	124
260	295	65	123
262	296	60	123
265	297	61	122
269	297	70	122
269	295	82	123
269	295	81	123
265	295	81	125
260	297	77	122
255	297	74	123
255	296	75	124
253	297	71	124
255	296	65	125
255	296	64	124
256	296	63	123
257	296	63	124
257	296	64	124
253	297	70	125
243	297	62	124
235	296	59	124
232	296	59	122
231	296	57	123
232	296	55	124
231	296	54	123
231	296	53	123
231	297	53	123
229	297	54	122
229	297	56	123
228	297	56	123
227	298	54	121
225	298	57	120
223	298	56	120
222	298	58	120
220	298	57	121
221	299	60	120
217	298	60	120
214	297	64	120
210	299	66	120
204	299	66	120
201	298	65	121
199	299	61	124
199	300	61	123
197	299	58	123
196	300	57	123
195	299	53	123
195	299	51	124
194	299	48	124
192	298	48	126
190	296	49	126
186	297	51	126
179	297	57	125
173	295	63	127
166	296	69	127
161	297	74	128
157	297	77	128
156	298	78	128
156	299	76	127
156	300	75	126
156	301	75	126
157	301	74	125
155	300	76	126
156	300	75	126
156	300	77	126
156	298	78	127
155	298	79	127
156	299	79	128
156	298	81	128
156	297	82	129
158	296	81	129
163	296	77	129
170	296	72	128
180	296	66	128
184	296	63	128
188	296	64	127
191	296	67	126
192	297	64	126
193	297	65	126
193	296	62	126
194	297	58	126
196	296	59	126
197	296	58	126
200	296	56	127
201	296	55	125
203	297	54	125
205	297	55	124
205	297	57	123
208	297	55	122
208	297	56	121
211	297	54	121
213	297	53	121
214	297	53	122
214	296	55	122
212	296	54	123
214	297	54	122
215	297	55	123
218	297	56	123
220	298	57	121
222	298	56	120
220	298	56	121
224	299	61	119
236	300	64	118
243	301	62	118
211	299	57	120
210	299	62	120
209	299	63	119
207	299	62	120
206	298	63	121
204	298	63	122
205	296	61	123
203	297	62	123
202	296	62	122
201	297	63	121
199	297	63	121
197	296	63	122
193	296	66	123
191	296	68	124
190	296	69	125
189	296	68	126
189	296	69	126
189	296	67	126
188	297	65	125
186	297	63	125
185	297	63	124
184	296	61	125
183	296	59	125
180	296	58	126
177	296	57	126
173	296	58	125
169	296	58	125
165	297	62	126
163	297	61	125
161	297	59	125
160	298	61	124
156	298	62	124
153	298	62	124
150	298	61	125
147	297	63	125
145	295	64	126
143	295	66	128
141	294	66	127
138	296	68	125
136	297	69	125
134	297	69	124
134	298	70	126
134	298	67	125
133	298	66	127
133	298	63	125
132	298	61	122
132	299	59	124
132	299	59	125
130	298	60	125
129	296	61	128
127	295	61	130
125	295	62	128
124	294	63	129
120	294	66	129
118	294	67	131
115	294	69	133
113	294	69	134
111	295	71	133
109	295	72	133
106	294	70	134
105	294	69	135
105	294	65	135
105	294	63	137
104	294	64	137
103	293	64	137
104	293	62	137
104	293	62	139
103	293	61	139
104	294	60	139
103	293	60	138
103	293	59	138
103	293	58	137
102	294	58	135
102	295	57	134
101	295	57	133
101	296	57	132
102	296	59	133
102	295	62	133
100	296	59	133
103	296	62	133
101	296	58	134
101	297	60	132
98	297	62	132
93	299	64	132
95	298	65	132
102	298	61	132
101	300	62	131
103	299	64	131
103	300	66	131
99	300	72	132
99	299	74	132
100	300	77	131
98	301	77	131
101	300	73	133
104	300	70	132
103	299	71	133
106	299	68	133
112	299	63	132
119	299	58	133
123	300	58	132
124	301	59	131
125	300	61	132
124	301	62	131
122	301	63	129
122	301	64	130
121	301	64	129
123	300	63	129
124	301	62	130
127	301	60	129
130	301	55	128
133	301	53	128
135	302	52	127
134	302	53	127
128	301	53	127
126	302	54	127
126	302	55	126
124	301	58	127
124	300	60	127
125	300	63	127
124	300	67	128
126	300	67	128
126	299	67	129
127	299	66	129
130	299	64	130
132	299	64	129
131	300	61	128
132	299	59	127
132	299	55	128
133	300	55	127
134	300	53	127
135	301	51	125
135	301	52	125
137	302	52	126
138	301	51	125
140	302	50	125
139	302	50	125
140	301	49	125
141	301	48	125
142	302	48	125
143	301	48	125
144	301	50	124
147	301	49	123
150	301	49	122
151	301	50	124
153	301	48	123
154	301	48	123
156	301	47	123
157	301	46	123
157	301	47	123
157	301	47	124
158	301	48	123
158	302	48	124
159	301	48	124
160	302	48	123
162	302	46	123
165	300	44	125
165	301	45	125
165	301	45	124
166	300	44	125
167	300	44	126
167	299	44	126
167	300	44	125
168	299	43	125
169	299	43	125
169	299	43	125
168	298	43	126
168	298	44	125
168	297	44	127
168	299	44	125
166	300	46	124
166	301	45	125
164	300	47	126
163	301	48	125
166	301	55	126
165	301	59	127
172	302	63	125
180	304	65	122
187	301	62	125
186	300	63	126
184	301	64	127
183	302	66	125
180	300	66	126
176	301	69	125
174	301	70	125
172	300	70	127
170	298	72	129
169	297	73	130
169	297	73	129
169	298	70	128
168	298	69	128
167	299	70	128
165	297	71	129
166	297	70	130
166	297	68	130
167	297	64	130
167	296	63	130
169	296	61	130
168	297	60	130
168	296	61	130
167	299	62	128
170	306	58	121
170	306	58	119
174	308	55	116
174	304	56	120
172	301	61	122
164	304	73	120
160	300	83	126
159	291	87	135
157	298	94	128
158	295	92	130
158	296	92	130
160	296	91	130
161	296	89	130
164	294	86	133
168	291	82	134
170	291	81	134
172	295	80	130
172	297	80	128
172	301	79	125
171	299	79	127
173	293	78	133
173	296	77	130
174	300	76	126
176	304	74	121
182	304	68	121
190	302	63	124
194	301	58	123
194	300	58	123
197	300	58	123
194	299	60	124
193	298	61	126
193	298	60	127
193	298	58	127
193	298	55	125
192	299	55	125
193	298	54	125
197	298	54	125
199	298	54	126
199	298	53	125
199	297	52	125
198	297	51	125
196	297	52	126
196	296	53	126
195	296	54	127
193	297	56	127
192	296	58	128
191	295	59	129
190	295	60	130
187	295	62	130
187	295	61	131
185	295	60	131
187	295	57	130
184	295	58	130
183	295	60	130
182	295	61	131
180	295	63	130
179	295	63	130
177	295	66	131
176	295	67	132
174	295	68	132
174	295	69	132
173	295	69	131
172	295	65	131
171	295	65	130
170	295	65	130
169	295	64	129
169	296	64	129
168	296	62	130
166	297	61	129
164	297	60	129
162	298	59	128
163	297	57	128
162	298	57	127
162	299	56	127
161	299	56	128
161	298	56	128
160	298	56	128
160	297	56	128
159	298	57	127
158	298	57	128
157	298	58	128
157	298	59	127
155	297	60	128
154	297	61	128
151	297	64	128
149	297	65	130
147	296	65	130
145	297	65	131
145	297	65	130
145	296	63	130
145	297	63	130
142	297	64	130
140	296	66	132
139	295	67	131
137	296	68	132
135	295	68	133
133	295	68	133
131	294	68	134
131	294	66	134
130	295	64	134
129	295	63	133
128	295	64	133
128	294	63	134
128	295	63	134
128	294	63	135
128	295	63	135
127	295	63	135
128	294	62	134
127	294	61	135
127	294	61	135
127	294	61	135
127	294	61	136
127	293	61	136
126	293	61	137
125	293	63	136
124	292	64	136
124	292	64	137
125	292	64	138
125	292	64	138
125	292	64	139
125	291	64	141
123	291	65	141
122	291	65	141
123	291	65	141
124	291	65	141
123	291	64	142
122	291	65	141
121	292	65	140
120	291	66	141
118	291	67	141
116	290	67	143
115	291	67	144
114	290	67	143
115	290	67	144
113	291	67	143
112	290	66	143
112	291	66	143
111	290	65	143
111	290	64	142
110	290	63	142
110	290	64	142
111	290	63	144
110	290	63	144
110	290	62	144
110	290	61	144
110	290	61	145
110	290	61	144
109	290	61	145
109	290	62	145
108	289	63	146
107	289	64	147
106	289	64	146
106	288	65	146
105	288	65	145
105	288	65	145
105	288	65	145
105	287	66	146
103	286	66	147
104	286	65	148
103	287	65	149
102	287	66	149
101	286	66	150
101	286	65	150
99	287	65	150
98	287	68	150
96	286	69	150
93	287	72	149
92	287	73	149
91	286	74	149
90	287	75	150
89	287	76	150
88	286	78	150
88	286	79	150
88	286	78	150
88	286	78	150
88	286	76	150
87	287	72	150
88	288	69	149
88	288	66	149
89	288	62	148
90	288	59	147
91	289	58	149
92	289	55	148
92	289	55	150
95	288	53	150
95	290	53	149
97	289	51	149
99	290	51	149
100	290	50	147
101	290	50	147
102	290	50	146
101	289	52	146
101	291	54	146
101	292	58	146
103	293	63	142
102	292	67	136
106	290	67	137
103	287	67	144
102	290	67	150
111	292	61	149
116	295	60	140
118	295	62	137
120	296	65	137
124	295	63	139
127	295	63	137
130	295	63	138
137	294	58	138
139	295	56	139
137	294	60	140
143	294	63	144
142	294	69	145
146	293	70	146
138	298	79	141
133	298	88	141
133	301	92	137
141	305	82	133
152	301	81	136
159	302	73	134
161	302	72	132
161	303	73	132
166	304	77	126
169	303	77	129
173	299	83	136
175	298	89	139
174	300	97	136
176	296	100	142
177	288	101	149
181	282	96	155
185	285	86	152
191	294	75	142
192	300	67	134
191	301	67	127
192	304	70	123
195	305	67	120
202	300	64	124
213	299	56	126
218	300	56	123
222	295	56	135
225	291	57	143
227	289	57	146
228	290	55	143
230	289	56	137
230	293	60	135
232	295	60	136
230	299	62	131
229	303	68	124
231	308	67	118
240	315	59	111
240	320	55	105
243	321	57	104
245	317	69	110
247	289	84	137
247	293	95	140
248	290	100	143
259	299	90	132
263	300	89	129
286	301	70	130
288	302	76	122
300	300	74	123
307	304	82	117
312	306	96	112
313	306	105	115
314	305	108	113
325	307	99	111
340	307	85	110
356	308	72	109
361	307	69	110
365	307	66	110
367	307	64	110
365	306	66	112
367	304	66	116
368	302	67	117
368	301	68	118
369	300	67	118
373	300	66	116
375	299	66	115
377	300	66	115
379	299	64	116
380	298	64	117
381	297	64	118
382	297	63	118
381	304	64	111
384	304	62	112
385	304	63	110
386	304	64	110
388	305	65	108
390	306	63	108
391	306	62	108
392	304	58	108
392	304	59	109
393	304	58	109
392	303	58	110
392	303	57	110
394	304	57	108
393	305	58	106
394	304	56	106
395	305	55	105
395	306	55	104
396	306	55	103
395	305	54	104
394	305	56	105
394	304	55	105
394	305	54	105
395	306	54	105
395	307	54	104
395	306	56	104
393	303	55	107
388	297	56	113
388	294	63	119
380	299	71	114
376	297	72	117
370	298	78	116
365	297	84	117
365	295	82	120
363	295	83	121
395	303	57	108
400	303	51	108
401	305	50	104
402	306	50	104
402	306	50	104
401	306	51	104
